no_flush,69168.0,1934.0,231.0,250.0,487.0,277.0,281.0,297.0,246.0,286.0,308.0,280.0,224.0,276.0,250.0,268.0,242.0,235.0,269.0,275.0,367.0,287.0,359.0,272.0,254.0,292.0,345.0,257.0,296.0,290.0,307.0,238.0,251.0,230.0,285.0,277.0,291.0,256.0,238.0,267.0,233.0,272.0,232.0,253.0,327.0,279.0,253.0,285.0,260.0,238.0,260.0,364.0,261.0,272.0,256.0,11047.0,336.0,245.0,267.0,287.0
no_flush,492.0,258.0,326.0,243.0,242.0,265.0,241.0,253.0,239.0,290.0,240.0,223.0,224.0,241.0,238.0,245.0,267.0,249.0,297.0,245.0,295.0,227.0,226.0,310.0,240.0,246.0,244.0,369.0,239.0,246.0,288.0,235.0,241.0,233.0,238.0,297.0,252.0,275.0,237.0,328.0,238.0,245.0,241.0,243.0,166.0,269.0,261.0,323.0,277.0,311.0,255.0,320.0,261.0,290.0,253.0,263.0,270.0,263.0,333.0,261.0
no_flush,378.0,245.0,252.0,247.0,251.0,260.0,234.0,255.0,268.0,259.0,260.0,263.0,260.0,182.0,253.0,248.0,237.0,260.0,261.0,256.0,261.0,275.0,262.0,257.0,248.0,257.0,247.0,248.0,254.0,348.0,253.0,331.0,247.0,254.0,248.0,264.0,257.0,291.0,353.0,248.0,256.0,273.0,159.0,260.0,248.0,265.0,268.0,242.0,262.0,255.0,254.0,264.0,259.0,261.0,247.0,258.0,228.0,253.0,254.0,251.0
no_flush,367.0,259.0,253.0,259.0,287.0,254.0,270.0,243.0,258.0,239.0,251.0,260.0,251.0,240.0,248.0,249.0,243.0,252.0,196.0,173.0,269.0,276.0,258.0,256.0,252.0,345.0,252.0,257.0,256.0,247.0,255.0,228.0,317.0,250.0,258.0,259.0,238.0,223.0,279.0,336.0,257.0,258.0,253.0,256.0,294.0,259.0,254.0,302.0,264.0,263.0,258.0,245.0,256.0,262.0,262.0,260.0,232.0,263.0,255.0,249.0
no_flush,330.0,252.0,254.0,218.0,247.0,245.0,222.0,302.0,246.0,267.0,264.0,220.0,273.0,136.0,323.0,263.0,339.0,259.0,257.0,252.0,253.0,220.0,267.0,340.0,251.0,261.0,273.0,265.0,254.0,262.0,342.0,229.0,272.0,264.0,255.0,258.0,281.0,330.0,254.0,253.0,252.0,253.0,245.0,261.0,137.0,266.0,222.0,244.0,261.0,256.0,255.0,330.0,156.0,270.0,255.0,349.0,250.0,259.0,259.0,249.0
no_flush,246.0,260.0,223.0,232.0,238.0,246.0,340.0,272.0,261.0,245.0,233.0,218.0,212.0,330.0,249.0,232.0,223.0,262.0,253.0,253.0,319.0,249.0,208.0,263.0,248.0,228.0,228.0,313.0,230.0,245.0,255.0,269.0,244.0,235.0,308.0,232.0,219.0,206.0,230.0,282.0,219.0,291.0,213.0,213.0,192.0,243.0,210.0,235.0,335.0,238.0,219.0,232.0,212.0,210.0,242.0,293.0,209.0,227.0,236.0,236.0
no_flush,409.0,234.0,226.0,255.0,380.0,275.0,271.0,251.0,259.0,257.0,301.0,303.0,243.0,283.0,286.0,261.0,250.0,250.0,260.0,263.0,266.0,265.0,251.0,298.0,286.0,255.0,282.0,231.0,254.0,272.0,262.0,253.0,265.0,366.0,284.0,254.0,256.0,228.0,247.0,255.0,326.0,270.0,247.0,287.0,285.0,263.0,253.0,315.0,261.0,264.0,264.0,266.0,262.0,248.0,302.0,257.0,241.0,226.0,240.0,247.0
no_flush,291.0,250.0,243.0,223.0,229.0,317.0,219.0,225.0,223.0,250.0,263.0,270.0,226.0,233.0,255.0,238.0,247.0,261.0,256.0,322.0,288.0,261.0,243.0,253.0,319.0,245.0,314.0,215.0,261.0,245.0,252.0,238.0,234.0,307.0,250.0,248.0,245.0,211.0,232.0,290.0,296.0,214.0,531.0,236.0,245.0,245.0,240.0,304.0,239.0,260.0,268.0,263.0,217.0,283.0,491.0,301.0,317.0,277.0,290.0,315.0
no_flush,319.0,360.0,280.0,385.0,319.0,306.0,400.0,293.0,297.0,305.0,286.0,324.0,288.0,368.0,318.0,313.0,316.0,282.0,281.0,294.0,299.0,300.0,256.0,271.0,377.0,308.0,329.0,287.0,274.0,280.0,308.0,354.0,292.0,281.0,283.0,286.0,282.0,267.0,258.0,281.0,244.0,297.0,314.0,282.0,284.0,310.0,296.0,267.0,291.0,330.0,296.0,291.0,261.0,260.0,265.0,262.0,253.0,231.0,246.0,275.0
no_flush,244.0,232.0,233.0,242.0,236.0,245.0,244.0,231.0,310.0,242.0,246.0,272.0,233.0,247.0,328.0,323.0,255.0,246.0,244.0,245.0,263.0,261.0,305.0,236.0,241.0,244.0,246.0,217.0,234.0,241.0,258.0,258.0,233.0,240.0,254.0,241.0,247.0,225.0,239.0,248.0,264.0,148.0,233.0,235.0,308.0,242.0,249.0,224.0,247.0,243.0,260.0,326.0,225.0,233.0,242.0,242.0,236.0,245.0,307.0,245.0
no_flush,244.0,248.0,241.0,255.0,242.0,289.0,301.0,293.0,241.0,238.0,256.0,255.0,224.0,241.0,313.0,263.0,268.0,248.0,248.0,241.0,250.0,245.0,260.0,236.0,242.0,244.0,259.0,223.0,250.0,340.0,361.0,483.0,250.0,251.0,246.0,240.0,330.0,236.0,241.0,247.0,244.0,239.0,247.0,311.0,240.0,246.0,264.0,251.0,238.0,238.0,252.0,245.0,230.0,250.0,237.0,236.0,263.0,232.0,244.0,245.0
no_flush,286.0,240.0,251.0,235.0,385.0,239.0,247.0,262.0,235.0,248.0,282.0,261.0,237.0,242.0,255.0,329.0,247.0,234.0,242.0,244.0,246.0,262.0,285.0,287.0,267.0,252.0,245.0,251.0,264.0,233.0,249.0,259.0,238.0,238.0,291.0,237.0,285.0,257.0,238.0,245.0,242.0,259.0,249.0,282.0,246.0,242.0,245.0,220.0,234.0,247.0,245.0,240.0,258.0,244.0,246.0,254.0,255.0,238.0,289.0,245.0
no_flush,274.0,222.0,219.0,230.0,245.0,246.0,563.0,236.0,235.0,250.0,248.0,244.0,233.0,244.0,243.0,292.0,245.0,267.0,265.0,252.0,243.0,243.0,284.0,236.0,280.0,259.0,242.0,266.0,253.0,321.0,245.0,247.0,231.0,258.0,283.0,245.0,317.0,266.0,255.0,249.0,240.0,234.0,231.0,269.0,234.0,257.0,247.0,271.0,241.0,245.0,282.0,239.0,252.0,233.0,234.0,280.0,271.0,258.0,260.0,245.0
no_flush,242.0,230.0,253.0,281.0,244.0,243.0,237.0,219.0,244.0,242.0,316.0,256.0,260.0,253.0,255.0,245.0,243.0,306.0,237.0,254.0,251.0,242.0,221.0,252.0,320.0,251.0,249.0,253.0,244.0,255.0,239.0,330.0,228.0,262.0,248.0,255.0,246.0,218.0,322.0,245.0,235.0,237.0,227.0,146.0,256.0,319.0,240.0,241.0,235.0,250.0,240.0,277.0,271.0,264.0,384.0,236.0,240.0,273.0,234.0,315.0
no_flush,242.0,219.0,227.0,234.0,246.0,290.0,236.0,230.0,284.0,253.0,238.0,250.0,215.0,231.0,247.0,264.0,264.0,237.0,269.0,256.0,254.0,261.0,288.0,237.0,243.0,260.0,234.0,229.0,260.0,317.0,239.0,243.0,236.0,265.0,253.0,251.0,334.0,224.0,271.0,245.0,242.0,242.0,245.0,325.0,245.0,296.0,273.0,226.0,272.0,255.0,320.0,251.0,224.0,264.0,244.0,246.0,255.0,315.0,254.0,252.0
no_flush,305.0,228.0,284.0,233.0,273.0,336.0,242.0,224.0,239.0,285.0,245.0,239.0,233.0,235.0,282.0,256.0,308.0,233.0,244.0,252.0,232.0,239.0,232.0,313.0,267.0,248.0,232.0,241.0,245.0,241.0,314.0,238.0,157.0,248.0,264.0,254.0,249.0,258.0,222.0,241.0,244.0,268.0,256.0,256.0,262.0,244.0,243.0,243.0,234.0,251.0,242.0,239.0,348.0,251.0,246.0,239.0,239.0,238.0,227.0,247.0
no_flush,409.0,231.0,274.0,219.0,241.0,463.0,314.0,398.0,232.0,268.0,257.0,242.0,250.0,222.0,247.0,247.0,242.0,244.0,230.0,266.0,242.0,239.0,236.0,229.0,244.0,234.0,228.0,245.0,217.0,246.0,236.0,247.0,251.0,242.0,252.0,268.0,244.0,254.0,240.0,260.0,259.0,247.0,240.0,222.0,247.0,232.0,233.0,238.0,228.0,446.0,258.0,289.0,244.0,226.0,242.0,244.0,235.0,245.0,222.0,245.0
no_flush,244.0,222.0,288.0,227.0,253.0,255.0,244.0,237.0,315.0,253.0,235.0,246.0,239.0,220.0,249.0,315.0,242.0,252.0,220.0,244.0,253.0,244.0,250.0,233.0,249.0,256.0,235.0,252.0,219.0,252.0,285.0,267.0,361.0,235.0,250.0,250.0,246.0,249.0,225.0,249.0,239.0,238.0,235.0,223.0,248.0,254.0,252.0,234.0,227.0,241.0,380.0,234.0,232.0,228.0,231.0,258.0,253.0,296.0,230.0,252.0
no_flush,287.0,224.0,222.0,244.0,247.0,235.0,234.0,239.0,237.0,241.0,331.0,245.0,243.0,247.0,234.0,330.0,238.0,301.0,241.0,246.0,260.0,259.0,260.0,205.0,294.0,255.0,236.0,261.0,245.0,242.0,241.0,327.0,249.0,240.0,240.0,241.0,247.0,239.0,303.0,233.0,249.0,259.0,287.0,247.0,238.0,317.0,237.0,230.0,235.0,247.0,240.0,233.0,328.0,240.0,228.0,240.0,266.0,239.0,243.0,267.0
no_flush,245.0,227.0,268.0,240.0,245.0,243.0,259.0,253.0,240.0,304.0,239.0,240.0,246.0,235.0,239.0,237.0,318.0,239.0,270.0,242.0,238.0,248.0,241.0,263.0,242.0,238.0,261.0,240.0,236.0,236.0,319.0,249.0,257.0,236.0,236.0,239.0,258.0,339.0,233.0,247.0,245.0,247.0,240.0,235.0,306.0,234.0,258.0,256.0,233.0,244.0,241.0,302.0,249.0,233.0,234.0,236.0,255.0,246.0,322.0,244.0
no_flush,242.0,233.0,248.0,236.0,231.0,232.0,238.0,235.0,308.0,220.0,217.0,227.0,218.0,224.0,222.0,218.0,219.0,223.0,226.0,217.0,217.0,259.0,221.0,222.0,204.0,204.0,202.0,218.0,214.0,203.0,206.0,205.0,207.0,217.0,209.0,204.0,211.0,207.0,211.0,211.0,202.0,199.0,212.0,206.0,206.0,204.0,205.0,203.0,211.0,203.0,203.0,245.0,208.0,208.0,204.0,207.0,201.0,206.0,212.0,205.0
no_flush,466.0,227.0,235.0,316.0,240.0,237.0,241.0,269.0,239.0,255.0,373.0,244.0,247.0,238.0,238.0,238.0,236.0,304.0,235.0,296.0,227.0,345.0,238.0,234.0,303.0,236.0,322.0,263.0,253.0,242.0,245.0,408.0,231.0,251.0,238.0,238.0,339.0,253.0,303.0,232.0,236.0,319.0,234.0,230.0,227.0,313.0,322.0,233.0,233.0,240.0,235.0,327.0,309.0,237.0,233.0,237.0,328.0,229.0,237.0,298.0
no_flush,259.0,202.0,209.0,240.0,241.0,268.0,246.0,237.0,242.0,244.0,241.0,228.0,238.0,319.0,225.0,214.0,211.0,218.0,242.0,211.0,222.0,217.0,215.0,244.0,1024.0,268.0,253.0,290.0,289.0,253.0,279.0,242.0,208.0,296.0,575.0,282.0,317.0,313.0,517.0,332.0,297.0,312.0,323.0,322.0,311.0,393.0,294.0,311.0,300.0,304.0,319.0,296.0,332.0,454.0,280.0,298.0,262.0,238.0,276.0,268.0
no_flush,342.0,240.0,260.0,264.0,288.0,288.0,291.0,274.0,334.0,586.0,275.0,277.0,255.0,279.0,336.0,309.0,278.0,269.0,342.0,575.0,254.0,319.0,250.0,255.0,400.0,285.0,246.0,297.0,274.0,414.0,329.0,276.0,323.0,372.0,215.0,232.0,232.0,234.0,243.0,273.0,238.0,235.0,260.0,243.0,279.0,232.0,238.0,236.0,146.0,227.0,239.0,301.0,238.0,243.0,237.0,237.0,251.0,238.0,310.0,255.0
no_flush,265.0,206.0,232.0,235.0,256.0,250.0,236.0,246.0,251.0,227.0,233.0,240.0,236.0,247.0,249.0,246.0,269.0,304.0,258.0,235.0,238.0,242.0,286.0,247.0,253.0,250.0,242.0,240.0,240.0,229.0,233.0,234.0,230.0,240.0,256.0,259.0,233.0,261.0,247.0,230.0,246.0,238.0,233.0,246.0,266.0,305.0,240.0,237.0,239.0,228.0,249.0,249.0,318.0,247.0,259.0,278.0,266.0,326.0,252.0,296.0
no_flush,281.0,211.0,236.0,309.0,237.0,233.0,248.0,238.0,237.0,227.0,350.0,229.0,244.0,245.0,229.0,243.0,304.0,335.0,243.0,233.0,257.0,245.0,235.0,244.0,299.0,257.0,250.0,237.0,242.0,222.0,232.0,341.0,240.0,243.0,238.0,240.0,233.0,236.0,241.0,228.0,260.0,256.0,235.0,246.0,233.0,324.0,266.0,255.0,249.0,280.0,263.0,339.0,340.0,243.0,224.0,232.0,235.0,241.0,247.0,323.0
no_flush,240.0,209.0,227.0,246.0,229.0,245.0,240.0,247.0,239.0,230.0,236.0,241.0,238.0,310.0,222.0,255.0,248.0,240.0,243.0,221.0,312.0,237.0,229.0,247.0,244.0,257.0,259.0,307.0,248.0,224.0,231.0,231.0,232.0,244.0,315.0,255.0,240.0,244.0,255.0,232.0,230.0,316.0,303.0,243.0,231.0,247.0,259.0,240.0,245.0,232.0,246.0,259.0,241.0,244.0,224.0,232.0,260.0,239.0,244.0,228.0
no_flush,342.0,239.0,228.0,237.0,220.0,232.0,252.0,244.0,137.0,229.0,228.0,241.0,243.0,243.0,243.0,238.0,238.0,230.0,239.0,228.0,232.0,259.0,258.0,247.0,229.0,236.0,268.0,239.0,242.0,221.0,231.0,252.0,256.0,246.0,230.0,229.0,232.0,237.0,324.0,226.0,317.0,267.0,238.0,247.0,218.0,236.0,237.0,230.0,235.0,227.0,238.0,259.0,243.0,241.0,224.0,232.0,250.0,245.0,243.0,219.0
no_flush,248.0,202.0,221.0,238.0,227.0,225.0,239.0,266.0,239.0,220.0,231.0,227.0,233.0,237.0,305.0,231.0,237.0,231.0,244.0,216.0,231.0,301.0,236.0,243.0,225.0,236.0,254.0,244.0,288.0,270.0,229.0,251.0,238.0,237.0,251.0,325.0,233.0,260.0,288.0,229.0,241.0,240.0,294.0,239.0,214.0,232.0,240.0,255.0,240.0,265.0,261.0,247.0,234.0,237.0,213.0,226.0,229.0,257.0,239.0,256.0
no_flush,299.0,207.0,238.0,248.0,255.0,223.0,233.0,235.0,311.0,226.0,234.0,234.0,258.0,244.0,212.0,301.0,233.0,230.0,250.0,213.0,230.0,242.0,292.0,251.0,237.0,236.0,244.0,241.0,250.0,286.0,255.0,266.0,256.0,255.0,268.0,235.0,257.0,238.0,246.0,232.0,247.0,235.0,255.0,290.0,221.0,239.0,261.0,242.0,246.0,396.0,239.0,231.0,254.0,252.0,221.0,247.0,233.0,299.0,249.0,221.0
no_flush,293.0,205.0,340.0,315.0,214.0,211.0,209.0,252.0,269.0,211.0,288.0,208.0,210.0,216.0,206.0,212.0,206.0,273.0,218.0,205.0,209.0,232.0,210.0,239.0,321.0,211.0,211.0,217.0,219.0,209.0,209.0,243.0,205.0,225.0,212.0,209.0,208.0,210.0,252.0,210.0,215.0,219.0,213.0,220.0,216.0,244.0,211.0,206.0,217.0,208.0,221.0,204.0,274.0,208.0,206.0,208.0,204.0,204.0,212.0,231.0
no_flush,336.0,205.0,215.0,221.0,282.0,230.0,231.0,233.0,245.0,225.0,227.0,228.0,242.0,266.0,251.0,314.0,281.0,234.0,241.0,317.0,267.0,229.0,230.0,259.0,231.0,312.0,234.0,226.0,246.0,247.0,228.0,243.0,298.0,243.0,245.0,216.0,232.0,234.0,249.0,267.0,227.0,234.0,231.0,263.0,261.0,221.0,262.0,245.0,246.0,239.0,216.0,231.0,230.0,356.0,261.0,230.0,251.0,235.0,238.0,236.0
no_flush,239.0,203.0,221.0,241.0,233.0,217.0,232.0,233.0,245.0,263.0,234.0,253.0,237.0,242.0,253.0,278.0,248.0,235.0,244.0,258.0,226.0,231.0,232.0,247.0,236.0,218.0,233.0,228.0,241.0,264.0,231.0,232.0,239.0,268.0,245.0,215.0,234.0,244.0,244.0,269.0,235.0,256.0,241.0,255.0,244.0,253.0,255.0,242.0,245.0,263.0,233.0,237.0,226.0,242.0,233.0,226.0,232.0,225.0,235.0,261.0
no_flush,245.0,208.0,227.0,249.0,266.0,322.0,239.0,242.0,248.0,283.0,266.0,252.0,324.0,248.0,258.0,239.0,243.0,231.0,230.0,274.0,217.0,230.0,232.0,242.0,249.0,246.0,315.0,238.0,245.0,233.0,225.0,234.0,227.0,304.0,242.0,253.0,256.0,245.0,250.0,244.0,303.0,240.0,231.0,245.0,235.0,256.0,231.0,236.0,247.0,247.0,222.0,237.0,235.0,243.0,443.0,240.0,237.0,232.0,234.0,238.0
no_flush,350.0,206.0,276.0,240.0,211.0,291.0,232.0,214.0,218.0,238.0,257.0,311.0,219.0,221.0,214.0,231.0,209.0,216.0,303.0,218.0,211.0,214.0,208.0,214.0,209.0,199.0,202.0,205.0,209.0,207.0,206.0,234.0,208.0,211.0,207.0,207.0,203.0,207.0,216.0,212.0,236.0,216.0,210.0,222.0,211.0,209.0,231.0,236.0,213.0,208.0,254.0,251.0,227.0,233.0,218.0,224.0,217.0,301.0,229.0,218.0
no_flush,293.0,204.0,237.0,246.0,267.0,258.0,244.0,255.0,250.0,243.0,213.0,233.0,238.0,250.0,244.0,242.0,262.0,248.0,247.0,241.0,217.0,227.0,237.0,247.0,245.0,232.0,249.0,231.0,243.0,242.0,229.0,239.0,239.0,239.0,253.0,221.0,341.0,251.0,246.0,238.0,224.0,237.0,229.0,340.0,237.0,222.0,253.0,241.0,242.0,236.0,287.0,233.0,232.0,240.0,215.0,217.0,264.0,300.0,230.0,225.0
no_flush,241.0,250.0,228.0,238.0,220.0,206.0,228.0,216.0,226.0,223.0,210.0,247.0,234.0,300.0,249.0,236.0,238.0,255.0,289.0,271.0,263.0,245.0,229.0,238.0,229.0,215.0,210.0,218.0,239.0,242.0,231.0,245.0,237.0,241.0,227.0,213.0,218.0,223.0,232.0,213.0,230.0,226.0,259.0,237.0,250.0,231.0,227.0,226.0,267.0,233.0,212.0,252.0,306.0,238.0,279.0,228.0,217.0,218.0,229.0,225.0
no_flush,472.0,233.0,255.0,395.0,270.0,247.0,349.0,311.0,301.0,288.0,252.0,254.0,295.0,293.0,397.0,288.0,275.0,288.0,286.0,266.0,281.0,267.0,260.0,316.0,296.0,373.0,273.0,295.0,290.0,276.0,280.0,272.0,338.0,281.0,279.0,287.0,267.0,283.0,273.0,285.0,280.0,257.0,275.0,277.0,263.0,274.0,288.0,285.0,284.0,328.0,294.0,279.0,284.0,270.0,266.0,309.0,316.0,212.0,124.0,314.0
no_flush,333.0,244.0,280.0,323.0,339.0,286.0,237.0,242.0,247.0,242.0,242.0,276.0,249.0,258.0,248.0,243.0,229.0,246.0,235.0,239.0,245.0,232.0,154.0,248.0,123.0,239.0,218.0,203.0,239.0,238.0,237.0,237.0,247.0,256.0,245.0,239.0,225.0,243.0,240.0,253.0,246.0,252.0,254.0,242.0,272.0,263.0,322.0,250.0,249.0,244.0,255.0,227.0,237.0,263.0,252.0,238.0,230.0,235.0,235.0,255.0
no_flush,265.0,204.0,236.0,249.0,258.0,240.0,228.0,315.0,265.0,246.0,234.0,224.0,239.0,246.0,320.0,231.0,227.0,244.0,234.0,241.0,232.0,307.0,245.0,239.0,235.0,237.0,215.0,237.0,321.0,249.0,237.0,240.0,288.0,245.0,237.0,306.0,238.0,233.0,256.0,278.0,245.0,228.0,269.0,230.0,239.0,227.0,223.0,229.0,259.0,241.0,231.0,219.0,234.0,235.0,238.0,235.0,226.0,239.0,252.0,248.0
no_flush,243.0,203.0,241.0,254.0,305.0,221.0,230.0,244.0,232.0,235.0,233.0,217.0,232.0,238.0,261.0,239.0,233.0,234.0,225.0,232.0,229.0,566.0,234.0,238.0,246.0,240.0,219.0,252.0,238.0,228.0,230.0,236.0,231.0,242.0,304.0,267.0,223.0,230.0,233.0,243.0,238.0,282.0,243.0,234.0,267.0,252.0,229.0,236.0,244.0,230.0,242.0,219.0,231.0,297.0,257.0,239.0,222.0,233.0,236.0,234.0
no_flush,247.0,229.0,231.0,240.0,244.0,246.0,736.0,236.0,231.0,249.0,253.0,338.0,237.0,238.0,238.0,231.0,222.0,231.0,210.0,257.0,253.0,229.0,236.0,233.0,234.0,316.0,237.0,242.0,244.0,260.0,259.0,232.0,299.0,231.0,239.0,228.0,224.0,233.0,246.0,336.0,234.0,220.0,228.0,224.0,237.0,230.0,286.0,234.0,232.0,248.0,255.0,225.0,232.0,324.0,227.0,229.0,240.0,236.0,235.0,238.0
no_flush,314.0,207.0,233.0,270.0,244.0,259.0,254.0,236.0,264.0,254.0,235.0,218.0,246.0,237.0,233.0,235.0,220.0,236.0,233.0,251.0,240.0,250.0,235.0,238.0,289.0,262.0,235.0,241.0,249.0,233.0,245.0,226.0,233.0,233.0,238.0,259.0,297.0,233.0,233.0,230.0,235.0,221.0,237.0,237.0,235.0,254.0,241.0,252.0,236.0,242.0,243.0,219.0,311.0,231.0,230.0,264.0,239.0,236.0,232.0,239.0
no_flush,326.0,200.0,238.0,294.0,240.0,232.0,255.0,249.0,238.0,238.0,252.0,223.0,231.0,245.0,237.0,291.0,264.0,354.0,244.0,258.0,254.0,238.0,236.0,250.0,242.0,240.0,215.0,231.0,239.0,234.0,256.0,240.0,239.0,240.0,228.0,233.0,231.0,230.0,229.0,227.0,230.0,278.0,234.0,234.0,233.0,223.0,225.0,233.0,235.0,229.0,230.0,252.0,234.0,241.0,230.0,221.0,227.0,233.0,237.0,231.0
no_flush,253.0,201.0,241.0,235.0,231.0,237.0,235.0,278.0,245.0,229.0,248.0,217.0,518.0,235.0,282.0,242.0,253.0,243.0,238.0,237.0,231.0,210.0,235.0,237.0,229.0,235.0,355.0,238.0,234.0,242.0,232.0,222.0,232.0,233.0,230.0,240.0,253.0,234.0,233.0,229.0,231.0,217.0,237.0,233.0,233.0,229.0,245.0,343.0,233.0,233.0,238.0,212.0,237.0,234.0,348.0,236.0,258.0,238.0,247.0,235.0
no_flush,242.0,241.0,237.0,231.0,234.0,248.0,225.0,233.0,228.0,278.0,473.0,218.0,240.0,236.0,260.0,230.0,246.0,237.0,239.0,237.0,236.0,219.0,242.0,231.0,297.0,235.0,231.0,235.0,235.0,229.0,230.0,287.0,245.0,240.0,234.0,229.0,214.0,230.0,299.0,230.0,229.0,217.0,239.0,228.0,250.0,309.0,225.0,241.0,235.0,233.0,237.0,218.0,312.0,244.0,234.0,241.0,228.0,239.0,229.0,312.0
no_flush,296.0,200.0,232.0,232.0,295.0,315.0,232.0,245.0,241.0,229.0,234.0,219.0,237.0,238.0,232.0,236.0,231.0,251.0,249.0,240.0,237.0,225.0,246.0,241.0,235.0,238.0,223.0,251.0,240.0,230.0,237.0,221.0,255.0,235.0,233.0,239.0,298.0,250.0,251.0,240.0,249.0,211.0,240.0,238.0,236.0,230.0,213.0,256.0,255.0,239.0,238.0,223.0,234.0,231.0,294.0,230.0,234.0,248.0,260.0,236.0
no_flush,426.0,201.0,220.0,217.0,220.0,211.0,212.0,211.0,207.0,334.0,215.0,206.0,212.0,218.0,208.0,206.0,220.0,212.0,206.0,209.0,206.0,202.0,220.0,208.0,204.0,217.0,208.0,217.0,215.0,236.0,210.0,214.0,214.0,213.0,260.0,212.0,205.0,213.0,207.0,239.0,206.0,203.0,214.0,209.0,206.0,212.0,205.0,219.0,269.0,206.0,233.0,213.0,214.0,213.0,207.0,297.0,218.0,223.0,207.0,216.0
no_flush,243.0,211.0,231.0,236.0,237.0,241.0,151.0,240.0,295.0,237.0,214.0,231.0,228.0,233.0,228.0,290.0,238.0,232.0,232.0,236.0,269.0,258.0,303.0,237.0,231.0,243.0,235.0,285.0,245.0,251.0,229.0,238.0,236.0,230.0,230.0,233.0,353.0,235.0,230.0,231.0,230.0,234.0,229.0,288.0,230.0,225.0,226.0,232.0,259.0,238.0,317.0,232.0,238.0,234.0,268.0,245.0,233.0,302.0,232.0,237.0
no_flush,239.0,220.0,222.0,140.0,259.0,230.0,233.0,233.0,222.0,231.0,233.0,232.0,235.0,242.0,260.0,249.0,239.0,233.0,225.0,236.0,283.0,229.0,234.0,223.0,252.0,241.0,231.0,239.0,229.0,226.0,262.0,240.0,234.0,222.0,254.0,231.0,238.0,234.0,228.0,232.0,226.0,241.0,240.0,229.0,260.0,247.0,232.0,244.0,238.0,287.0,236.0,226.0,293.0,228.0,261.0,255.0,236.0,235.0,226.0,310.0
