application,1_1,1_2,1_3,1_4,1_5,1_6,1_7,1_8,2_1,2_2,2_3,2_4,2_5,2_6,2_7,2_8,3_1,3_2,3_3,3_4,3_5,3_6,3_7,3_8,4_1,4_2,4_3,4_4,4_5,4_6,4_7,4_8,Aggregate
ONOS fwd,76,67.6,76.2,77.1,17.3,145,102,6.96,44.7,61.2,37.6,72.8,34.2,50.7,51,34,50.5,20.4,54.8,74.7,50,38.1,4.57,50.2,52,56,85.4,45.3,177,75.5,69.8,50.3,1908.93
ONOS fwd,12.7,30.4,89.4,24.8,11.9,65.2,9.32,60.6,67,70.1,49,33.4,12.9,131,158,130,74.7,76,76.4,78.6,14.8,28.2,69.7,25.9,76.4,63.6,58.5,72.6,34.8,8.4,141,54.3,1909.62
ONOS fwd,74.4,42.1,87.7,57.4,73.1,64.8,17.3,35.9,46.8,12.9,74.1,73.4,38.5,63.7,148,45.8,72.6,66.1,61,61.7,49.4,38.4,66.1,53.5,73.5,55,65.8,61.9,45.2,69.7,65.9,48.6,1910.3
ONOS fwd,74.1,73.7,67.3,69.5,73.6,59.1,12.1,67.7,43.6,57.9,44.3,29.3,73,81.3,59.7,67,72.7,72.6,72.7,70.1,31,58,62,70.7,68.4,63,71.5,50.9,63.2,19.1,59.1,47.8,1906
ONOS fwd,12.4,70.8,66.1,55.5,28.7,61.7,68.8,68.9,67,71.6,63.3,68.5,63.1,58.1,70,58.1,75.9,59.3,55.9,72.6,64.5,56.5,73.1,72.1,73.1,62,70.6,42.8,43.2,61.1,27,42.5,1904.8
ONOS fwd,56.1,69.6,69.6,62.9,28.6,130,21.6,10.9,7.75,21.1,69,45.6,8.49,147,136,68.4,73.9,54.9,66.6,71.3,49.2,32.3,45.6,59.4,70.9,57.7,70.6,108,51.5,44.5,41.5,54.2,1904.74
ONOS fwd,46.6,53.5,45.9,62.8,73.6,59,73.4,41.2,73.9,72.5,68.7,71.3,35,69.6,51.6,55.1,74.2,35.6,74.2,51.8,73.7,73.6,38.4,71.4,23.4,30.1,129,75.2,8.11,61.9,65.7,66.5,1906.51
ONOS fwd,73.2,29.4,95.3,56.7,13.5,49.5,72.1,46.2,63,55.1,59.5,53.7,72.1,39.8,26.8,147,68.4,60.8,52.3,75.1,36.1,50.2,52,47.6,41.3,71.8,56.2,83.1,66,49.5,71,70.5,1904.8
ONOS fwd,70.6,42.5,70,45.6,36,38.6,66.4,42.8,54.1,52.9,35.6,40.7,10.6,40.3,177,133,66.2,50.3,35.1,76.6,51,128,71.1,28.9,62.1,152,39.2,66.6,19.9,7.07,51.4,48.8,1910.97
ONOS fwd,48.4,72.9,73,73.4,60.1,72.1,38.1,72.4,34.4,72.4,68,57.2,67.6,71.2,6.97,65.6,73.5,56.1,75,68.5,6.72,74.6,73.6,45,54.8,66.3,75.8,75.7,39.7,54.5,43.3,69.9,1906.79
ONOS fwd,74.6,75,67.3,72.1,62.8,60.5,11.7,72,73.9,63,57.4,74.3,68.4,6.6,70.9,43.6,23.5,74,77.9,33.6,60.7,63.7,8.02,8.28,64.9,55.7,30.3,71.1,112,29.3,59.9,180,1907
ONOS fwd,14.9,58.5,91.7,22.5,49.4,61.6,7.69,8.2,56.9,7.63,68.8,60,191,5.65,187,62.5,76.2,58.6,75.2,68.7,6.13,62.8,57.7,44.3,74.2,75.5,71.3,76.4,58.1,74.8,49.4,22.9,1906.2
ONOS fwd,50.7,7.46,44.1,71.2,44.2,7.57,22.4,67.2,48.8,23.1,24.9,72.7,33.9,6.49,282,146,71.9,9.81,25.8,29.4,9.5,20.4,35.7,63.1,49.9,46.7,356,72.2,19,68.5,12,61.3,1903.93
ONOS fwd,73.6,64.1,71.6,61.4,74.9,75.1,54.4,52.2,50.3,52.5,71,72.9,74.7,6.76,60.3,35.8,66.4,73,64.7,120,12.8,17.9,71.6,64.4,64.4,72.9,70.1,73,26,58.8,37.4,58.6,1903.56
ONOS fwd,96.9,73.9,77.7,76.6,118,41.3,41.1,50.6,77.9,68.9,77.6,81,16.8,6.54,39,10.1,15.8,49.5,56.1,41.8,6.32,28.3,64,20.5,9.85,13.7,117,28.1,65.8,49.4,33.4,355,1908.51
ONOS fwd,71.3,28,59.7,62.6,68,65.8,93,36.3,70.9,64.9,68.9,72.3,52.1,6.41,62.6,70.3,69.7,72.6,72.6,69.3,6.82,28.9,67.6,68.9,46.5,68.6,70.2,72.2,49.3,54.3,67.5,68,1906.13
ONOS fwd,76.8,76.9,70,51.3,81.2,72.1,71,77.3,59.7,68.8,57.9,74.5,14.7,36.8,50,15.7,73.5,38.5,76.2,73.3,6.82,69.3,56.5,61.9,80.4,64.8,57.8,76.4,59.8,6.8,74.8,74.9,1906.42
ONOS fwd,73.6,23.2,43.6,63.8,30.4,8.33,69.9,72.8,42,126,68.5,44.3,71.5,6.56,145,64.3,75.8,67.4,72.7,79.3,8.48,64.2,47.4,72.2,29,77.1,63.8,76.9,59.4,6.88,76,75.8,1906.15
ONOS fwd,77.6,30.4,43,77.1,152,10.1,17,78.8,56,15,28,148,75.8,6.9,59.9,76.4,76.7,79.3,71.9,80.3,32.6,76.6,28.8,72.5,71.6,69.7,48.5,87.5,63,7.09,7.92,76.5,1902.51
ONOS fwd,43.9,51,30.4,53,65.4,33,304,65.9,22.8,35.2,68.2,64.6,28.6,5.93,53.7,28.8,79.1,80.7,80.5,81,6.62,67.1,63,36.9,7.26,90.7,96.1,80,62,7.84,45.1,68.4,1906.75
ONOS fwd,65.7,39.3,80.8,69.9,68.8,62.7,68.7,54.8,48.5,58.4,56.7,68.1,38.2,7.95,48.6,117,59,116,65.2,56.1,59.3,65.4,66.8,65.2,6.41,61.9,69.3,69.4,47.9,34.3,68.7,42.4,1907.46
ONOS fwd,69.4,69.6,45.9,62.1,42.3,66.1,50.5,114,53.3,63.2,69.1,47.6,41.1,61.3,31.3,67.6,71.1,65.5,71.1,69.3,64.6,67.4,65.4,67.2,24.8,68,64.8,63.4,50.6,6.31,68.1,65.4,1907.41
ONOS fwd,77.7,60.8,43.3,72.8,43.5,51.3,57,78.7,77,68.3,70.2,73.5,44.5,6.91,55.1,73.5,74.6,84.7,72.7,77.7,10.8,73.5,56.9,64.2,7.39,73.4,58,91.1,42.3,7.46,72.6,85.9,1907.36
ONOS fwd,76.3,66.1,72.3,66.5,61.4,35.4,31.3,73.4,75.6,65.9,75.8,68.2,73.4,6.77,72.3,32.7,35.5,72.8,74.2,78.9,7.03,42,77.4,60.2,8.97,77.9,77.6,78,65,66.2,52.4,77.8,1905.27
ONOS fwd,76.5,89.4,71.6,98.4,10.7,19,69.7,37.5,49.9,63,61.3,34.6,47.2,6.96,77,141,35.4,76.9,51.1,40.3,18.8,51,74.9,68.9,8.53,74.3,190,75.6,48.7,7.37,56.5,75.6,1907.66
ONOS fwd,57.4,84.3,26.5,30.2,32.7,45.9,14.9,20.5,9.63,33.7,60.5,25.7,27,5.5,49.2,432,84.8,85.8,86,97,56.5,73.2,38.6,16.5,8.01,87.3,86.2,91.1,6.78,6.67,55.7,72.2,1907.99
ONOS fwd,31.8,112,77.1,77.2,39.7,38.3,33.2,76.3,73.2,71.2,46.5,75.1,51.7,22.7,59.5,68.3,80.1,7.73,56.1,83.7,59.5,78.4,80.6,72.3,8.01,82.4,81.6,82.4,8.98,7.79,81.2,81.5,1906.11
ONOS fwd,67.1,54,72.9,67.8,63.2,58.3,63.3,70,31.2,45.4,72.9,71.6,55.6,18,72.9,69.1,67.1,66.3,72.3,73.8,12.6,67,50.2,75.8,75.7,76,76.3,75.6,7.35,6.91,73.7,76,1905.96
ONOS fwd,65.8,54.7,70.6,41.4,97.6,68.3,36.5,71.2,71.5,69.1,62.9,66.2,67.8,6.4,39.9,64.4,57.7,78.7,77.9,79.1,73.1,49.4,48.7,106,12.2,79.1,52.3,80.5,6.99,6.99,66.4,77.5,1906.88
ONOS fwd,72.2,116,72.3,34.6,14.1,143,29.9,71.3,18.2,42.6,32.8,41.9,44.1,6.5,71.7,143,80.6,75.9,7.14,70.7,7.08,78.2,69.1,69.1,80.4,80.8,79.4,81.3,6.95,53,52.6,58.4,1904.87
ONOS fwd,73.3,74.6,75.2,69.9,31.1,40.4,56.5,57.2,52.8,60.4,66.3,72.9,72.8,6.78,67.1,77.2,75.5,6.98,77,76.5,36.7,69.1,77.2,71,75.4,73.8,69.4,77.1,7.09,7.03,76.4,76.8,1907.48
ONOS fwd,66.3,20.4,52.4,69.2,26,64.7,30.5,65.2,46.9,62.7,65.3,48.9,256,9.4,22.7,47.7,72.2,69.6,78.4,79.3,38.7,73.3,62.1,64.3,48.7,78,75.7,80.1,6.91,6.91,76.4,40.3,1905.22
ONOS fwd,16.6,45.7,60.2,9.14,93.9,63.4,73.9,208,72.8,24.5,58,59.6,72.7,7.16,12.8,73.2,79.6,79,77.7,134,7.56,45.3,7,69.9,79.4,77.1,77.8,78.3,6.98,6.96,49.9,74.6,1902.7
ONOS fwd,54.9,67.5,50.2,67.7,13.5,56.7,61.4,75.7,40.6,28.2,47,53.2,74.5,7.12,69.9,183,76.6,61,69.6,75.6,9.33,67.7,9.19,73.5,61.2,114,76.3,102,6.77,7.69,67.1,72.2,1900.9
ONOS fwd,64.8,62.1,64.5,69.3,70.8,62.1,108,61.7,67,54.9,95.1,66.4,51.5,6.44,18.4,29.7,71.1,68.8,71,12.7,57.1,60.4,45.5,65.5,67.3,110,49.4,61.9,60.5,6.92,71.3,71.7,1903.86
ONOS fwd,55.9,49,64,51.6,64.8,35.8,28.2,6.57,57.1,41.4,66.9,56,36.7,7.22,14.3,319,127,7.12,73,69.1,62.9,57.8,68.9,22.6,70.3,49,70.8,57.4,44.8,50.8,69.5,52.2,1907.71
ONOS fwd,53.6,60.8,72.2,72.8,83.5,70.5,66.4,54.6,54.2,72.3,67.7,72.5,71.3,7.22,41.4,32.6,63.1,74.8,73.9,42.2,9.57,73.7,34.5,121,70.8,68.2,72.7,50.5,13.5,52.1,72.5,60,1906.69
ONOS fwd,72.3,55.8,38.1,24.7,47.8,371,46.5,143,11.7,18.7,25.1,44.1,27.5,7.22,7.53,12.2,85.4,76.9,81.7,85.1,7.78,76.2,7.09,79.7,81.1,125,79.4,84.2,16.2,7.28,50.4,7.56,1904.26
ONOS fwd,17.1,32.9,70.2,60.9,33.3,16.5,6.81,8.59,70.7,50.9,10.1,27.3,6.39,6.16,199,335,80.8,7.28,77.7,101,7.19,75.1,7.24,9.43,154,59.3,80.7,80,64.7,63.5,74.5,6.78,1901.07
ONOS fwd,85.2,42.7,69.5,54.9,56.7,60.8,64.8,35.9,46.2,94.5,53.6,71.4,69.5,6.63,73.1,68.1,55,28.8,74.1,84.1,68.5,73.8,44.4,39.1,11.7,75,75.9,81.5,63.3,35.7,75.6,65.7,1905.73
ONOS fwd,71.7,70.7,30.1,40.2,61,6.69,41.3,47.4,67,71.2,67.6,7.1,61.6,6.48,66.7,238,74.6,75.5,68.5,62.5,30.9,6.43,8.67,227,36.3,71,72.9,73.9,57.2,6.4,71,10.7,1908.27
ONOS fwd,18.9,68.2,58.3,6.87,37.6,49.2,46.8,23.5,53.2,48.1,41.7,6.31,130,16.9,217,130,70.3,72.6,76.2,79.8,7.03,7.26,7.4,70.7,132,91.7,72.6,66.4,59.9,6.54,125,6.54,1904.55
ONOS fwd,73.8,64.9,35.3,71.7,66.7,68.7,71.6,70,70.2,68.6,65,32.3,64.7,6.7,49.5,72.4,78.8,70.1,79.3,9.12,7.2,7.35,73.3,79.6,79.2,79.9,105,79.7,77.6,7.17,79.5,37.9,1902.84
ONOS fwd,74.2,66.7,63.4,135,46.6,65.9,74.5,60.9,51.3,73.4,73.3,6.78,35.9,9.62,53.2,62.5,74.6,67.4,73.5,64.8,72.2,6.7,6.72,74.2,64.1,107,66.3,74.6,68.2,51.4,73.2,7.01,1905.13
ONOS fwd,56.4,76.6,73.7,74.8,22.4,64.6,30.5,59,72.4,74,114,46.8,60.8,6.74,59.8,59,53.6,6.93,51.6,73.1,120,25.1,72.9,64.6,58.9,76.3,76.4,76.5,48.2,61.1,76.1,8.37,1901.24
ONOS fwd,42.8,68.7,69.8,75,52.7,73.3,76.1,49,32.7,69.7,45.9,14.1,151,8.92,50,70.2,75.6,7.39,253,119,41.9,6.67,7.47,37.5,6.75,8.68,161,59.6,6.76,6.85,123,29.4,1900.49
ONOS fwd,71.7,57.8,16.7,17.3,8.49,70.4,28.9,45,36.3,67.3,142,11.1,163,6.38,141,70.7,74.8,73.9,53.2,72.1,72.1,63.6,51.9,73.6,91.8,71.9,74.6,76.1,32.5,52.7,10.3,6.68,1905.85
ONOS fwd,63,66.1,106,72.8,72.6,69.3,59.2,9.85,73.4,73.6,67.2,44,60.2,15.8,35.1,64.1,73.6,43.2,57.5,68.5,65.3,58.8,6.76,72.7,7.92,72,64,105,69.3,60.9,60,65.7,1903.43
ONOS fwd,122,57.7,66.3,64.3,31.4,12.7,50.5,43,129,121,53.6,6.46,47.3,6.48,71.7,68.7,67.3,45.1,71,133,6.71,73.3,11.2,73.8,14.2,93.6,72.7,166,26.5,17.7,72.6,6.67,1903.52
ONOS fwd,124,63.2,24.9,32.6,221,37,70.2,71.5,61.2,8.64,53,6.57,40.2,6.44,62.1,71.6,82.9,54.6,83.4,81.6,7.49,53.5,7.93,81.5,82,82.8,80.9,83.1,10.3,73.5,56.3,30.2,1906.17
ONOS fwd,75.7,67.4,76,76.9,17.2,145,101,6.92,44.5,61,37.5,72.6,34,50.5,50.7,33.8,50.4,20.4,54.7,74.4,49.8,37.9,4.55,49.8,51.9,55.9,85.2,45.2,176,75.1,69.4,50.1,1901.47
ONOS fwd,12.7,30.4,89.1,24.8,11.8,65,9.29,60.4,66.8,69.9,48.9,33.2,12.9,130,157,130,74.4,75.7,76.1,78.4,14.7,28.1,69.4,25.8,76.2,63.4,58.4,72.3,34.7,8.38,140,54.1,1902.27
ONOS fwd,74.2,41.9,87.4,57.3,72.7,64.7,17.2,35.8,46.6,12.9,73.9,73.2,38.4,63.3,147,45.7,72.4,66,60.6,61.4,49.1,38.3,65.9,53.3,73.3,55,65.6,61.6,45.1,69.5,65.7,48.5,1903.5
ONOS fwd,73.8,73.5,67,69.3,73.4,58.8,12,67.6,43.5,57.7,44.2,29.2,72.8,81,59.6,66.7,72.5,72.4,72.5,69.9,30.9,57.9,61.7,70.4,68.2,62.8,71.3,50.7,63,19,58.9,47.7,1899.9
ONOS fwd,12.4,70.6,65.8,55.3,28.5,61.6,68.6,68.6,66.8,71.3,63,68.3,62.9,57.9,69.8,58,75.6,59.2,55.8,72.4,64.3,56.3,72.8,71.8,72.9,61.8,70.4,42.6,43.1,60.8,26.9,42.4,1898.5
ONOS fwd,55.8,69.4,69.3,62.6,28.5,129,21.4,10.9,7.72,21.1,68.9,45.5,8.45,147,136,68.2,73.5,54.7,66.4,71,49,32.2,45.5,59.3,70.8,57.6,70.4,108,51.3,44.3,41.4,53.9,1899.07
ONOS fwd,46.4,53.3,45.7,62.6,73.3,58.8,73.1,41.1,73.8,72.3,68.5,71,34.9,69.3,51.4,54.9,73.9,35.5,74.1,51.6,73.5,73.4,38.3,71.3,23.3,30,129,75,8.08,61.8,65.5,66.3,1900.98
ONOS fwd,72.9,29.4,95,56.5,13.5,49.3,71.9,46,62.9,54.9,59.3,53.5,71.8,39.5,26.7,147,68.2,60.7,52.1,74.8,35.9,49.9,51.9,47.4,41.1,71.7,56,82.9,65.8,49.4,70.8,70.3,1899
ONOS fwd,70.4,42.4,69.8,45.5,35.9,38.5,66.2,42.7,53.9,52.7,35.5,40.5,10.5,40.1,175,133,66,50.1,34.9,76.3,50.7,127,70.8,28.8,62,152,39.1,66.5,19.9,7.03,51.1,48.7,1903.53
ONOS fwd,48.2,72.7,72.8,73.2,59.9,72,38,72.2,34.2,72.3,67.8,57,67.4,71,6.95,65.3,73.3,55.9,74.8,68.2,6.7,74.4,73.3,44.9,54.7,66.2,75.6,75.4,39.6,54.3,43.2,69.7,1901.15
ONOS fwd,74.3,74.8,67.1,71.9,62.6,60.3,11.6,71.9,73.7,62.7,57.2,74.1,68.2,6.56,70.6,43.4,23.5,73.7,77.6,33.6,60.5,63.5,7.98,8.24,64.6,55.4,30.3,70.8,112,29.2,59.8,180,1901.68
ONOS fwd,14.8,58.2,91.4,22.5,49.3,61.5,7.66,8.17,56.6,7.6,68.6,59.7,190,5.63,187,62.3,76,58.4,74.9,68.5,6.1,62.7,57.4,44.2,74,75.2,71.1,76.2,57.8,74.4,49.2,22.9,1899.96
ONOS fwd,50.6,7.43,43.9,71.1,44,7.54,22.3,66.9,48.5,23,24.7,72.5,33.8,6.48,281,145,71.7,9.78,25.7,29.4,9.45,20.3,35.6,63,49.7,46.6,355,72,18.9,68.2,12,61.2,1897.28
ONOS fwd,73.5,64,71.5,61.3,74.7,74.9,54.3,52.1,50.1,52.4,70.7,72.6,74.4,6.75,60.2,35.6,66.1,72.8,64.6,119,12.8,17.8,71.4,64.1,64.2,72.7,69.8,72.9,26,58.6,37.3,58.5,1897.65
ONOS fwd,96.7,73.8,77.5,76.4,118,41.2,41,50.4,77.7,68.8,77.4,80.8,16.8,6.52,38.9,10,15.7,49.3,55.8,41.7,6.3,28.2,63.8,20.4,9.83,13.7,117,28,65.6,49.3,33.3,353,1902.85
ONOS fwd,71.1,27.9,59.4,62.4,67.7,65.6,92.7,36.2,70.6,64.6,68.7,72.1,51.9,6.38,62.5,70,69.4,72.4,72.4,69,6.8,28.8,67.4,68.7,46.3,68.3,70,72,49.1,54.2,67.3,67.8,1899.68
ONOS fwd,76.5,76.6,69.8,51,80.9,71.9,70.8,77.1,59.5,68.6,57.7,74.2,14.7,36.7,49.8,15.7,73.3,38.4,76,73.1,6.8,69.2,56.3,61.8,80,64.7,57.7,76.2,59.7,6.79,74.6,74.6,1900.69
ONOS fwd,73.5,23.1,43.5,63.6,30.3,8.29,69.6,72.5,41.7,126,68.2,44.1,71.3,6.55,145,64.1,75.5,67.2,72.4,79,8.45,64.1,47.3,72,28.9,77,63.5,76.7,59.2,6.86,75.8,75.5,1900.75
ONOS fwd,77.4,30.3,42.9,76.9,152,10.1,17,78.6,55.9,14.9,27.9,148,75.6,6.88,59.8,76.2,76.7,79.1,71.8,80.1,32.5,76.4,28.8,72.3,71.3,69.5,48.4,87.2,62.9,7.08,7.89,76.4,1898.75
ONOS fwd,43.8,50.9,30.3,52.8,65.1,32.9,303,65.7,22.7,35,67.9,64.4,28.6,5.9,53.6,28.7,78.8,80.5,80.3,80.8,6.6,66.9,62.7,36.8,7.25,90.4,95.7,79.9,61.8,7.8,45,68.2,1900.75
ONOS fwd,65.5,39.1,80.5,69.6,68.6,62.5,68.5,54.6,48.4,58.1,56.3,67.8,38,7.93,48.5,117,58.7,116,65,55.9,59,65.1,66.6,64.9,6.39,61.7,69.1,69.2,47.6,34.1,68.5,42.2,1900.92
ONOS fwd,69.1,69.3,45.8,61.9,42.2,65.7,50.2,113,53.1,63.1,68.9,47.3,40.9,61,31.3,67.5,70.8,65.2,70.8,68.9,64.4,67.2,65.1,67.1,24.7,67.8,64.7,63.2,50.4,6.3,67.8,65.3,1900
ONOS fwd,77.4,60.6,43.2,72.6,43.4,51.2,56.8,78.4,76.8,68.1,70,73.2,44.4,6.85,54.9,73.4,74.4,84.4,72.4,77.5,10.8,73.2,56.7,64,7.37,73.2,57.8,90.8,42.2,7.44,72.3,85.6,1901.36
ONOS fwd,76.1,65.9,72.2,66.3,61.2,35.2,31,73.2,75.4,65.8,75.6,68.1,73.3,6.76,72.1,32.6,35.4,72.6,73.9,78.8,7.02,41.8,77.2,60,8.96,77.6,77.5,77.9,64.8,66.1,52.3,77.5,1900.14
ONOS fwd,76.3,89.1,71.4,98,10.7,19,69.5,37.4,49.8,62.8,61.2,34.5,47,6.93,76.8,141,35.2,76.6,50.9,40.2,18.7,50.7,74.6,68.7,8.49,74.1,189,75.3,48.6,7.35,56.3,75.3,1901.47
ONOS fwd,57.3,84.1,26.4,30.1,32.6,45.7,14.8,20.5,9.59,33.6,60.3,25.6,26.9,5.48,49.1,431,84.6,85.6,85.7,96.8,56.4,72.8,38.5,16.4,8,87.1,86.1,90.9,6.75,6.65,55.6,72.1,1903.07
ONOS fwd,31.7,111,76.9,77,39.6,38.2,33.1,76,73,71,46.4,74.9,51.5,22.6,59.4,68.1,80,7.69,55.9,83.5,59.3,78.1,80.4,72.1,7.99,82.2,81.3,82.2,8.96,7.77,81.1,81.4,1900.31
ONOS fwd,66.8,53.7,72.7,67.6,63.1,58.1,63.2,69.8,31.1,45.3,72.8,71.3,55.5,18,72.7,68.8,67,66.1,72.1,73.5,12.5,66.8,50,75.6,75.5,75.8,76.1,75.4,7.33,6.88,73.5,75.7,1900.31
ONOS fwd,65.6,54.5,70.4,41.3,97.2,68,36.3,70.9,71.3,68.8,62.7,66,67.6,6.38,39.8,64.3,57.6,78.5,77.7,78.9,72.9,49.3,48.6,106,12.2,78.9,52.2,80.3,6.97,6.98,66.3,77.2,1901.63
ONOS fwd,72,115,72.2,34.5,14,142,29.8,71.2,18.2,42.4,32.4,41.7,43.9,6.48,71.5,143,80.4,75.7,7.13,70.4,7.05,78,69,68.9,80.2,80.7,79.2,81.2,6.93,52.9,52.5,58.3,1898.79
ONOS fwd,73.1,74.3,75,69.6,31,40.2,56.4,57.1,52.6,60.2,66,72.7,72.6,6.74,66.8,77,75.1,6.95,76.8,76.2,36.6,68.9,77,70.8,75.2,73.7,69.1,76.9,7.08,7.01,76.2,76.6,1901.48
ONOS fwd,66.1,20.4,52.3,68.9,25.9,64.4,30.5,65.1,46.8,62.4,65.1,48.8,255,9.33,22.6,47.5,72,69.4,78.2,79.1,38.6,73.1,61.9,64.1,48.6,77.7,75.6,79.9,6.89,6.89,76.3,40.2,1899.61
ONOS fwd,16.5,45.6,60,9.11,93.5,63.2,73.6,208,72.7,24.4,57.7,59.3,72.6,7.13,12.8,72.9,79.3,78.8,77.6,134,7.53,45.2,6.98,69.7,79.1,76.9,77.6,78.1,6.97,6.94,49.6,74.4,1897.76
ONOS fwd,54.7,67.3,50.1,67.5,13.5,56.6,61.2,75.4,40.5,28.1,46.9,53.1,74.3,7.09,69.6,182,76.4,60.9,69.5,75.4,9.31,67.4,9.17,73.4,61,114,76.1,102,6.76,7.67,66.8,72,1895.7
ONOS fwd,64.6,62,64.2,69.1,70.6,61.9,108,61.6,66.8,54.6,94.8,66.3,51.2,6.42,18.3,29.4,70.9,68.5,70.8,12.7,57,60.3,45.3,65.3,67,110,49.3,61.8,60.2,6.9,71,71.4,1898.22
ONOS fwd,55.6,48.8,63.7,51.4,64.5,35.6,28.1,6.53,56.8,41.2,66.6,55.7,36.6,7.18,14.3,318,126,7.1,72.8,68.9,62.6,57.6,68.6,22.6,70.1,48.9,70.5,57.3,44.4,50.6,69.2,52,1899.81
ONOS fwd,53.5,60.6,72,72.6,83.2,70.3,66.2,54.3,54.1,72.1,67.5,72.3,71.2,7.19,41.3,32.5,62.8,74.5,73.7,42,9.53,73.5,34.4,120,70.6,67.9,72.6,50.4,13.5,52,72.3,59.8,1900.42
ONOS fwd,72,55.7,38,24.6,47.6,369,46.4,143,11.6,18.6,25.1,43.9,27.4,7.18,7.5,12.1,85,76.6,81.5,84.8,7.75,76.1,7.08,79.4,80.9,125,79.3,84,16.1,7.27,50.3,7.54,1898.32
ONOS fwd,17.1,32.8,69.9,60.7,33.2,16.5,6.77,8.55,70.4,50.8,10,27.3,6.36,6.14,198,334,80.6,7.26,77.5,100,7.17,74.9,7.22,9.4,154,59,80.5,79.9,64.5,63.2,74.3,6.76,1894.73
ONOS fwd,85,42.6,69.3,54.8,56.5,60.6,64.6,35.8,46.1,94.1,53.4,71.2,69.3,6.61,72.9,67.8,54.8,28.7,73.9,83.8,68.2,73.5,44.2,39,11.6,74.7,75.7,81.1,63,35.6,75.4,65.5,1899.31
ONOS fwd,71.5,70.4,30,40,60.9,6.66,41.1,47.2,66.8,70.9,67.4,7.07,61.4,6.45,66.5,237,74.5,75.3,68.3,62.4,30.8,6.41,8.64,226,36.2,70.7,72.8,73.6,57,6.39,70.7,10.7,1901.72
ONOS fwd,18.8,67.9,58.1,6.84,37.5,48.9,46.7,23.4,53,47.9,41.5,6.18,130,16.8,216,130,70.1,72.5,75.9,79.5,7,7.23,7.39,70.4,131,91.2,72.4,66.1,59.7,6.53,124,6.52,1896.99
ONOS fwd,73.5,64.7,35.2,71.5,66.6,68.5,71.5,69.8,70.1,68.4,64.8,32.2,64.6,6.63,49.3,72.3,78.6,69.8,79.1,9.09,7.17,7.33,73.1,79.3,79,79.7,105,79.6,77.4,7.15,79.2,37.9,1898.07
ONOS fwd,73.9,66.5,63.1,135,46.5,65.6,74.3,60.5,51.2,73.2,73,6.76,35.8,9.57,53,62.2,74.3,67.2,73.3,64.5,72,6.68,6.71,74,63.8,107,66.2,74.3,68,51.2,73,6.99,1899.31
ONOS fwd,56.2,76.3,73.4,74.6,22.3,64.4,30.4,58.9,72.2,73.8,114,46.5,60.7,6.72,59.7,58.8,53.5,6.91,51.5,73,120,25,72.8,64.5,58.8,76,76.1,76.3,48,61,75.9,8.34,1896.57
ONOS fwd,42.7,68.5,69.6,74.8,52.5,73.1,75.9,48.8,32.7,69.4,45.8,14.1,151,8.89,49.8,70,75.5,7.37,252,118,41.8,6.66,7.45,37.5,6.73,8.63,161,59.4,6.74,6.84,123,29.3,1895.51
ONOS fwd,71.4,57.6,16.6,17.3,8.45,70.2,28.8,44.9,36.2,67.2,141,11,162,6.37,141,70.5,74.5,73.7,52.9,71.7,71.8,63.4,51.7,73.3,91.5,71.7,74.4,76,32.4,52.5,10.3,6.66,1898.98
ONOS fwd,62.8,65.9,105,72.6,72.4,69,58.9,9.8,73.1,73.4,67,43.8,60,15.7,35,64,73.4,43.1,57.4,68.3,65.1,58.5,6.74,72.5,7.88,71.8,63.7,104,69,60.8,59.8,65.5,1895.92
ONOS fwd,122,57.5,66.1,64.2,31.3,12.6,50.3,42.8,128,121,53.5,6.44,47.1,6.46,71.5,68.5,67.1,44.9,70.9,132,6.7,73.1,11.2,73.6,14.1,93.3,72.5,165,26.5,17.7,72.5,6.66,1897.06
ONOS fwd,124,63,24.8,32.4,221,36.9,70,71.3,61,8.61,52.7,6.55,40,6.43,61.9,71.3,82.7,54.5,83.1,81.4,7.47,53.4,7.9,81.2,81.8,82.6,80.7,82.7,10.3,73.3,56.1,30.1,1901.16
ONOS ifwd,106,7.4,13.8,62.6,16.1,55.1,119,8.79,5.92,61.4,199,44.9,22,164,6.04,59.9,57.6,56.8,19,57.9,15.4,55.6,109,55.2,7.62,113,165,11.4,36.8,54.9,84.8,55.1,1907.07
ONOS ifwd,40.6,38.6,73.1,34.8,39.1,69.5,50.4,28.9,38.3,39.4,8.69,75.3,41.7,154,7.7,213,59.1,69.2,62.4,66.4,33.5,22.4,62.7,22.8,326,65.2,37.8,32.1,10.8,43.7,27.6,9.84,1904.63
ONOS ifwd,75.1,39.1,31.5,15.6,67.6,66,7.4,65.7,74.8,63.5,51.7,75.3,70.5,70.4,32.6,146,76.7,73.6,58.3,58.8,64.2,42.2,68,69.9,66.4,70.9,75.2,54.4,64.9,31.4,36.2,40.6,1904.5
ONOS ifwd,58.2,67.5,70.5,73.3,72.5,48.6,69.9,72.3,34.2,67.4,70.7,58.7,25.2,51.7,48.8,63.9,71.4,71.4,69.2,63,44.3,55.9,72.2,51.7,72,62.2,70.9,47.8,56.1,27.1,47.1,70.7,1906.4
ONOS ifwd,14.2,25.3,70,71.1,66.1,25.3,64.6,50,70.4,55.1,17.2,63.6,20.3,21.7,188,133,71.8,58.1,69.9,72.6,56.3,57.8,52.4,29.5,56.6,70.5,113,65.8,14,47.6,59.9,57.9,1909.6
ONOS ifwd,69,41.6,68.3,68.5,62.6,12,8.67,8.13,9.75,32.8,42.4,15.1,142,35.3,160,179,77.5,81.3,74.3,79.5,61.1,33.6,57.4,34.1,78.3,80.3,79.5,58.5,6.24,22.4,65.7,62.4,1907.29
ONOS ifwd,51.9,67.3,72.7,65.9,71.3,51,66.9,27.6,57.6,40.4,40.1,72.1,68.8,68.7,71.4,60.9,68.9,50.9,72.9,74.9,42,26.1,43.8,71.4,49.4,73.2,71.9,71.3,40.2,67,67.3,62.7,1908.5
ONOS ifwd,53.5,73.4,61.7,69.9,71.9,34.1,70.6,62.5,66.1,64.2,72.9,48.8,50.8,16.3,95.8,41.2,35.9,66.6,73.5,74.4,28.7,72.9,41.7,96.8,67.6,67.3,73.4,37.9,26.4,71.8,48.8,68.6,1906
ONOS ifwd,65.1,63.1,73.7,73.4,36.8,43.7,148,16.3,53.1,74.5,67.3,56.7,52.7,33.2,85.7,9.94,146,74.1,60.6,72.9,61.6,53.3,54.9,41.2,8.44,67.3,56.2,46.1,6.57,56.5,72.5,72.6,1904.05
ONOS ifwd,65.3,107,58.6,120,38,136,23.4,7.82,56.7,21,43.6,34.5,14,68.2,24.5,136,66.8,72.8,71.9,6.58,67.7,52.4,72.1,62.2,69.3,69.9,58.8,72.4,17.3,54.5,70.7,67.8,1907.8
ONOS ifwd,70,50.1,73.6,67.8,46.6,39.6,62.9,63.3,71,64.6,72.2,36.8,72.2,53.4,66.7,44.3,42.4,75.7,71.7,48.6,51.8,66.4,56.6,35.5,83,62.7,68,75.9,7.23,66.1,64,78.3,1909.03
ONOS ifwd,78.1,69.7,74.9,59.1,46.3,31.2,39.4,65,73.3,67.8,77.3,78.3,61.8,23.8,73.4,32.5,76.2,7.07,34.4,7.9,10.3,8.41,55.7,199,74.3,64.5,74,45.7,6.55,175,51.7,59.8,1902.43
ONOS ifwd,72.8,34.6,72.4,58.2,62.3,65,59.8,53.1,49.1,47.4,53.4,70.6,67,62.1,68,58.3,74.5,74,74.3,71.6,46.6,56.2,48.8,59.6,46.8,69.5,73.8,73.6,6.6,72.8,49.4,54.8,1907
ONOS ifwd,40.5,59.6,57.7,59.9,61.8,35.7,24.9,55.8,68.7,47,40.1,63,28.2,55,50.3,205,94.4,59.6,71.3,69.6,49.1,60.8,67.7,59.5,111,7.5,70.4,71,6.68,52.1,53.8,46.8,1904.48
ONOS ifwd,69.2,7.3,70.7,6.56,9.49,14.7,59.8,38.6,58.5,58,63.6,34.1,13.7,52.6,144,252,27.7,55.6,81.1,70.8,55.4,63.3,65.4,16,81.5,206,38.8,88.4,7.22,7.88,76.3,9.38,1903.63
ONOS ifwd,77.1,76.1,17.8,37.5,77.2,77.2,40.4,76.9,69,50.9,69,31.4,58.3,49.3,70.1,76.4,44.3,97.5,78.2,38.3,76.2,52.8,67.5,63.2,74.7,78.3,78.7,79.9,7.28,7.07,43.9,65.5,1907.95
ONOS ifwd,34.6,64.5,84.2,6.68,72.1,144,64.9,86.9,62.8,33.3,81.4,74.3,33.6,37.8,64.7,7.23,54.9,71.8,156,59.9,42.6,48.4,73.5,71.7,74.6,75.2,10.3,57.6,6.64,7.64,70.1,70,1903.89
ONOS ifwd,73.5,33.6,53.9,65,55.9,71.2,64.6,140,14,64,51.4,68.7,47.3,16.3,66.9,66.8,74.9,74.5,74.5,7.15,31,40,67.7,65.5,66.4,49.9,129,68.7,7.29,7.22,66.3,121,1904.16
ONOS ifwd,23.8,27.4,59.8,16,30.6,8.8,137,68.1,31,66.3,37.5,61.5,137,199,38.4,11.5,77.1,78.5,78.9,118,72.5,29.9,51.2,73.2,69.8,78.3,79.3,58.3,8.67,8.86,29.9,39,1905.13
ONOS ifwd,46.5,73.8,60.7,6.99,54.4,76.6,33.1,55.9,73,36.5,31,61.2,68.5,160,42.6,73.8,77.3,119,75.2,74.2,68.9,12.3,69.3,73.8,78.3,76.1,76.9,50.7,7,6.85,75.3,11.6,1907.34
ONOS ifwd,35.9,63.4,68,32.4,105,56.4,14.1,38.3,49.1,21.8,34,64.2,66.1,31.6,66.2,208,59.3,74,131,73,34.8,72.6,66.9,67.3,60.5,74.8,57.6,73.2,6.56,6.76,6.97,86.2,1905.99
ONOS ifwd,25.8,63.9,76,7.03,47.7,69.4,71,62.4,73.7,76.8,76.6,76.8,59.7,73.1,30.9,63.8,44.9,71.7,80,40.8,67.4,49.9,76.6,67.6,80.3,46.8,50.5,77.6,73.1,41.5,7.82,76.8,1907.95
ONOS ifwd,10.2,39.2,65.6,68.9,67.5,63,62.6,53.4,65,115,72.6,58.5,53.1,25.1,64.5,69.6,68.3,33,74.3,19.7,49.3,69.5,150,52.2,56.9,75.8,75.4,125,6.86,48.9,7.32,40.7,1906.98
ONOS ifwd,75.7,76.6,66.1,6.97,44.7,67.6,51.5,69.5,86.7,60.3,76.3,77.3,40.4,73.4,71.4,8.49,99.8,71.1,49.2,6.89,74,70.3,49.4,74.9,55.3,74.3,39.1,75.5,8.66,6.77,122,75.1,1905.28
ONOS ifwd,41.7,65.6,14.5,10.3,22,26.8,27.6,58.9,25.2,42.6,43.9,9.48,119,10.1,174,263,64.7,114,77.8,77.9,37.1,44,63.2,65.6,78.2,78.3,94.7,115,10.3,7.01,5.93,20.2,1908.62
ONOS ifwd,68.5,11.1,66.9,7.65,68,55.9,44.7,74.9,73.1,56.8,38,76.4,150,27.6,99.7,33.7,81.2,84.9,77.4,68.3,67.9,39,69.4,48.5,75.8,66.6,52.6,77.9,29.6,64.1,7.47,41.9,1905.52
ONOS ifwd,29.1,53.6,53.5,7.64,39.1,71.7,69.4,71.8,71.8,74.6,125,75.3,46.8,50.9,41,73.4,76.9,72.1,50.3,76.2,56.8,77.3,75.9,77.3,117,33.8,75,73.8,13.3,7.97,7.16,61.6,1907.07
ONOS ifwd,40.2,64.8,71.8,61.3,72.4,51.4,70.9,71.6,68.3,33.6,78.3,73.8,30.6,45.6,68.5,49.2,78.7,79.3,72,7.23,60.2,76.3,57.8,76.2,93.7,76.3,76.4,78.4,28.9,7.02,6.92,76.1,1903.77
ONOS ifwd,71.3,57.7,50.7,54,40.3,69.7,33.6,63.9,61.6,30.4,80.5,66,104,57,68.2,44.6,71.7,117,72.6,45.9,72.5,71.7,71.6,56.7,7.25,72,64.3,59.3,6.49,67.3,24.9,70.9,1905.64
ONOS ifwd,69,63,69.4,6.81,7.85,7.55,39.7,33.2,43.7,44.9,17.1,70.4,44.3,140,243,48.7,62.6,63.9,42.6,59.8,25.9,11.6,52.6,134,6.18,60.3,332,39.8,9.88,6.02,6.23,35.3,1897.32
ONOS ifwd,57.5,33.3,75.2,67.2,45.3,75.3,45.9,31.3,74.9,66.7,149,61.3,73,32.1,18,47.2,82,82.5,82.4,30.7,71.1,60.6,58.1,81.1,8.45,82.4,92.8,83.2,7.58,81.3,35.8,11.7,1904.93
ONOS ifwd,73.9,71.6,73.2,65.2,44.5,66.7,54.5,66.7,125,39.5,29.4,52.6,48.3,72.5,24,46.7,82.4,85,77.9,13.6,85.6,82.2,65.6,80.3,10.3,84.5,84,86.5,9.55,7.62,12.9,84.5,1906.77
ONOS ifwd,43,54.8,72.2,21.6,28.2,54.8,33,56.7,72,34.6,39.7,37.4,18.5,205,46,137,81.8,82.9,73.9,80.2,75.1,56.2,20.8,38.4,7.97,85.6,83.6,84.6,63.2,59.7,11.6,46.6,1906.67
ONOS ifwd,58.6,79.5,86.8,8.35,74.6,75.2,33.8,62.6,39.7,76.9,46.7,52.5,72.6,73.5,41.7,69.4,49.1,73.5,111,75.4,64.4,126,72.3,69.2,6.84,75.1,53.3,75.7,29.9,8.19,6.66,55.7,1904.74
ONOS ifwd,74.1,74,38.9,73.6,70.7,31.8,69.5,38.1,70.3,62.8,33.6,67.8,68.2,70.7,56,54.3,77,76.6,76.7,51.2,77.4,76.8,75.4,60.7,9.53,74.3,75.6,78.8,28.5,9.35,35.8,69.3,1907.38
ONOS ifwd,77,73.3,72.9,7,31.2,126,45.6,46.7,70.4,72.5,65.6,14.4,53.6,54.7,73.6,67.8,133,74.4,62.7,76.3,74.5,72.4,74.8,6.8,6.82,114,71.7,80.6,7.77,27.6,9.22,57.7,1902.61
ONOS ifwd,142,53.2,34.5,10.7,63.5,62.6,35.5,82.5,63.7,61.9,38.8,61.3,45.6,24.5,120,52.6,70.2,75.1,74.7,75.7,57.2,52.9,103,61.9,11.6,75.1,74.3,75.3,7.04,57.5,7.99,72.2,1904.63
ONOS ifwd,75.2,33.1,44.3,69.8,52.4,50.3,57.7,68.1,28.2,149,36.8,72.4,74.2,7.59,64.5,68.8,76.5,76.9,77,77.4,82.2,77.2,76.9,6.99,33.4,75.3,72.1,77.8,6.96,48.3,14.1,72.7,1904.14
ONOS ifwd,71.2,66.2,71.4,45.9,153,129,33.3,71.6,55,38.2,25.5,65.9,12.1,64,11.2,41.3,42.4,80,78.9,80.3,67.7,52.5,78.2,8.26,79.2,80.8,78.2,91.2,7.1,17.7,62.2,46.9,1906.36
ONOS ifwd,74.8,76.2,30.7,36.3,76.4,74.1,73.9,74.3,41.9,61.5,69,76.4,24.4,50,74.2,39.5,74.8,71.5,73,66.3,68.8,72.3,74,25,23.3,63.9,74,121,6.66,7.81,58.2,72.4,1906.57
ONOS ifwd,73.5,58.9,45.5,67.6,60.5,69.6,45.4,62,63.4,72.4,65.4,72.3,49,23.6,65.3,60.7,77.8,76,79.1,37.2,57,77.6,64.8,34.2,7.13,78,80.1,79.7,78.6,65.8,15,45.3,1908.43
ONOS ifwd,32.1,61.4,71.1,66.5,66.2,69.9,97,36.6,33,65.4,65.4,67.9,70.1,27.9,58.4,65.6,75.2,73,72.9,129,35.2,60.6,72.8,7.56,7.22,71,74.5,76.2,51.7,65.1,6.85,74,1907.33
ONOS ifwd,6.81,49.4,53.9,151,20.6,72.1,43.1,75,59.4,73.2,32.7,53.5,73.8,50.2,32.7,106,84.6,84.4,83.5,82.8,7.68,82,79.9,27.5,12.1,83.9,83.2,78.8,7.36,7.36,67,79.7,1905.21
ONOS ifwd,76.1,40.7,62.2,76.6,52.3,47.3,75.6,75.7,23.8,45.8,76.4,76.1,55.9,70.9,67.2,31.7,60.4,71.3,70.9,74.9,35.3,80.5,80.5,19.6,78.1,76.6,71.7,82.3,10.5,9.6,9.28,121,1906.78
ONOS ifwd,52.3,63.3,56.5,58.4,75.4,57.5,44.8,27.8,71.8,38.2,38.1,70.4,67.3,57.5,47.1,129,75.8,76.5,76.6,7.71,50.3,71.9,57.1,71.2,124,16.3,75.3,75.9,6.59,48.6,73.2,46.1,1908.5
ONOS ifwd,72.6,71,58.3,81.6,64,72.6,7.3,72.1,65.7,8.68,43.5,70.6,55.5,72.3,72.6,65.8,69.9,67.7,43.7,75.2,25.1,64.9,66.5,13.1,82.3,71.5,72.3,70.5,66.6,40.7,50.6,71.8,1906.58
ONOS ifwd,69.8,69,34.3,6.27,55.9,25.7,31.4,25.1,51.2,68.7,69,263,44.7,63.4,67.8,7.48,71,102,63.9,58.1,6.58,72.5,73.4,113,7.51,6.94,54.5,129,67.3,7.05,49.1,69.2,1903.83
ONOS ifwd,73.6,64.3,74.3,7.31,72.7,65.3,54.6,70.5,32,74.5,69.8,73.1,70.5,49.8,66.8,35.7,54.8,74.1,71.1,73,60.4,73.8,74.2,12.2,74.6,11.3,76.1,76.1,10.6,21.3,6.94,184,1909.35
ONOS ifwd,74,50.6,73.8,10.6,63.5,68.5,63.4,37,71.6,73.6,73.2,63.3,69.6,44.9,70.6,46.7,78.9,77.2,78.2,77.8,71.6,49.9,77.2,8.3,26.3,64.1,55,73,10.7,48.4,77.3,79.7,1908.5
ONOS ifwd,44.9,72.7,69.8,40.4,70.5,67.2,59.4,57.7,71.6,59,59.3,70,63.4,47.1,50.8,50.4,75.3,72.6,77.1,76.7,47.8,76.8,53.2,75.3,7.41,74.9,94.4,77.7,6.96,53.2,7.08,76.5,1907.15
ONOS ifwd,106,7.38,13.8,62.3,16,54.9,119,8.75,5.89,61.2,199,44.7,22,164,6.01,59.6,57.4,56.6,19,57.8,15.3,55.3,109,55,7.6,112,164,11.3,36.6,54.7,84.3,54.9,1901.33
ONOS ifwd,40.3,38.5,72.9,34.6,39.1,69.4,50.3,28.8,38.2,39.3,8.67,75.1,41.6,154,7.68,212,58.9,69,62.1,66.3,33.4,22.4,62.5,22.7,325,65,37.8,32,10.8,43.6,27.5,9.81,1899.26
ONOS ifwd,75,39,31.4,15.5,67.4,65.8,7.38,65.4,74.5,63.3,51.6,75.2,70.2,70.2,32.5,146,76.5,73.4,58.1,58.6,64,42.1,67.9,69.6,66.3,70.7,75.1,54.3,64.7,31.4,36.1,40.4,1899.58
ONOS ifwd,58.1,67.2,70.2,73.1,72.3,48.5,69.7,72.1,34.1,67.2,70.4,58.4,25.2,51.5,48.6,63.6,71.3,71.2,69.1,62.9,44,55.6,72,51.5,71.8,62,70.6,47.6,55.8,26.9,47,70.5,1900
ONOS ifwd,14.1,25.2,69.9,70.8,65.8,25.2,64.4,49.9,70.1,54.9,17.2,63.3,20.3,21.6,187,132,71.5,57.9,69.6,72.3,56.1,57.7,52.2,29.4,56.4,70.3,113,65.6,14,47.5,59.7,57.7,1902.6
ONOS ifwd,68.8,41.5,68.1,68.4,62.3,12,8.63,8.11,9.71,32.7,42.3,15.1,142,35.2,159,178,77.2,81.1,74.2,79.3,60.8,33.5,57.3,34,78,80.1,79.3,58.4,6.22,22.4,65.5,62.3,1901.47
ONOS ifwd,51.7,67.1,72.5,65.8,70.9,50.8,66.7,27.6,57.4,40.3,40,71.9,68.5,68.4,71.2,60.7,68.5,50.8,72.7,74.6,41.8,26,43.6,71.2,49.3,72.9,71.6,71.1,40.1,66.8,67.1,62.6,1902.2
ONOS ifwd,53.4,73.2,61.5,69.6,71.7,34,70.4,62.3,66,64.1,72.7,48.6,50.5,16.2,95.3,41.1,35.8,66.5,73.3,74.1,28.7,72.7,41.6,96.4,67.4,67.1,73.2,37.8,26.3,71.7,48.7,68.4,1900.3
ONOS ifwd,64.9,62.9,73.5,73.2,36.6,43.6,147,16.2,52.9,74.3,67.1,56.4,52.5,33.1,85.4,9.9,146,73.9,60.4,72.7,61.3,53.2,54.6,41.1,8.41,67.2,56.1,46,6.56,56.4,72.2,72.3,1897.87
ONOS ifwd,65.1,107,58.4,120,37.8,136,23.3,7.78,56.5,20.9,43.4,34.3,13.9,68,24.3,136,66.7,72.6,71.7,6.56,67.4,52.2,71.7,62.1,69,69.6,58.5,72.3,17.3,54.3,70.5,67.6,1902.74
ONOS ifwd,69.8,50,73.4,67.5,46.5,39.6,62.7,63,70.8,64.4,72,36.6,72.1,53.2,66.5,44.2,42.2,75.5,71.5,48.4,51.7,66.3,56.3,35.4,82.7,62.5,67.7,75.7,7.2,65.8,63.8,78,1903
ONOS ifwd,77.9,69.6,74.6,59,46.2,31.1,39.4,64.8,73,67.7,77.1,78,61.7,23.8,73.2,32.4,76,7.04,34.2,7.87,10.3,8.37,55.5,199,74.1,64.4,73.8,45.6,6.54,175,51.5,59.5,1898.22
ONOS ifwd,72.5,34.5,72.1,57.9,62,64.9,59.6,53,48.9,47.3,53.2,70.4,66.9,61.9,67.8,58.1,74.2,73.8,74,71.3,46.5,56,48.6,59.4,46.5,69.3,73.6,73.4,6.58,72.6,49.3,54.6,1900.68
ONOS ifwd,40.2,59.4,57.5,59.7,61.6,35.5,24.9,55.7,68.4,46.8,39.8,62.8,28.1,54.8,50.2,205,93.9,59.4,71.1,69.3,49,60.6,67.5,59.4,111,7.47,70.2,70.8,6.66,52,53.6,46.6,1898.93
ONOS ifwd,69,7.28,70.5,6.54,9.46,14.7,59.6,38.4,58.3,57.9,63.4,34,13.7,52.5,144,251,27.6,55.5,81,70.6,55.3,63.2,65.3,15.9,81.3,206,38.7,88,7.19,7.85,76.1,9.35,1899.17
ONOS ifwd,77,75.9,17.8,37.4,77,77,40.1,76.7,68.7,50.8,68.7,31.3,58.2,49.1,69.8,76.1,44.2,97.2,78.1,38.1,76.1,52.6,67.4,63.1,74.5,78.1,78.4,79.6,7.25,7.05,43.8,65.3,1902.4
ONOS ifwd,34.5,64.3,84,6.67,71.9,143,64.7,86.5,62.7,33.2,81.1,74,33.4,37.6,64.5,7.19,54.7,71.6,156,59.8,42.4,48.2,73.2,71.5,74.4,74.9,10.2,57.5,6.62,7.61,69.9,69.9,1897.69
ONOS ifwd,73.2,33.5,53.7,64.7,55.8,70.9,64.3,140,14,63.8,51.2,68.5,47.2,16.2,66.6,66.6,74.6,74.2,74.3,7.13,30.9,39.9,67.5,65.3,66.1,49.8,129,68.5,7.26,7.2,66.1,120,1897.99
ONOS ifwd,23.8,27.3,59.7,15.9,30.5,8.76,137,67.9,30.9,66.2,37.4,61.3,137,198,38.3,11.5,76.8,78.2,78.8,118,72.4,29.9,51.1,73,69.6,78,79,58.2,8.62,8.82,29.8,38.9,1900.6
ONOS ifwd,46.3,73.5,60.6,6.96,54.2,76.3,33.1,55.7,72.8,36.2,30.9,61,68.3,159,42.5,73.6,77.1,118,75,74,68.7,12.2,69.2,73.5,78,75.9,76.7,50.6,6.98,6.83,75.1,11.6,1900.37
ONOS ifwd,35.8,63.1,67.7,32.3,105,56.1,14.1,38.2,48.9,21.8,33.9,64,65.9,31.5,66,207,59.2,73.9,131,72.8,34.7,72.4,66.7,67.2,60.4,74.7,57.5,72.9,6.54,6.75,6.96,85.9,1900.85
ONOS ifwd,25.7,63.7,75.7,6.95,47.6,69.3,70.8,62.3,73.6,76.6,76.4,76.6,59.5,72.8,30.8,63.7,44.9,71.6,79.8,40.7,67.2,49.7,76.4,67.5,80.1,46.6,50.4,77.4,73,41.4,7.78,76.5,1903.03
ONOS ifwd,10.2,39.1,65.4,68.7,67.3,62.8,62.5,53.3,64.8,115,72.5,58.3,53,25,64.2,69.4,68.2,32.9,74,19.6,49.1,69.2,150,52.1,56.7,75.6,75.2,124,6.84,48.7,7.31,40.6,1901.55
ONOS ifwd,75.5,76.4,65.8,6.95,44.6,67.5,51.3,69.2,86.5,60.1,76.1,77.1,40.3,73.1,71.1,8.45,99.3,71,49,6.87,73.7,70.1,49.2,74.7,55.1,74.1,39,75.4,8.62,6.75,121,74.9,1898.74
ONOS ifwd,41.6,65.3,14.4,10.3,21.9,26.7,27.6,58.7,25.1,42.5,43.7,9.35,119,10.1,173,262,64.5,113,77.6,77.6,36.8,43.9,62.9,65.4,77.9,78,94.3,114,10.3,6.97,5.9,20.1,1900.42
ONOS ifwd,68.3,11.1,66.8,7.62,67.9,55.8,44.6,74.7,72.9,56.7,37.8,76.3,150,27.6,99.3,33.6,80.9,84.6,77.3,68.1,67.7,38.7,69.2,48.3,75.6,66.4,52.4,77.8,29.5,63.9,7.46,41.8,1900.68
ONOS ifwd,29.1,53.4,53.3,7.61,39,71.5,69.2,71.6,71.6,74.3,124,75.1,46.6,50.7,40.8,73.2,76.7,72,50.2,76,56.6,77.1,75.7,77.2,117,33.8,74.7,73.6,13.2,7.94,7.13,61.4,1901.28
ONOS ifwd,40,64.5,71.6,61.1,72.1,51.3,70.8,71.4,68.1,33.5,77.9,73.7,30.5,45.5,68.2,49.1,78.5,79,71.9,7.22,60,76,57.7,75.9,93.4,76.2,76.2,78.2,28.7,7,6.89,76,1898.11
ONOS ifwd,71.1,57.5,50.6,53.9,40.2,69.4,33.5,63.6,61.3,30.4,80.1,65.7,104,56.9,68,44.5,71.5,116,72.3,45.7,72.3,71.5,71.4,56.6,7.23,71.8,64.1,59.2,6.48,67,24.8,70.7,1899.31
ONOS ifwd,68.8,62.8,69.1,6.78,7.81,7.52,39.6,33.2,43.5,44.7,17.1,70.2,44.2,140,242,48.5,62.4,63.7,42.5,59.5,25.8,11.6,52.5,134,6.14,60.2,331,39.7,9.84,6.01,6.21,35.2,1892.11
ONOS ifwd,57.3,33.2,74.9,66.9,45.2,75,45.8,31.2,74.8,66.5,149,61.1,72.7,32,18,47.1,81.8,82.4,82.1,30.6,71,60.5,58,80.9,8.42,82.2,92.5,83,7.56,81.1,35.7,11.6,1900.08
ONOS ifwd,73.7,71.5,73,65,44.4,66.5,54.3,66.5,125,39.4,29.4,52.4,48.2,72.2,23.9,46.4,82.1,84.8,77.6,13.6,85.4,81.9,65.5,80.1,10.3,84.2,83.8,86.2,9.51,7.6,12.9,84.3,1901.61
ONOS ifwd,42.8,54.6,72.1,21.6,28.1,54.6,32.9,56.6,71.9,34.5,39.7,37.3,18.4,204,45.8,136,81.6,82.7,73.8,80,74.9,56.1,20.7,38.3,7.94,85.3,83.5,84.4,63,59.5,11.6,46.5,1900.74
ONOS ifwd,58.3,79.2,86.4,8.32,74.4,75,33.8,62.4,39.6,76.7,46.6,52.4,72.4,73.3,41.5,69.2,49,73.3,111,75.2,64.2,126,72,69,6.83,74.9,53.1,75.6,29.7,8.16,6.64,55.5,1899.65
ONOS ifwd,73.9,73.9,38.8,73.3,70.5,31.8,69.2,38,70.1,62.6,33.5,67.6,67.9,70.6,55.6,54.1,76.9,76.3,76.5,51,77.2,76.5,75.2,60.4,9.49,74.1,75.3,78.5,28.4,9.33,35.6,69.2,1901.32
ONOS ifwd,76.7,73.1,72.7,6.97,31.1,125,45.5,46.6,70.1,72.2,65.2,14.4,53.4,54.6,73.4,67.6,133,74.1,62.5,76,74.3,72.1,74.6,6.78,6.8,114,71.4,80.4,7.73,27.5,9.17,57.6,1896.55
ONOS ifwd,141,53,34.4,10.5,63.3,62.3,35.3,82.3,63.4,61.6,38.7,61.1,45.4,24.4,120,52.4,70,74.8,74.4,75.5,57,52.6,103,61.7,11.5,74.8,74.2,75.1,7.01,57.2,7.96,72,1897.87
ONOS ifwd,75,33,44.2,69.5,52.3,50.1,57.5,67.8,28.1,149,36.7,72.2,74,7.51,64.4,68.6,76.4,76.7,76.7,77.2,81.9,76.9,76.7,6.97,33.3,75.1,72,77.6,6.94,48.1,14.1,72.6,1899.12
ONOS ifwd,70.9,66.1,71.2,45.6,152,129,33.2,71.5,54.8,38.1,25.4,65.6,12,63.8,11.2,41.2,42.3,79.7,78.6,80.1,67.5,52.4,77.9,8.23,79.1,80.6,78.1,90.9,7.08,17.7,62.1,46.8,1900.71
ONOS ifwd,74.6,76.1,30.6,36.2,76.1,74,73.6,74,41.8,61.3,68.8,76.2,24.4,49.8,74,39.4,74.6,71.3,72.9,66,68.6,72.1,73.8,24.9,23.3,63.7,73.8,120,6.65,7.77,58,72.1,1900.42
ONOS ifwd,73.3,58.7,45.4,67.4,60.2,69.4,45.3,61.8,63.1,72.2,65.2,72.1,48.8,23.5,65,60.6,77.6,75.7,79,37,56.8,77.5,64.6,34,7.12,77.8,79.9,79.5,78.3,65.6,15,45.2,1902.62
ONOS ifwd,32,61.2,70.9,66.3,66,69.7,96.4,36.4,32.9,65.2,65.1,67.7,69.9,27.8,58.2,65.3,75,72.8,72.7,128,35.1,60.4,72.5,7.54,7.2,70.8,74.3,75.9,51.5,64.9,6.83,73.9,1900.37
ONOS ifwd,6.79,49.2,53.7,151,20.5,71.8,43,74.8,59.3,72.9,32.6,53.4,73.6,50.1,32.7,106,84.3,84.2,83.3,82.6,7.67,81.8,79.7,27.3,12.1,83.8,83.1,78.6,7.35,7.35,66.9,79.6,1901.06
ONOS ifwd,75.8,40.6,61.9,76.4,52.1,47.2,75.3,75.4,23.7,45.6,76.1,75.9,55.8,70.6,67.1,31.6,60.1,71.2,70.7,74.7,35.2,80.2,80.3,19.5,78,76.4,71.4,82,10.5,9.56,9.25,120,1900.11
ONOS ifwd,52.1,63.2,56.3,58.1,75,57.3,44.7,27.7,71.5,38,38,70.2,67.1,57.1,47,128,75.6,76.2,76.3,7.7,50.1,71.6,56.9,71,123,16.2,75.1,75.7,6.57,48.4,72.9,46,1900.57
ONOS ifwd,72.4,70.8,58.1,81.2,63.7,72.3,7.28,71.9,65.4,8.65,43.4,70.4,55.3,72,72.3,65.5,69.6,67.5,43.6,75,25,64.6,66.3,13.1,81.8,71.3,72,70.2,66.4,40.5,50.4,71.5,1899.43
ONOS ifwd,69.5,68.8,34.2,6.26,55.7,25.7,31.3,25.1,51.1,68.5,68.7,262,44.6,63,67.5,7.44,70.8,101,63.7,58,6.57,72.2,73.1,112,7.49,6.93,54.4,128,67,7.02,49,68.9,1895.51
ONOS ifwd,73.4,64.1,74,7.08,72.4,65.1,54.5,70.3,31.9,74.3,69.6,72.9,70.3,49.6,66.6,35.6,54.7,73.9,70.8,72.7,60.2,73.6,73.9,12.1,74.4,11.2,75.9,75.9,10.6,21.2,6.93,183,1902.71
ONOS ifwd,73.8,50.3,73.5,10.5,63.3,68.3,63.2,36.9,71.5,73.4,73,63.1,69.4,44.7,70.4,46.6,78.6,76.9,78,77.5,71.4,49.6,77,8.28,26.2,63.9,54.8,72.8,10.6,48.3,77.1,79.4,1902.28
ONOS ifwd,44.8,72.4,69.7,40.2,70.3,67,59.2,57.4,71.4,58.8,59.1,69.9,63.3,46.9,50.7,50.2,75.1,72.5,76.8,76.5,47.5,76.6,53.1,75,7.37,74.7,94,77.4,6.95,53,7.07,76.3,1901.19
SDNetViews (w/ verification),32,101,100,36.2,52.6,4.5,21.3,49.4,56.4,141,50.9,9.85,57.5,87.5,98.5,66,19.7,51.4,50.9,53.6,31.7,120,8.86,45.1,87.3,87.3,95.3,36.1,96.8,60.3,48.9,70.3,1928.21
SDNetViews (w/ verification),56.1,53.9,66,61.6,62.4,28.1,39.9,21.5,55.8,42.3,65.4,23.8,35.3,29.7,163,148,35.1,69.1,70.8,70.6,59.5,22.6,59.2,24.9,101,69.6,53.7,61,34,40.2,47.5,133,1904.6
SDNetViews (w/ verification),76.8,12.7,74.7,106,44.3,47.8,74.3,34.4,37,76.6,48.8,70.2,63.5,38.2,75.3,74.6,40.6,67.6,73,99.6,64.6,40,58.1,59.6,34,63.5,73.6,71.4,66.4,9.8,65,67.2,1909.2
SDNetViews (w/ verification),73.2,90.5,58,61.9,71.3,70.8,60.5,54.5,66.1,48.6,63.2,73.1,49.6,36.9,32.7,44.6,8.38,56.2,69,73,39,69.4,63.1,70.9,56.3,72.8,72.9,88.8,61.2,39.1,73.2,40.7,1909.48
SDNetViews (w/ verification),70.6,48,56.9,56,63.9,59.7,57.2,57.7,67.2,70.1,67.3,66.3,62.9,68.1,63.8,19.5,22.2,99.1,71.2,70.5,58.3,57.1,64.3,62.4,71.3,66.1,44.4,27.2,73.6,30.8,78.7,57.2,1909.6
SDNetViews (w/ verification),75.6,64.1,76,35.5,40.7,57.3,45.9,54.6,73.6,96.6,50,61.1,67.5,67,27,61.6,63.1,34.9,41,68.3,47,20.1,27.4,140,72.2,61.8,32.6,58.8,23.3,63.9,59.2,140,1907.7
SDNetViews (w/ verification),74.6,45.9,70,73.8,55.4,42.4,168,71.9,81.7,29.8,43.5,64.3,28.2,36.5,23.7,46.2,31.1,46.4,66.9,73,33.1,64.6,55.6,70.6,68.2,73.8,58.4,74.6,63,71.7,32.4,71.3,1910.6
SDNetViews (w/ verification),30.4,68.9,118,60.1,127,68.2,67.8,59.2,55.9,25.8,55.3,69.3,37,43.6,53.7,15.4,69.3,70.3,132,55.3,43.2,51.9,57.6,62,71.4,69.9,6.57,49.8,53.2,57,61.2,44.1,1910.37
SDNetViews (w/ verification),78.3,70.6,46.5,77.2,80.7,74.8,79.5,35.3,36.7,69.1,8.02,81.4,61.7,24.5,50.8,79,74.7,26.2,10,47.3,41.7,7.1,71.3,29.7,109,224,149,45.7,38.5,49.2,10.9,19.7,1908.12
SDNetViews (w/ verification),77.1,70.2,59.9,58.1,73.6,58.9,33.3,64.9,64.2,68.4,64.7,77.8,59.2,8.32,49.3,67.4,45.2,77.4,63.3,73.2,65.1,22.7,32.5,75.7,76.4,72.3,53.2,76.6,43.4,70.2,32.4,75.1,1910.02
SDNetViews (w/ verification),75.7,76.4,46.9,77.8,66.8,53.5,57,68.1,55.3,70.2,77.1,77.2,17.4,6.77,69.3,59.4,71.7,39.6,21.2,74,30.6,36.2,73.9,24.6,56.5,60.1,47,74.2,63,72.3,145,65.3,1910.07
SDNetViews (w/ verification),95.4,149,40.7,37.4,69.3,15.4,70.2,69.3,10.8,69.5,13.8,20.2,35.6,6.28,29.7,225,78.1,38.2,72.7,78.1,63.9,38.2,82.5,54,72.3,57.6,49.9,77.9,80.3,71.6,27.9,11.5,1912.28
SDNetViews (w/ verification),32.1,75.2,61.6,34.1,76.4,31.1,6.74,148,95.9,55.4,69.2,37.7,71.1,36.8,52.1,71.3,64.2,63.6,57.4,77.3,73.3,6.63,72.3,62.1,70,74.2,55.3,60.2,47.6,69.8,66.5,32.8,1907.97
SDNetViews (w/ verification),73.3,73.3,69.7,73.6,70,66.5,11,70.6,31,23.3,47.3,150,46.8,6.61,68.7,73.5,40.8,57.6,76.7,77.7,76.9,7.73,36.5,75.8,48.6,58.4,75.6,77.8,52.8,48.4,73.4,69.5,1909.44
SDNetViews (w/ verification),15.4,66.7,51.6,57.7,38.6,65.6,43,82.1,76.2,82.2,80.9,83.6,43.3,16.3,69.5,81.2,10.1,36.7,76.7,77.6,74.7,7.46,77.2,72.9,70.5,47.9,73.1,106,50.7,63.1,74,34.5,1907.06
SDNetViews (w/ verification),25.2,70.7,70.9,99.2,60.4,192,8.11,70.3,70.2,73.3,48.3,71.2,51.9,6.33,27,10.7,30.4,73.9,81.5,58.1,73.6,6.73,58.4,68.3,44.4,70.5,73.8,74.3,61.2,70.3,67,42,1910.17
SDNetViews (w/ verification),48.4,92.4,54.2,76.6,78.1,60,9.21,70.1,76.2,79.8,43,74.5,61.4,7.5,70,54.2,71.7,69.9,49.2,76.5,66.4,6.7,64.1,74.3,31,65.4,53.4,71.8,38.9,67.4,74.7,73.1,1910.11
SDNetViews (w/ verification),74.5,72.4,56.1,74,65.4,73.6,6.66,44.8,71.2,74,67.8,74,60.1,6.64,67.2,66.7,72.9,60.9,62.9,69.3,66.6,67.6,38.5,15.2,52.2,57.7,73.9,55.3,112,36.8,71.8,40.7,1909.4
SDNetViews (w/ verification),52.4,33.5,65.1,73.7,9.8,43.3,9.28,8.93,12,32.4,9.13,64.3,67.3,6.51,331,137,7.79,86.1,78.6,86.1,66.3,49.8,38.7,19.1,83.5,82.8,97.8,89.9,32.4,54.1,51.6,28.7,1908.94
SDNetViews (w/ verification),74.9,66.9,90.4,58.7,46.6,48.2,7.93,64.9,73.4,42.7,52.7,39.9,59.6,7.2,73.8,147,6.97,65.9,66.9,82.2,49.4,6.49,72.1,70.5,73.3,64.1,71.3,73.7,68.2,62.6,65.9,54.6,1908.99
SDNetViews (w/ verification),74.7,50.2,74.4,69,72.3,48.2,33.6,43,69,44.1,67.4,121,74.5,6.99,33,72.8,75.9,128,56,58.4,45.3,6.78,47.5,24.3,65,53.9,42.2,75.6,74.6,74,70.3,56.1,1908.07
SDNetViews (w/ verification),114,76,63.9,69.6,44.7,71.1,17.9,151,47.8,71.2,41,81.1,32.6,7.23,33.5,32.1,70.4,75.1,38.2,37.2,73,9.39,66.2,51,72.9,66,65.3,44.3,73.6,73,71.8,66.4,1908.52
SDNetViews (w/ verification),70.4,76.2,13.6,62.6,75.6,74,10.6,76.3,129,65.6,66.1,69.4,66.7,7.4,49.6,41.4,7.81,46.1,75.6,74.1,71.7,20.1,73.8,61.6,75.7,71.1,75.5,43.6,68.3,69.1,56.8,61.7,1907.11
SDNetViews (w/ verification),75.7,77,62.9,76.8,7.14,85.9,7.46,153,77.9,72.5,42.3,81.7,29.3,7.03,24.4,74.5,33.2,77.1,82.8,77.4,54.9,6.86,47.9,60.7,47.3,76.9,30.2,72.4,70.2,76,64.1,76,1909.49
SDNetViews (w/ verification),34.8,77.2,63.5,62.3,52.2,77,17.9,19.7,61.8,71.3,53.3,72,44.5,11.8,153,80.2,29.5,88.5,77,79.8,17.7,7.04,72.1,74,72.9,79,74.8,81.9,51.4,77.6,7.04,61,1903.78
SDNetViews (w/ verification),67.3,71.7,45.4,51.5,71.9,115,6.68,69.7,124,58.2,43.4,34.4,72.9,9.25,73.4,38.9,7.33,49.9,76.4,67.7,55.4,6.88,69.8,61.7,77.2,76.3,77.3,77.8,114,60.6,6.93,67.2,1906.07
SDNetViews (w/ verification),69.7,42.9,24.5,28.9,39.7,8.49,9.39,27.4,18,48.3,42.5,27.3,11.1,6.08,183,368,78.8,75.8,129,72,9.37,57.4,63.9,25.3,71.1,76,71.9,78.4,64.7,46.8,8.62,24.6,1908.95
SDNetViews (w/ verification),69.3,72,62.3,70.2,54.4,62.4,10.9,168,40.6,63.4,47,118,59.7,6.61,22.2,27.2,29.7,68.7,62.3,70.4,7.72,51.2,108,114,59.8,58.3,69.7,48.4,69.8,63.6,6.3,63.6,1905.73
SDNetViews (w/ verification),87.9,74.6,50,73.8,43.8,71.6,8.02,72.4,76.2,75.2,67.3,68.3,6.94,6.88,95.6,76.9,74.9,75,67.3,81.4,53,65.5,75.1,6.8,70.7,47.5,65.8,40,73.8,75.5,6.78,74.5,1909.02
SDNetViews (w/ verification),74,75,14.7,43.6,71.2,114,6.62,72,69.1,66.4,69.3,50.1,72.7,28.8,61.2,65.1,10.2,121,73.7,52.6,12.7,31.3,73.9,70.5,63.6,62.7,73.8,66,73,70.3,66.6,31.2,1906.92
SDNetViews (w/ verification),71.6,57.1,52.5,72.2,43.2,70,6.35,31.3,24.2,71.4,32,48.4,37.2,16.1,255,65.6,42.9,70.4,74.4,75.1,40.8,65.5,66.3,10.8,57,74.7,66.3,75.6,71.2,43.4,46.7,71.8,1907.05
SDNetViews (w/ verification),54.2,71.1,27.6,74.3,52,35.7,7.03,42.6,56.2,69.3,7.53,14.8,145,11.2,144,143,76.6,81.7,70.3,80.5,31.4,66.5,47.2,27.4,80.4,80.4,77.9,44.1,31.8,75.8,6.85,75.3,1909.71
SDNetViews (w/ verification),75.5,43.2,44.6,72.9,71.7,76,6.85,75.3,53.3,64.4,32.1,67.5,74.8,63.4,71.8,59.6,25.9,80.7,80,86,7.29,7.65,96,10.7,70.5,80.4,76.8,82.1,79.9,79.3,13.1,75.7,1904.99
SDNetViews (w/ verification),102,72.6,69.4,72.3,43.2,52.6,6.7,93.8,67.4,72,28,67,62.2,6.53,69.4,67.9,67.9,75.4,68.4,77.7,38.7,50,76.2,8.79,32.7,74.7,63.2,76.9,112,73.7,6.91,49.1,1905.33
SDNetViews (w/ verification),74.8,66.8,61.4,70.3,66.8,75.4,10.3,74.5,73,72.6,31.5,72.3,47.5,9.14,74.8,73.7,56.3,81.1,78.6,80.6,16.1,8.09,80.9,25.4,77.8,80,44.8,82.3,77,80.8,9.09,73.7,1907.42
SDNetViews (w/ verification),57.1,37.5,32.8,11.3,67,67.5,31.9,55.1,15.2,58.5,8.48,139,134,10.1,36.3,193,80.5,83,79.5,82.3,29.2,10.2,77,7.02,74.4,80.7,78.4,52.8,69.2,73.5,6.96,67.6,1907.06
SDNetViews (w/ verification),87,61.1,31.1,65.5,89.1,62,61.8,47.9,36.4,56.1,59.6,71.3,73.5,6.65,73.4,73.1,71.6,74.6,79.4,80.5,7.93,73.4,78,31.7,41.2,68.6,62.1,76.4,44.1,76.1,11.4,77,1909.58
SDNetViews (w/ verification),70.2,71.5,64.4,74,48.9,63.3,8.7,73.7,72.4,71.2,78.2,42,73.9,44.2,69.8,27.4,73.7,57.6,56.4,74.5,68.3,10.1,69.5,26.1,71.8,60.2,67.5,75.6,45.8,62.9,62.1,70.7,1906.6
SDNetViews (w/ verification),77.4,52,69.6,76.8,11,34.6,6.91,36.5,76.5,21.8,14.8,39,45.5,7.12,77.1,307,36.6,79,78.7,80.5,67.9,7.13,77.8,37.4,54.7,79.4,77.4,79.1,55.9,68.1,7,66.1,1906.36
SDNetViews (w/ verification),33.4,12.6,71.3,71.1,75.1,78.3,7.5,78.4,156,78.4,78.1,78.5,11.6,7.17,37.8,78.5,71.9,77.2,47.9,77.2,9.47,63.2,76.9,6.98,27.8,71.5,72.3,75.6,51.9,76.7,72.8,73.2,1906.32
SDNetViews (w/ verification),74.9,69,9.1,119,78.2,74.8,52.9,74,42,49,53.5,61.3,62.9,6.78,54.7,71.9,76.5,50.6,73.4,75.4,49.2,17.1,76.6,7.59,76,56.7,77.2,77.4,73.2,48,42,76.8,1907.67
SDNetViews (w/ verification),6.96,32.2,104,103,26,24,6.14,47.7,50,16.6,68.5,51.1,68.1,6.16,208,136,77.1,64.1,76.6,78.3,33.2,26.4,66.5,7.06,76.2,76,62.9,54.9,62.4,73.8,43.8,74.2,1907.92
SDNetViews (w/ verification),63.4,80.1,147,72,51,68.4,21.3,41.3,64.8,74.7,63.7,41.8,40.5,6.65,53.4,64.8,6.91,74.5,105,75.6,69.3,6.89,89.5,54.7,53.4,66,69.4,19.3,56.6,76.3,57,73.2,1908.45
SDNetViews (w/ verification),87.7,33.5,70.2,47.5,45.6,51.3,64.8,72.7,41.5,42.5,65.5,29.7,73.4,8.01,154,66.9,76.8,78.4,70.7,79.9,76.5,7.12,76.8,7.01,77.9,126,58.5,8.81,68.1,68.2,13.9,57.3,1906.75
SDNetViews (w/ verification),40.7,75,30.5,75.4,84.6,60.8,9.82,179,55.9,63.7,70.7,64.4,21.5,45.2,61.7,15.4,76.5,75.4,86,76.9,42.9,47.1,77,10.3,72.5,75.9,77,60,38.5,76.6,6.92,52.8,1906.64
SDNetViews (w/ verification),72.5,51.8,71.3,74.2,58.4,64,6.92,70.6,63.4,71.5,66,73.6,64.7,23.1,67.4,55.7,65.2,60,118,57.6,12.3,72.2,67.8,28.5,63.3,58,69.5,66.3,42.1,41.8,60.2,71.5,1909.42
SDNetViews (w/ verification),44.7,57.8,71.5,78.8,74.5,60.4,12.8,65.5,71.1,71.8,55.1,123,33.3,6.49,67.9,59.1,20.3,71.3,110,114,61.1,7.23,70.8,37.5,59.1,74.4,66.7,7.73,70.7,62.8,62.9,55.8,1906.15
SDNetViews (w/ verification),69.3,64.3,62.3,64.6,66.8,7.5,12.8,52.5,59.5,54.2,54.2,27.2,9.41,9.6,273,65.9,56.5,63.9,69.5,70.1,6.13,6.2,19.3,17.1,46,121,61.9,23.1,62.7,55.1,11.3,263,1905.94
SDNetViews (w/ verification),74.1,74.4,66.4,72.7,38,243,6.72,51,49.3,29.4,11.9,59.8,57,17.7,42.2,60.5,16.6,78.7,58,78.4,45.1,7.06,76.4,27.3,68,141,78.3,58.8,75.4,76.8,8.73,57.6,1906.31
SDNetViews (w/ verification),54.6,23.7,74.6,75.6,62,38.8,64,54.5,64.1,47.9,31.3,62.2,149,8.54,41.6,103,69.2,77,76.2,76.5,7.02,73,75.7,52.4,50.1,76.4,135,9.65,7.29,65.9,29.4,73.4,1909.6
SDNetViews (w/ verification),31.9,100,99.6,36,52.2,4.48,21.1,49,56.1,140,50.5,9.78,57.1,87,97.9,65.4,19.6,51.1,50.5,53.4,31.5,120,8.81,44.9,86.8,86.8,94.8,36,96.3,60,48.5,70,1917.07
SDNetViews (w/ verification),55.8,53.7,65.7,61.4,62.2,28,39.7,21.4,55.6,42.1,65.2,23.8,35.2,29.7,162,148,35,68.9,70.6,70.4,59.3,22.6,59,24.8,100,69.4,53.6,60.7,33.8,40.1,47.4,133,1898.1
SDNetViews (w/ verification),76.6,12.7,74.5,106,44.1,47.6,74,34.4,36.9,76.3,48.6,70,63.3,38.2,75.1,74.3,40.5,67.3,72.7,99.1,64.5,40,58,59.4,33.9,63.4,73.4,71.3,66.2,9.77,64.7,67,1903.77
SDNetViews (w/ verification),73,90.2,57.8,61.6,71.1,70.6,60.3,54.3,65.9,48.5,62.9,72.9,49.5,36.9,32.5,44.4,8.34,56.1,68.8,72.9,38.8,69.1,63,70.8,56.2,72.6,72.7,88.5,61,39,73,40.5,1903.74
SDNetViews (w/ verification),70.4,47.8,56.6,55.7,63.7,59.4,57,57.6,66.8,69.8,67.1,65.9,62.5,67.9,63.5,19.5,22.1,98.8,70.9,70.3,58.1,56.8,64.1,62.2,71,65.9,44.2,27.1,73.3,30.7,78.5,57,1902.2
SDNetViews (w/ verification),75.3,63.9,75.8,35.5,40.5,57.1,45.8,54.4,73.4,96.4,49.9,60.8,67.2,66.8,26.9,61.4,63,34.8,40.7,68.2,46.8,20,27.3,140,71.9,61.6,32.5,58.6,23.3,63.6,59.1,140,1902.5
SDNetViews (w/ verification),74.4,45.8,69.7,73.5,55.3,42.3,168,71.6,81.5,29.7,43.3,64.2,28.1,36.3,23.6,46,31,46.3,66.7,72.8,33,64.4,55.3,70.4,67.9,73.5,58.1,74.3,62.8,71.3,32.3,71.1,1904.5
SDNetViews (w/ verification),30.3,68.7,117,59.8,127,67.9,67.6,58.9,55.8,25.7,55.1,69.1,36.9,43.5,53.5,15.3,69.1,70,131,55.1,43.1,51.8,57.4,61.7,71.2,69.7,6.54,49.7,53.1,56.7,61,44,1903.24
SDNetViews (w/ verification),78.1,70.4,46.2,77,80.5,74.6,79.2,35.1,36.5,69,7.99,81.3,61.6,24.3,50.7,78.9,74.5,26.1,10,47.2,41.6,7.07,71.1,29.6,109,224,148,45.5,38.4,49.1,10.9,19.6,1903.06
SDNetViews (w/ verification),77,70.1,59.8,57.9,73.4,58.7,33.3,64.7,64,68.3,64.6,77.6,59.1,8.28,49.2,67.2,45.1,77.1,63.1,73,65,22.6,32.4,75.5,76.2,72.1,53.1,76.3,43.3,70,32.3,74.8,1905.08
SDNetViews (w/ verification),75.5,76.2,46.8,77.6,66.7,53.4,57,67.9,55.1,70,76.8,77,17.4,6.76,69.1,59,71.4,39.4,21.1,73.8,30.5,36.1,73.6,24.6,56.3,60,46.8,74.1,62.8,72.1,144,65.1,1903.96
SDNetViews (w/ verification),93.9,148,40.6,37.3,69.1,15.3,69.9,69.1,10.8,69.3,13.8,20.1,35.5,6.26,29.6,224,77.8,38.1,72.5,77.9,63.7,38.1,82.2,53.9,72,57.4,49.7,77.8,80,71.4,27.8,11.4,1904.26
SDNetViews (w/ verification),32,75,61.4,34.1,76.1,31,6.73,148,95.6,55.2,69,37.6,70.8,36.6,52,71,63.9,63.3,57.1,77,73.2,6.62,72,61.9,69.8,74.1,55.1,59.9,47.4,69.7,66.4,32.7,1902.25
SDNetViews (w/ verification),73.2,73.2,69.6,73.5,69.8,66.3,11,70.4,31,23.2,47.2,149,46.6,6.59,68.4,73.3,40.7,57.4,76.5,77.4,76.7,7.69,36.4,75.6,48.4,58.3,75.4,77.6,52.7,48.3,73.1,69.3,1903.78
SDNetViews (w/ verification),15.3,66.6,51.5,57.5,38.5,65.5,42.8,81.9,76,82.1,80.8,83.4,43.2,16.2,69.3,81,10.1,36.7,76.4,77.4,74.5,7.44,77,72.7,70.4,47.7,72.8,106,50.5,62.9,73.7,34.4,1902.24
SDNetViews (w/ verification),25.2,70.5,70.8,98.7,60.2,191,8.08,70,70,72.8,48.2,71,51.7,6.31,26.9,10.6,30.3,73.7,81.2,57.8,73.3,6.71,58.3,68.1,44.2,70.3,73.5,74,61,70.1,66.8,41.9,1903.2
SDNetViews (w/ verification),48.2,92.1,54,76.3,77.8,59.9,9.19,69.9,75.9,79.5,42.8,74.3,61.2,7.48,69.9,54.1,71.5,69.7,49.1,76.2,66.3,6.68,63.9,74.1,31,65.3,53.3,71.7,38.8,67.2,74.5,72.8,1904.65
SDNetViews (w/ verification),74.3,72.2,56,73.8,65.1,73.5,6.64,44.7,71,73.8,67.6,73.8,59.9,6.62,66.9,66.5,72.8,60.8,62.7,69.1,66.4,67.4,38.4,15.2,52,57.4,73.7,55.2,112,36.7,71.6,40.6,1904.36
SDNetViews (w/ verification),52.2,33.3,65,73.5,9.76,43.2,9.26,8.9,12,32.3,9.1,64.1,67,6.5,329,136,7.76,85.8,78.5,86,66.1,49.7,38.6,19.1,83.2,82.6,97.5,89.6,32.3,54,51.5,28.6,1901.98
SDNetViews (w/ verification),74.7,66.7,90.1,58.5,46.5,48.1,7.91,64.6,73.2,42.5,52.5,39.9,59.5,7.11,73.6,146,6.95,65.8,66.5,81.8,49.3,6.47,72,70.3,73.2,64,71.1,73.5,68,62.5,65.7,54.4,1902.94
SDNetViews (w/ verification),74.4,50.1,74.1,68.9,72.1,48.1,33.6,42.8,68.8,44,67.2,120,74.3,6.97,33,72.5,75.7,128,55.8,58.2,45.2,6.76,47.4,24.3,64.8,53.7,42.1,75.4,74.4,73.8,70.1,56,1902.53
SDNetViews (w/ verification),114,75.8,63.8,69.3,44.6,70.9,17.9,150,47.6,71,40.9,80.9,32.5,7.03,33.4,32,70.3,74.9,38.1,37.1,72.8,9.35,65.9,50.8,72.7,65.8,65.2,44.2,73.4,72.8,71.6,66.2,1902.78
SDNetViews (w/ verification),70.2,76.1,13.6,62.5,75.3,73.8,10.5,76,128,65.4,66,69.3,66.5,7.36,49.5,41.2,7.78,45.9,75.4,73.9,71.6,20,73.6,61.4,75.5,71,75.2,43.5,68.1,68.9,56.7,61.5,1901.24
SDNetViews (w/ verification),75.4,76.8,62.7,76.6,7.12,85.6,7.43,152,77.5,72.2,42.2,81.4,29.2,7.01,24.4,74.2,33.1,76.8,82.4,77.1,54.8,6.84,47.8,60.4,47.2,76.6,30.2,72.2,70.1,75.8,63.8,75.8,1902.7
SDNetViews (w/ verification),34.5,76.8,63.4,62.1,52,76.7,17.9,19.7,61.6,71.1,53.2,71.8,44.4,11.8,152,80,29.3,88,76.7,79.5,17.7,7.01,71.7,73.8,72.7,78.8,74.6,81.6,51.2,77.4,7.02,60.9,1896.93
SDNetViews (w/ verification),67.2,71.4,45.3,51.4,71.5,114,6.66,69.5,124,58,43.2,34.3,72.7,9.22,73.1,38.8,7.29,49.9,76.3,67.5,55.3,6.87,69.5,61.5,77,76.1,77,77.6,114,60.5,6.91,67,1900.55
SDNetViews (w/ verification),69.6,42.7,24.4,28.8,39.5,8.47,9.36,27.3,18,48.1,42.4,27.2,11,6.05,182,366,78.5,75.6,128,71.9,9.34,57.2,63.7,25.3,71,75.7,71.7,78.1,64.5,46.7,8.6,24.5,1901.22
SDNetViews (w/ verification),69.2,71.8,62.1,70,54.3,62.3,10.9,167,40.5,63.1,46.9,117,59.5,6.59,22.2,27.1,29.6,68.4,62.2,70.1,7.69,51,108,114,59.6,58.2,69.4,48.3,69.6,63.4,6.28,63.4,1899.66
SDNetViews (w/ verification),87.6,74.4,49.8,73.5,43.7,71.3,8,72.1,76,74.9,67.1,68.1,6.91,6.85,95.2,76.7,74.6,74.7,67.2,81.1,52.8,65.3,74.9,6.78,70.4,47.4,65.7,39.9,73.7,75.3,6.77,74.3,1903.01
SDNetViews (w/ verification),73.8,74.9,14.6,43.5,71,114,6.6,71.8,68.9,66.2,69,50,72.4,28.7,61,65,10.2,120,73.4,52.5,12.6,31.2,73.7,70.2,63.4,62.5,73.6,65.8,72.8,70.1,66.4,31.2,1901
SDNetViews (w/ verification),71.4,57,52.3,72,43.1,69.7,6.33,31.2,24.1,71.2,32,48.1,37.1,16,255,65.4,42.8,70.2,74.2,74.9,40.6,65.3,66.1,10.8,56.9,74.5,66,75.4,71.1,43.3,46.5,71.6,1902.13
SDNetViews (w/ verification),54,70.9,27.4,74.1,51.8,35.6,7,42.5,55.9,69.1,7.5,14.8,144,11.1,144,143,76.4,81.4,70.2,80.2,31.3,66.3,47.1,27.3,80.1,80.2,77.7,44,31.7,75.6,6.84,75.1,1904.14
SDNetViews (w/ verification),75.3,43.1,44.6,72.8,71.5,75.7,6.83,75.1,53.2,64.2,32,67.3,74.5,63.2,71.6,59.5,25.8,80.6,79.8,85.8,7.28,7.63,95.8,10.7,70.2,80.2,76.6,81.9,79.6,79.2,13.1,75.5,1900.14
SDNetViews (w/ verification),102,72.4,69.2,72.1,43.1,52.4,6.68,93.5,67.3,71.7,28,66.8,62,6.51,69.2,67.7,67.7,75.2,68.2,77.5,38.6,49.9,76,8.76,32.6,74.4,63,76.7,111,73.6,6.9,49,1899.65
SDNetViews (w/ verification),74.7,66.5,61.1,70.1,66.5,75.1,10.3,74.3,72.8,72.4,31.4,72,47.3,9.11,74.6,73.4,56.2,80.9,78.4,80.5,16.1,8.07,80.6,25.3,77.6,79.8,44.6,82,76.9,80.6,9.07,73.6,1901.85
SDNetViews (w/ verification),57,37.4,32.7,11.3,66.8,67.4,31.8,54.9,15.1,58.4,8.44,139,133,10,36.2,192,80.3,82.8,79.3,82,29.1,10.2,76.8,7,74.2,80.4,78.2,52.6,68.9,73.3,6.94,67.4,1900.88
SDNetViews (w/ verification),86.5,60.9,31,65.3,88.6,61.9,61.7,47.8,36.3,56,59.4,71.1,73.2,6.61,73.2,72.9,71.5,74.4,79.1,80.3,7.89,73.2,77.8,31.6,41.2,68.4,61.9,76.2,44,75.9,11.4,76.9,1904.1
SDNetViews (w/ verification),70,71.4,64.1,73.8,48.7,63.1,8.49,73.5,72.2,70.9,78,41.9,73.7,44,69.6,27.4,73.5,57.4,56.2,74.3,68.1,10,69.2,26,71.6,59.9,67.4,75.3,45.8,62.8,62,70.6,1900.89
SDNetViews (w/ verification),77.2,51.9,69.4,76.6,10.9,34.5,6.9,36.4,76.3,21.7,14.7,38.9,45.4,7.1,76.9,307,36.5,78.8,78.4,80.3,67.8,7.11,77.6,37.2,54.6,79.2,77.2,78.9,55.8,67.9,6.99,65.9,1902
SDNetViews (w/ verification),33.3,12.5,71.1,70.8,74.8,78.1,7.49,78.1,156,78.2,78,78.4,11.5,7.16,37.5,78.2,71.7,77,47.8,76.9,9.43,63,76.7,6.97,27.7,71.3,72.1,75.4,51.7,76.5,72.6,73.1,1901.05
SDNetViews (w/ verification),74.7,68.7,9.07,119,77.9,74.5,52.7,73.7,41.9,48.9,53.4,61.1,62.7,6.76,54.5,71.7,76.2,50.5,73,75.3,49,17,76.4,7.56,75.8,56.6,77,77.1,73,47.8,41.8,76.6,1901.89
SDNetViews (w/ verification),6.93,32.1,104,102,25.9,24,6.12,47.5,49.8,16.6,68.3,51,67.9,6.14,207,136,76.9,63.9,76.4,78.1,33,26.3,66.3,7.04,75.9,75.7,62.7,54.7,62.2,73.6,43.6,74.1,1901.73
SDNetViews (w/ verification),63.2,79.8,146,71.8,50.9,68.2,21.2,41.2,64.7,74.5,63.6,41.8,40.4,6.63,53.2,64.6,6.89,74.3,104,75.5,69.1,6.87,89.2,54.6,53.2,65.9,69.2,19.3,56.4,76.2,56.9,73.1,1902.39
SDNetViews (w/ verification),87.5,33.4,70,47.3,45.5,51.2,64.5,72.4,41.4,42.3,65.4,29.6,73.2,7.97,153,66.7,76.6,78.3,70.5,79.7,76.2,7.1,76.6,7,77.7,126,58.3,8.78,67.9,68,13.9,57.2,1901.15
SDNetViews (w/ verification),40.6,74.8,30.4,75.2,84.3,60.6,9.78,179,55.7,63.5,70.4,64,21.4,45.1,61.5,15.4,76.3,75.2,85.7,76.6,42.7,46.9,76.8,10.3,72.4,75.6,76.8,59.8,38.4,76.4,6.9,52.7,1901.18
SDNetViews (w/ verification),72.3,51.7,71,74,58.2,63.8,6.89,70.5,63.2,71.3,65.8,73.4,64.3,23,67.2,55.6,64.9,59.9,117,57.4,12.2,72.1,67.6,28.4,63,57.8,69.2,66,42,41.7,59.9,71.2,1902.49
SDNetViews (w/ verification),44.6,57.5,71.3,78.4,74.3,60.2,12.8,65.2,70.8,71.5,54.9,122,33.1,6.47,67.7,58.7,20.2,71.1,109,114,60.8,7.21,70.6,37.4,59,74.1,66.5,7.69,70.6,62.6,62.7,55.6,1898.57
SDNetViews (w/ verification),69.2,64.1,62.1,64.4,66.5,7.46,12.7,52.3,59.3,54,54.1,27.1,9.37,9.56,272,65.7,56.3,63.6,69.2,69.8,6.1,6.17,19.3,17.1,45.9,121,61.6,23,62.4,54.9,11.3,262,1899.56
SDNetViews (w/ verification),73.9,74.1,66.3,72.5,37.9,242,6.69,50.8,49.2,29.3,11.8,59.7,56.9,17.6,42.1,60.3,16.5,78.5,57.9,78.3,44.8,7.04,76.3,27.3,67.9,141,78,58.6,75.2,76.6,8.71,57.3,1901.04
SDNetViews (w/ verification),54.4,23.6,74.4,75.4,61.7,38.6,63.8,54.4,63.8,47.8,31.2,62,149,8.5,41.5,103,68.9,76.8,76,76.3,7,72.8,75.6,52.3,50,76.2,135,9.63,7.27,65.6,29.1,73.1,1904.7
SDNetViews (w/out verification),73.8,73.6,72.5,57.8,32.5,60.6,71.4,67.1,73.8,74.1,27,73.7,38.7,65.7,30.5,60.8,122,71.5,52.7,62.7,70.9,72.4,31,72.7,70.3,7.26,72.6,60.6,60.8,26.5,26.6,72.8,1906.96
SDNetViews (w/out verification),73.6,73.4,72.3,57.6,32.4,60.5,71.3,66.8,73.4,73.9,26.9,73.5,38.6,65.6,30.4,60.6,122,71.3,52.5,62.5,70.6,72.2,31,72.5,70.1,7.24,72.3,60.4,60.6,26.4,26.5,72.6,1901.54
SDNetViews (w/out verification),147,70.8,64.3,66.3,14.8,38.5,60,63.8,43.8,56.7,54.9,65.8,43.8,35.8,64.7,63.4,70.7,75.3,60.2,76,47.3,6.75,60.2,26.2,56.8,19.2,72,32.5,74.7,74.7,151,49,1906.95
SDNetViews (w/out verification),146,70.6,64.1,66.1,14.8,38.4,59.8,63.6,43.7,56.5,54.8,65.6,43.7,35.7,64.4,63.2,70.5,75,60,75.8,47.2,6.73,60,26.2,56.7,19.2,71.8,32.4,74.5,74.6,150,48.9,1900.53
SDNetViews (w/out verification),48.5,51.8,37.8,71.7,64.9,26.2,142,24.7,61.3,51,70.9,42.9,59.6,70.6,62,68.6,74,63.9,59.2,69.6,9.52,10.2,65,67.5,123,49.7,69.6,70,66.2,62.5,64.3,30.5,1909.22
SDNetViews (w/out verification),48.3,51.7,37.7,71.6,64.7,26.1,142,24.6,61.2,50.7,70.7,42.7,59.4,70.3,61.8,68.4,73.7,63.6,59,69.3,9.49,10.1,64.8,67.2,123,49.6,69.3,69.8,66,62.3,64,30.3,1903.39
SDNetViews (w/out verification),58,47.8,49.5,48.9,18.9,39.9,37.6,45.1,45,50.7,30.9,68.2,60.6,60.2,34.4,257,68.7,74.6,69.4,73.9,35.1,6.44,63.2,72.1,69.1,67.9,74.3,86,56,22,41.4,71.1,1903.94
SDNetViews (w/out verification),57.8,47.7,49.4,48.7,18.9,39.6,37.5,44.9,44.8,50.5,30.8,68,60.3,60,34.3,256,68.5,74.4,69.2,73.7,34.9,6.42,62.9,71.9,69,67.7,74,85.6,55.9,22,41.3,70.9,1897.52
SDNetViews (w/out verification),101,56,51.5,66.5,32.1,41.4,108,63,47,44.2,70.2,65.2,35.2,64.4,59.2,48.9,65.7,64.4,50,70.7,6.52,15.6,68.4,53.7,68.4,59.5,69.3,66.3,63.8,67.8,59,104,1906.92
SDNetViews (w/out verification),101,55.9,51.4,66.2,32,41.3,108,62.7,46.9,44.1,70,64.8,35.1,64.1,59,48.7,65.4,64,49.8,70.5,6.49,15.5,68.1,53.5,68.2,59.2,69.1,66,63.5,67.6,58.8,104,1900.89
SDNetViews (w/out verification),34.4,22.4,6.15,128,24.8,17.2,36.2,32.5,24.1,62.5,185,127,64.2,63.5,63.4,64,97.9,72.3,71,74,23.1,66.9,47.6,27.5,65.7,73.1,69.5,74.5,16.4,72.6,42.5,58.9,1908.85
SDNetViews (w/out verification),34.2,22.3,6.13,127,24.7,17.2,36.1,32.4,24,62.3,185,127,63.9,63.2,63.3,63.8,97.4,72.2,70.8,73.8,23.1,66.7,47.4,27.4,65.4,72.9,69.3,74.3,16.4,72.4,42.4,58.8,1903.23
SDNetViews (w/out verification),66.4,63.4,70.8,77.3,13.3,19.4,34.3,74.8,64.5,33.2,68.1,74.2,75.1,69.1,75.3,75.1,71.8,99.9,67.5,63.2,6.95,20.9,6.43,56.5,63.3,60.1,55.5,68.8,111,119,35.1,48.1,1908.38
SDNetViews (w/out verification),66.3,63.2,70.4,77.1,13.2,19.3,34.2,74.6,64.2,33,67.8,74,74.9,69,75,74.9,71.6,99.5,67.2,63,6.93,20.8,6.41,56.3,63,60,55.3,68.6,110,119,35,48,1901.74
SDNetViews (w/out verification),39.3,63.1,64.3,12.4,56.1,204,50.1,65,78.2,35.8,28.1,69,41,28.3,63.4,54.6,57.6,116,68.3,109,50.8,28.8,22,36.8,58.1,102,52.6,68.7,29.3,56.3,63,33.8,1905.8
SDNetViews (w/out verification),39.2,62.9,64,12.3,55.9,204,49.8,64.7,77.9,35.6,28,68.8,40.9,28.2,63,54.4,57.4,116,67.9,108,50.6,28.7,22,36.7,57.9,102,52.3,68.4,29.2,56.2,62.8,33.7,1899.4
SDNetViews (w/out verification),76.2,75.8,47.5,76.7,48,75.5,8.06,76,74.4,28.4,70.8,73.7,33.7,53.7,74.5,61.5,72,77.5,63.9,66.8,44.6,26.6,6.89,58.7,61.4,74.9,72.9,62.3,50.8,78.1,60.4,76.3,1908.55
SDNetViews (w/out verification),76.1,75.5,47.4,76.4,47.9,75.3,8.03,75.8,74.2,28.4,70.6,73.5,33.6,53.5,74.2,61.4,71.8,77.3,63.8,66.5,44.5,26.4,6.88,58.5,61.2,74.7,72.8,62.2,50.7,77.9,60.2,76.2,1903.41
SDNetViews (w/out verification),29.3,73.2,73.2,59.1,9.41,73,73.4,47.5,74,66.2,68.9,35.6,72.9,68.3,71.5,58.9,72.4,71.1,86.7,77.8,33,38.6,13.3,68.7,50.8,64.9,66,76.5,72.7,29.2,81.3,50.9,1908.31
SDNetViews (w/out verification),29.2,73.1,72.8,58.9,9.37,72.8,73.1,47.4,73.8,66,68.7,35.5,72.7,68.2,71.3,58.6,72.1,70.9,86.4,77.5,32.8,38.5,13.3,68.5,50.7,64.8,65.8,76.3,72.4,29.1,81,50.7,1902.27
SDNetViews (w/out verification),71.4,34.6,41.5,69,46.3,17.6,62.2,42.7,35,55.6,99.3,118,71.3,71.6,54.5,63.6,114,68.8,75.8,76.8,6.82,23.4,6.83,45.3,33.5,68.8,73.1,75.7,61.5,71.4,74.5,75.7,1906.15
SDNetViews (w/out verification),71.2,34.5,41.3,68.8,46.2,17.6,61.9,42.5,34.7,55.5,98.8,117,71.1,71.4,54.4,63.4,113,68.7,75.6,76.7,6.8,23.3,6.81,45,33.4,68.6,72.9,75.5,61.3,71.2,74.2,75.5,1898.81
SDNetViews (w/out verification),10.3,72.5,72.9,72,6.9,71.8,66.4,72.2,50,68.1,67,51.7,66.6,72.1,65.5,67.1,56.1,76.2,69.6,114,9.42,20.6,6.86,52.9,71,45.1,76.3,77,64.3,76.4,75.5,61.1,1905.48
SDNetViews (w/out verification),10.3,72.3,72.6,71.9,6.88,71.6,66.2,71.8,49.9,67.8,66.8,51.5,66.4,71.9,65.4,67,55.9,76,69.4,114,9.38,20.6,6.83,52.7,70.9,45,76.1,76.8,64.1,76.1,75.2,61,1900.29
SDNetViews (w/out verification),75.1,35,76,61.4,15.3,58,54.5,150,48.5,89.3,9.19,77.9,63.9,72.2,57.7,8.19,92.9,77.1,46.8,74.8,20.8,6.85,6.87,69.9,75.2,50.6,69.1,76,34.5,29.8,66.2,154,1903.6
SDNetViews (w/out verification),75,35,75.8,61.3,15.2,57.8,54.3,150,48.4,89,9.16,77.6,63.7,72,57.6,8.17,92.6,76.9,46.7,74.6,20.8,6.83,6.84,69.7,75,50.5,68.9,75.8,34.4,29.8,66.1,154,1899.5
SDNetViews (w/out verification),60.2,70.2,70,50,59.9,23.3,14.5,7.82,36,43.1,20.9,142,31.2,64.9,41.1,220,79.7,67.4,44.2,67.3,7.17,56.9,7.35,66.9,72.9,74.6,77.9,74.4,57.6,76.6,71.3,49.6,1906.94
SDNetViews (w/out verification),59.8,70,69.8,49.8,59.8,23.3,14.4,7.79,35.9,42.9,20.9,141,31.2,64.7,40.9,219,79.6,67.1,44,67.1,7.15,56.8,7.33,66.7,72.8,74.4,77.7,74.2,57.5,76.4,71.2,49.5,1900.67
SDNetViews (w/out verification),71.9,72,72.7,65.7,67.8,54.8,18.2,60.7,68.2,59.8,59.6,98.1,37,64.7,30.8,52.4,61.6,59.7,72.4,72.9,6.66,31.8,6.63,50.3,72.7,70.7,71.3,66.1,61.6,112,62.9,74,1907.69
SDNetViews (w/out verification),71.7,71.6,72.5,65.5,67.5,54.7,18.2,60.5,67.9,59.6,59.5,97.7,37,64.5,30.7,52.3,61.4,59.6,72.2,72.7,6.64,31.7,6.61,50.2,72.6,70.6,71.1,65.9,61.4,111,62.7,73.7,1901.45
SDNetViews (w/out verification),60,71.1,70.9,70.3,66.2,20.1,48.9,45.5,37.3,52.2,58.7,33.5,141,40.6,67,70.9,73.9,66.8,74.5,74.6,11.1,50.7,53.8,73.1,73.3,72.2,52.9,66.8,34.7,65.1,71.9,36.6,1906.2
SDNetViews (w/out verification),59.8,70.9,70.6,70.2,65.9,20,48.6,45.3,37.1,52,58.6,33.3,141,40.5,66.8,70.7,73.7,66.7,74.2,74.4,11,50.6,53.6,72.9,73,72,52.7,66.5,34.6,65,71.8,36.5,1900.5
SDNetViews (w/out verification),71.6,28.5,32.9,44,68.2,49.7,67.9,11.4,58.8,28.8,48.7,33.1,137,103,35.1,136,94.1,75.5,78.8,76.8,36.2,6.65,6.69,105,78.6,80.1,49.6,81,33,74.3,32.7,44.5,1908.24
SDNetViews (w/out verification),71.4,28.4,32.8,43.9,68.1,49.5,67.8,11.3,58.6,28.6,48.5,33,137,102,35,136,93.5,75.2,78.6,76.7,36.1,6.64,6.68,104,78.4,79.9,49.5,80.8,32.9,74.1,32.6,44.4,1901.92
SDNetViews (w/out verification),65.7,21.3,65.2,25.7,31.4,6.65,59.3,5.61,11.8,55.9,63.6,29.9,173,118,59.2,164,83.4,85.2,71.1,85.7,6.74,13.7,33.2,43.6,82.1,59,68.5,83.7,57.9,71.1,66.6,41.8,1909.6
SDNetViews (w/out verification),65.5,21.2,65.1,25.6,31.3,6.63,59.1,5.59,11.8,55.8,63.5,29.8,172,118,58.9,163,83.2,85,70.9,85.5,6.71,13.7,33.1,43.5,81.9,58.9,68.3,83.5,57.7,70.9,66.4,41.6,1903.63
SDNetViews (w/out verification),73.8,51.2,61.2,74,9.78,73.8,11.9,22.3,44.2,41.5,65.1,60.6,174,8.27,146,35.1,75.2,74.8,68.1,75.3,7.08,8.94,6.76,34.3,69.5,75.3,62.7,75.4,70.1,60.1,136,50.5,1902.83
SDNetViews (w/out verification),73.7,51,61,73.8,9.74,73.5,11.8,22.2,44,41.4,64.9,60.5,173,8.24,145,35,75,74.6,67.9,75.1,7.06,8.91,6.74,34.2,69.3,75.1,62.5,75.1,69.9,60,136,50.4,1896.59
SDNetViews (w/out verification),74.3,89.3,39.4,74.3,68.6,62.3,62.6,69.2,30.5,19.8,74.3,74.7,57.6,73.2,53.7,30.5,81.8,77.5,77.5,74.9,6.92,7.81,6.94,77.1,56.7,46.2,62.2,77.1,32.2,131,59.1,77.2,1906.47
SDNetViews (w/out verification),74.1,89,39.3,74,68.5,62.1,62.5,69,30.4,19.7,74,74.3,57.3,73,53.5,30.4,81.3,77.3,77.2,74.8,6.9,7.79,6.92,76.9,56.6,46.1,62,76.8,32.1,131,59,76.9,1900.71
SDNetViews (w/out verification),68.7,60.7,15.4,40,10.7,6.18,22.7,5.68,36,36.8,16.4,47.3,126,167,128,168,78.7,79.1,79,82.7,7.57,6.47,14.3,58.5,73.5,80.4,80,81.3,66.6,36.2,60.2,66.9,1907
SDNetViews (w/out verification),68.5,60.5,15.3,39.9,10.6,6.16,22.6,5.66,35.9,36.7,16.3,47,125,166,128,167,78.5,78.8,78.8,82.5,7.53,6.45,14.3,58.3,73.2,80.2,79.8,81.1,66.4,36.2,60,66.7,1899.9
SDNetViews (w/out verification),74.2,73.7,31.1,75.2,74.9,48.4,65.1,74.7,73.8,62.6,36.4,7.74,64.1,41.7,31.2,119,36.5,75.4,69.1,69.5,12.7,6.92,7.26,63,154,70.6,75.8,77,35.6,72.7,75.1,51.4,1906.42
SDNetViews (w/out verification),74,73.4,31,74.9,74.7,48.2,65,74.5,73.6,62.4,36.3,7.72,64,41.3,31.1,119,36.4,75.2,68.8,69.2,12.6,6.91,7.24,62.9,154,70.4,75.6,76.8,35.5,72.4,74.9,51.2,1901.17
SDNetViews (w/out verification),11.9,44.6,54.3,73,33.8,65.6,16.9,72.4,57.3,145,53.8,66.1,64.2,50.1,29.2,117,76.5,76.3,66.5,70,6.79,37.4,6.82,74.1,76.1,72.9,73,50.6,74.8,74.9,65.5,51,1908.41
SDNetViews (w/out verification),11.8,44.5,54.2,72.7,33.8,65.5,16.9,72.2,57.1,144,53.6,66,64.1,49.9,29.1,116,76.2,76.1,66.4,69.7,6.77,37.1,6.8,73.9,75.9,72.7,72.7,50.5,74.6,74.8,65.3,50.9,1901.77
SDNetViews (w/out verification),72.4,66.2,72.4,73.4,71.1,34.6,53.9,33.4,72.5,66.2,33.4,72.2,67.9,69.3,48.9,46.1,71.4,40.1,71.1,136,24.2,23.7,7.23,21.5,73,71,68.8,72.5,74.4,74.5,49.4,74.4,1907.13
SDNetViews (w/out verification),72.2,66,72.3,73.3,70.9,34.4,53.7,33.3,72.3,66,33.3,71.9,67.7,69,48.8,46,71.2,40,70.8,135,24.1,23.6,7.21,21.4,72.8,70.8,68.6,72.3,74.2,74.2,49.3,74.3,1900.91
SDNetViews (w/out verification),49.3,46.3,70.5,72,46,61,26.5,48.3,40.5,32.4,24.1,274,52.4,58.2,40.7,12.3,76.3,75.8,63.6,72.3,37,6.82,49.2,72.4,75.2,70.9,73.5,46.1,48.5,71.8,67.6,46,1907.52
SDNetViews (w/out verification),49.1,46.1,70.3,71.8,45.8,60.7,26.4,48.2,40.4,32.3,24.1,274,52.3,58.1,40.6,12.2,76.1,75.7,63.4,72.1,36.9,6.8,49,72.2,75,70.6,73.4,45.8,48.3,71.6,67.5,45.9,1902.7
SDNetViews (w/out verification),70.8,47.9,64.3,61.2,36.8,142,15.4,7.09,29.1,32.8,31,144,47.3,25.1,59,141,75.1,75.2,57.4,72.7,11.7,13,7.47,57,62,69.9,114,71.9,73.9,67.2,75.1,48.7,1907.06
SDNetViews (w/out verification),70.5,47.7,64.2,60.9,36.7,142,15.3,7.05,29,32.6,30.9,144,47.1,25,58.8,141,74.9,75,57.3,72.6,11.7,12.9,7.46,56.9,61.9,69.7,114,71.7,73.5,66.9,74.9,48.5,1902.61
SDNetViews (w/out verification),60.2,73,54.7,67.2,152,70.3,37.1,47,44.4,66.5,56.1,70.4,29.4,60.5,40.1,25.7,69.6,74,27.5,133,53.8,6.77,6.51,70.7,45.3,72.9,65.1,72.7,74,71.7,40.7,68.6,1907.48
SDNetViews (w/out verification),60,72.8,54.4,67,151,70,37,46.8,44.3,66.3,55.9,70.1,29.3,60.4,39.9,25.7,69.3,73.8,27.4,133,53.8,6.75,6.49,70.5,45.1,72.6,64.9,72.6,73.8,71.6,40.5,68.3,1901.34
SDNetViews (w/out verification),77.5,76.1,68.3,77.2,11.8,78.5,40,71.8,40.4,61,31.5,72.9,76.5,72.1,23.9,74.1,71.1,46.4,29.9,77.2,7.01,7,7.01,76.6,77.5,76.4,77,140,77.4,74.4,37.2,70,1905.72
SDNetViews (w/out verification),77.4,75.8,68,76.9,11.8,78.4,39.8,71.6,40.3,60.8,31.4,72.5,76.2,72,23.9,73.9,70.9,46.3,29.9,77,6.99,6.98,6.99,76.4,77.3,76.2,76.8,140,77.2,74.2,37,69.8,1900.66
SDNetViews (w/out verification),70,55.2,52.5,43.3,33.9,20.7,59.1,136,39.6,58.4,45.1,45.7,11.3,24.9,50.2,208,76.2,77.6,57.1,71.2,35,9.88,70.6,69,70.5,71.7,66.7,77.5,13.4,44.7,67.9,72.3,1905.18
SDNetViews (w/out verification),69.8,55,52.3,43.2,33.8,20.6,58.9,135,39.5,58.2,45,45.5,11.3,24.9,50,207,76,77.5,57,71.1,34.9,9.84,70.4,68.7,70.3,71.5,66.4,77.3,13.3,44.6,67.7,72.1,1898.64
SDNetViews (w/out verification),88.7,71.2,24,60.6,10,70,24.3,46.7,25.6,11.3,27.5,67.3,70,70.3,69.9,219,81.5,81.4,23.3,81.5,54.3,7.28,52,67.2,72.3,79.5,81.2,82.2,6.74,39.8,73.7,68.7,1909.02
SDNetViews (w/out verification),88.2,70.9,23.9,60.4,9.98,69.7,24.2,46.6,25.5,11.2,27.4,67.1,69.7,70,69.7,218,81.2,81.2,23.2,81.4,54.2,7.26,51.8,67,72.2,79.4,81,82,6.72,39.7,73.4,68.5,1902.66
SDNetViews (w/out verification),73.6,75.8,55.5,58.5,62.3,73.2,51.3,74.3,75.3,59.3,22.3,74.1,18.8,45.8,74.3,59.6,76.6,70.9,7.13,75.6,8.49,68.2,59.5,74.2,74.9,64.3,76.5,66.2,65,49.9,41.7,73.5,1906.62
SDNetViews (w/out verification),73.4,75.6,55.2,58.4,62.2,72.9,51.2,74,75.1,59.1,22.1,73.9,18.8,45.6,74,59.4,76.4,70.7,7.11,75.4,8.47,67.9,59.3,74,74.6,64.2,76.3,66,64.7,49.8,41.6,73.3,1900.68
SDNetViews (w/out verification),72.2,53.6,33.7,70.4,83.1,75.1,75.5,75.5,32.4,29,73.9,61.6,65.6,14.2,55.9,83.3,80.9,77.5,66.6,80.7,8.39,46.3,7.43,78.5,80.9,81.6,82.8,23,12.9,71.7,78,76.7,1908.92
SDNetViews (w/out verification),72,53.4,33.6,70.3,82.7,75,75.3,75.3,32.3,28.8,73.7,61.5,65.3,14.1,55.7,83.1,80.6,77.3,66.3,80.4,8.37,46.1,7.41,78.3,80.7,81.4,82.5,22.8,12.8,71.5,77.8,76.4,1902.78
SDNetViews (w/out verification),67.4,30.8,62.5,71.3,62.4,70.6,41.8,70.4,16.6,47,72.2,41.3,64.5,70.6,107,57.9,82.6,78.4,18.7,78.2,6.61,7.62,67.9,72.8,77.7,77.7,69.9,68.5,6.61,48.2,130,62.5,1908.24
SDNetViews (w/out verification),67.2,30.7,62.4,71.1,62.2,70.3,41.6,70.3,16.5,46.8,71.9,41.1,64.3,70.4,107,57.6,82.2,78.1,18.6,77.9,6.59,7.59,67.8,72.5,77.4,77.5,69.7,68.3,6.59,48,129,62.2,1901.37
SDNetViews (w/out verification),67.7,32.8,9.01,67.7,7.77,60.4,8.69,18.8,8.29,67.2,39.5,10.5,60.3,164,212,122,87.8,111,9.11,86.7,58,7.01,50.4,60.5,107,86.2,86.5,77.7,6.88,43.4,26.1,49.3,1910.26
SDNetViews (w/out verification),67.5,32.7,8.98,67.5,7.73,60.2,8.65,18.7,8.25,67.1,39.4,10.5,60.2,163,211,122,87.6,110,9.1,86.6,57.8,6.98,50.3,60.4,107,86.1,86.3,77.6,6.86,43.3,26,49.1,1904.45
SDNetViews (w/out verification),18.6,19.7,49.4,73.1,104,48.4,40.5,74.4,70.5,76.2,71,69.3,70.7,35.5,65.7,66.7,75.4,76.2,24.3,77.3,34.9,10.8,21.2,75.1,72.4,75,76,75.6,68,72.2,46.7,72.5,1907.3
SDNetViews (w/out verification),18.4,19.6,49.2,72.9,104,48.3,40.4,74.1,70.2,76,70.8,69.1,70.5,35.4,65.5,66.4,75.2,76,24.2,77,34.6,10.7,21,74.8,72.1,74.8,75.8,75.3,67.8,72,46.6,72.2,1900.9
SDNetViews (w/out verification),63.5,73.7,72,54.1,41.6,73.4,38.7,57.1,68.2,72.4,46.5,71.4,60.2,38.1,58,65.7,36.6,73.8,71.7,74.4,6.71,31,44.5,119,73.5,69.9,58,48.2,69.6,55.5,52.8,67.5,1907.31
SDNetViews (w/out verification),63.2,73.5,71.8,54,41.5,73.1,38.4,56.9,68,72.1,46.3,71.2,59.9,38,57.9,65.5,36.4,73.6,71.5,74.2,6.68,30.9,44.4,119,73.3,69.6,57.7,48,69.4,55.3,52.6,67.3,1901.18
SDNetViews (w/out verification),36.7,125,63.3,31.8,26.8,40.5,12.6,40.1,28.7,70.8,16.2,70.9,70.5,31.7,143,143,57.6,134,69.6,76.2,6.64,6.65,8.63,72.8,131,69.5,47.7,74.6,7.25,42.9,71.8,74,1902.47
SDNetViews (w/out verification),36.6,125,63.1,31.7,26.7,40.4,12.5,40,28.7,70.6,16.1,70.7,70.3,31.6,142,143,57.5,133,69.5,75.9,6.62,6.64,8.61,72.6,130,69.3,47.6,74.3,7.23,42.7,71.6,73.8,1895.9
SDNetViews (w/out verification),73.8,58.5,13.2,33.5,60.1,74.2,74.4,74.6,72.5,43.7,35.7,101,26,66.3,74,74.8,8.22,51.5,73.8,71.8,74.8,72.7,8.02,74.9,76.4,76.3,73.9,126,6.77,48,63.6,48.4,1911.41
SDNetViews (w/out verification),73.6,58.4,13.2,33.5,59.9,74.1,74.2,74.4,72.3,43.4,35.6,100,25.8,66.2,73.8,74.5,8.19,51.4,73.6,71.6,74.6,72.5,7.99,74.7,76.2,76.2,73.7,125,6.75,47.8,63.5,48.3,1904.93
SDNetViews (w/out verification),57.9,40.5,71,44.6,42.2,60.3,71,51.8,69.2,86.4,58,98.5,35.5,29.5,72.2,64.9,67,51.4,72.9,74.9,6.82,6.78,75,75,70.8,53.4,75.1,58,13.6,62.7,68.9,120,1905.8
SDNetViews (w/out verification),57.7,40.3,70.7,44.4,42.1,60.1,70.8,51.6,69.1,86.2,57.9,98.1,35.3,29.4,72,64.7,66.8,51.3,72.7,74.8,6.8,6.77,74.9,74.8,70.6,53.3,74.7,57.7,13.6,62.5,68.8,119,1899.47
SDNetViews (w/out verification),16.7,65.5,121,69.9,12.6,67.1,67.1,48.1,66.7,73.1,44.9,56.1,66.3,46,68.9,59.8,81.1,79.2,51.2,81.5,35.1,44.5,7.39,78.9,49.9,65.8,79.2,73.1,7.6,67.7,78.6,68.4,1898.99
SDNetViews (w/out verification),16.6,65.4,121,69.7,12.6,66.9,66.9,48,66.5,72.8,44.8,56,66.1,45.9,68.8,59.6,80.9,79,51,81.3,35,44.4,7.38,78.6,49.8,65.6,79,73,7.58,67.6,78.5,68.1,1894.36
SDNetViews (w/out verification),75.6,57.4,69.5,75.3,59,68.4,67.6,32.2,54.1,52.7,64.8,74.2,73.5,54.9,25.3,49.3,67.4,73.7,35,74.7,72.4,6.76,72.8,59.7,73.5,6.71,67.2,73.2,73,66.2,61.5,68.3,1905.87
SDNetViews (w/out verification),75.3,57.1,69.3,75,58.8,68.2,67.3,32.1,53.9,52.4,64.6,74,73.3,54.7,25.2,49.2,67.2,73.5,34.8,74.5,72.2,6.75,72.6,59.6,73.2,6.69,67,73,72.8,66,61.3,68,1899.54
SDNetViews (w/out verification),79,7.49,79,44.7,61.7,75.4,67.4,91.2,62.5,78.8,68.7,44.2,39.3,35.2,48.6,71.9,83.4,92.2,7.87,84.6,10.8,80,9.64,49.1,70.9,8.72,85.8,80.1,69.4,72.4,67.6,80.8,1908.42
SDNetViews (w/out verification),78.8,7.46,78.8,44.5,61.4,75.2,67.1,91,62.3,78.6,68.5,44,39.2,35,48.4,71.8,83.1,91.7,7.85,84.4,10.7,79.8,9.6,49,70.8,8.69,85.5,80,69.2,72.2,67.4,80.6,1902.6
SDNetViews (w/out verification),54.4,69,13.8,68.3,23.5,17.6,48.3,431,22.9,23,11,59.9,9.89,28,58.5,15.5,78.2,78.3,78.4,69.8,53.6,72,17.2,72.8,80.3,75.6,96.5,80.3,6.58,7.34,55.5,28.9,1905.91
SDNetViews (w/out verification),54.2,68.7,13.8,68,23.4,17.5,48.1,429,22.8,22.8,10.9,59.7,9.86,27.9,58.4,15.5,78,78,78.2,69.5,53.4,71.8,17.2,72.6,80.2,75.3,96.2,80.1,6.56,7.31,55.3,28.8,1899.03
SDNetViews (w/out verification),64.4,31,90,74.5,44.1,56.8,36,70.8,72.8,50.7,71.9,66.1,12.3,88,54.5,70.7,49.7,74.1,31.5,75.7,75.3,53.1,64.4,73.5,76.9,75,74.2,7.64,62.5,6.82,75,77.7,1907.66
SDNetViews (w/out verification),64.2,30.8,89.8,74.3,44,56.5,35.8,70.5,72.6,50.6,71.7,65.9,12.3,87.8,54.4,70.4,49.5,73.8,31.4,75.6,75,52.9,64.1,73.3,76.6,74.8,74.1,7.61,62.2,6.8,74.9,77.4,1901.61
SDNetViews (w/out verification),73.4,46.4,73.4,46.9,43.5,59.5,144,66.7,10.4,55.7,32.3,104,64.6,34.3,44.5,54,61.1,90.5,73.8,79.3,7.08,15.1,23.4,47.4,75.6,104,76.4,71.6,63.7,7.63,75.7,80.3,1906.21
SDNetViews (w/out verification),73.1,46.3,73.2,46.7,43.3,59.4,144,66.5,10.3,55.4,32.1,104,64.3,34.2,44.4,53.9,61,90,73.6,79.1,7.06,15,23.4,47.3,75.4,103,76.3,71.4,63.5,7.61,75.5,80,1900.27
SDNetViews (w/out verification),47.5,74.3,73.7,85.9,70.9,73.7,60.4,45.3,13.3,75.4,43.4,60.8,61.5,69.1,52.1,47,74.5,134,7.34,78,30.7,74.4,8.17,72.6,77,9.26,76.9,83,7.12,67.9,76,75.9,1907.09
SDNetViews (w/out verification),47.4,74.1,73.5,85.5,70.6,73.5,60.2,45,13.3,75.2,43.1,60.5,61.2,68.8,51.8,46.9,74.4,133,7.31,77.7,30.6,74.2,8.15,72.4,76.8,9.23,76.7,82.6,7.1,67.6,75.7,75.6,1899.69
SDNetViews (w/out verification),59.3,57.4,70.4,67.8,36.2,45.9,69.1,87.7,55.1,67.9,64.7,49.9,66.3,49.2,53.3,52.4,38.2,72.2,49.7,106,53.3,39,71.4,56,71.8,68.9,71.5,46.3,58,69.4,70.9,8.35,1903.55
SDNetViews (w/out verification),59,57.2,70.2,67.6,36.1,45.6,68.8,87.2,54.9,67.8,64.5,49.7,66,48.9,53.1,52.3,38,72,49.5,106,53,38.9,71.2,55.9,71.6,68.7,71.3,46.2,57.7,69.1,70.6,8.33,1896.93
SDNetViews (w/out verification),59.8,70,69,58,10.7,11.4,69.3,17.4,21.3,55.8,23,110,35.3,138,138,69.1,52.2,75.5,75.5,74.5,43.3,9.12,71.2,48.6,75.2,73.6,50.6,73,55.7,14.5,115,46.1,1909.72
SDNetViews (w/out verification),59.5,69.7,68.8,57.7,10.6,11.4,69.1,17.4,21.2,55.6,22.8,109,35.2,137,137,68.8,52.1,75.2,75.3,74.3,43.2,9.09,71,48.4,74.9,73.4,50.5,72.8,55.4,14.4,115,45.9,1901.69
SDNetViews (w/out verification),76.5,76.3,76.2,59,75.7,63.2,27.2,39.5,76.4,69.2,72.3,73.9,60.7,19.7,45.5,44.2,45.6,32.3,33.5,77,75.3,77.2,67.1,51.4,77.7,23.4,77,77.4,74.2,75.5,72.3,17.6,1910
SDNetViews (w/out verification),76.3,76.1,76,58.9,75.4,62.9,27.1,39.3,76.1,69,72,73.7,60.6,19.7,45.4,44.1,45.5,32.2,33.4,76.8,75.1,76.9,66.9,51.2,77.4,23.3,76.8,77.1,74,75.3,72.1,17.5,1904.1
SDNetViews (w/out verification),77.1,77.9,69.2,77.6,60.8,75.1,70.9,44.1,49.8,76,19.4,59,20.5,73.1,44.7,59.8,51.9,73.1,73.1,77.9,55.3,46.3,73.7,74.4,76.8,8.31,55.2,69.6,53.1,57.1,52.7,55.3,1908.81
SDNetViews (w/out verification),76.9,77.7,69,77.4,60.6,74.8,70.7,43.9,49.7,75.8,19.3,58.8,20.4,73,44.5,59.7,51.8,72.9,72.8,77.6,55.1,46.2,73.5,74.2,76.6,8.29,55.1,69.4,52.9,56.9,52.5,55,1902.99