application,1_1,1_2,1_3,1_4,2_1,2_2,2_3,2_4,3_1,3_2,3_3,3_4,4_1,4_2,4_3,4_4,5_1,5_2,5_3,5_4,6_1,6_2,6_3,6_4,7_1,7_2,7_3,7_4,8_1,8_2,8_3,8_4,Aggregate
ONOS fwd,28.3,54.3,39.8,17.7,46,51.8,52.7,4.84,8.15,41.1,140,111,440,63.3,393,57.5,55.6,29.2,61.9,6.87,71.2,28.7,53.9,53.4,203,144,120,20.7,101,68.2,95.6,204,2866.76
ONOS fwd,60.2,45.2,77.7,49.4,37.8,20.4,80.1,9.53,59.4,10.3,69.9,9.28,459,142,249,104,41.3,67.4,68.7,43.3,69.8,25.1,76.9,31.1,95.7,97.2,113,97.5,130,103,218,97.4,2858.61
ONOS fwd,71.2,47.4,57.1,19.5,69.6,32.3,27.6,6.82,71.5,22.1,71.8,60.4,340,108,321,182,67.5,11.5,63.5,66.4,68,14.6,62.6,38.5,98.5,93.8,168,83.5,164,82.3,179,81.7,2851.72
ONOS fwd,74.5,50.1,73.4,8.61,75.5,16.3,72,19.9,29.4,8.42,55.7,65.5,434,85.5,221,213,71.2,10.2,56.8,62.8,72.4,30.5,62.7,35.6,96.3,86.6,238,86.2,99.4,86.1,174,85.8,2857.43
ONOS fwd,74.3,30.7,75.1,19.6,77.9,21.8,66.6,38.2,71.6,70.5,66.3,14.7,264,211,320,161,78.6,16.2,61.6,20.6,66.3,17.3,54.6,11.9,101,81.5,98.6,74.3,221,82.8,213,82.2,2864.8
ONOS fwd,135,12.3,57.1,8.06,39.6,56,125,6.7,71.6,26.9,47.8,7.7,338,124,335,158,74.1,15.5,29.7,48.3,74.1,16.1,51.9,50.5,98.9,86.7,167,126,124,124,142,86.6,2864.16
ONOS fwd,65.8,48.8,70.4,57.5,68,6.7,39.9,66.1,69.5,48.6,70.1,42.4,323,159,370,102,23.2,26.7,64.6,8.77,22.2,42.5,58.8,54.1,174,75,197,75.6,209,72.6,84.3,67.1,2863.27
ONOS fwd,49.5,38.3,74.9,23.2,71.9,36.4,75.3,26.8,79.3,6.25,67,42.3,242,131,402,179,76.3,27.7,41.5,17.8,89.7,9.04,74.8,25.8,126,93,106,93,219,92.3,112,111,2860.09
ONOS fwd,229,23.3,71.7,19.4,45.9,6.72,41.9,21,71.3,10.4,66.5,22,309,101,247,298,66.8,13.2,74.6,18.1,29.5,25.3,73.8,23,103,93.1,267,92.8,102,92.6,111,92.3,2862.22
ONOS fwd,75.9,36.5,62.9,26.1,70.9,6.6,65.4,28.2,74.2,45,65.7,34.1,388,180,286,99.9,45,14.3,57.7,46.9,75.2,17.6,71.3,32.9,99.3,138,211,83.3,125,83.6,133,79.8,2859.3
ONOS fwd,77.4,29.9,71.3,68.5,34.7,29,94.2,9.24,47.6,36.2,62.5,57.9,276,88.3,304,287,77.3,10.3,73.3,9.54,76.6,7.78,73.8,7.32,130,79.1,95.8,78.8,236,79.2,181,75.3,2864.88
ONOS fwd,9.97,37.3,75.6,25.8,54,44.5,73.7,44.5,63.4,14.3,73.1,8.97,465,176,215,99.7,69.6,7.55,113,34,38.3,31.1,83.3,52.6,92.8,106,183,89.6,162,90.9,140,90.9,2865.49
ONOS fwd,77.3,19.7,50.2,62.6,46,20.3,72.1,16.8,107,34.1,55.9,132,284,160,328,183,15.1,19,67.1,13.3,49.4,15,72.2,8.83,277,51.4,125,74.4,99.9,67.5,184,75.1,2863.23
ONOS fwd,44.5,11.3,34.9,45.1,179,35.7,67.3,7.12,75.7,27.9,67.7,61.6,256,226,376,96.5,64.5,19,66.5,12.8,38.3,7.69,59.6,25.6,116,74.7,149,83.7,179,132,134,85.2,2859.91
ONOS fwd,38.7,26.4,67.4,9.2,66.4,7.05,65.5,18.2,71.7,65.7,54.2,34.2,311,212,341,89.6,51.8,56.1,69.4,65.2,68,18.3,55,43.2,161,74.4,90.3,77.7,184,77.3,210,78.2,2858.15
ONOS fwd,63.2,33.7,65.2,15.6,63.5,57.4,71.7,35,41.5,10.5,70.3,8.09,398,97.3,234,225,66,7.2,59,30.8,67.7,67.8,65.5,52.7,95.6,78,213,78.1,158,78.1,175,77.6,2860.09
ONOS fwd,76.2,39,74.4,9.32,41.7,15.6,73.9,28.3,78.5,28.3,32,45.2,354,115,377,108,77.2,38.1,44.6,41.5,70.8,25.8,72.5,40.4,162,83.5,128,160,93.7,90.6,153,84.1,2862.22
ONOS fwd,76.9,32.5,45.8,31.6,56.4,19.7,40.7,30.8,73.6,39.7,24.9,8.84,428,101,321,102,48.2,21.6,48.7,30.6,74.2,206,25.1,16.5,96.9,71.1,276,81.8,97.2,82.6,169,76.5,2855.44
ONOS fwd,79,42.2,77,12.2,78.7,15.9,76.3,29.1,70.9,19.9,81.5,44.2,301,92.7,260,300,78.6,52.3,48.3,11.3,65.1,8.25,51.3,11.8,113,76.7,246,78.7,167,79.4,114,78.9,2861.25
ONOS fwd,75.7,35.7,61,10.3,62.9,24.8,54.7,67.6,67.2,42.7,67.4,11.2,265,94.1,422,174,71.1,28.1,41.7,26.8,73,69.7,30.9,30.4,174,83.5,187,84.1,165,85.9,89.7,84.1,2861.3
ONOS fwd,65.9,14.5,75.4,8.78,150,36.5,60.6,37.2,73.5,7.66,84.1,30.6,249,207,394,104,60.3,10.2,51.8,35.1,48.6,9.12,66.8,27.2,143,94.4,111,101,163,135,110,95.3,2860.56
ONOS fwd,78.1,19.5,75.2,10.9,77.1,64.6,77.2,33.4,77.9,8.58,76.8,14.5,284,200,368,102,57,7.11,69.3,29.1,78.7,7.81,76.2,14,195,99,102,91.8,106,157,108,93.3,2859.1
ONOS fwd,17.4,57.6,75.4,33.2,50.2,63,73,14.2,69.9,14.1,69.5,9.69,328,153,303,171,68,19.6,47.4,52.7,59.9,65.1,71.7,22.5,192,71.4,227,66.5,169,72.2,87.1,68.1,2862.39
ONOS fwd,65.9,143,51.9,31.3,36.9,7.12,70.2,9.6,55.4,53.8,69.1,5.61,344,86,337,188,70.7,8.57,71.2,6.88,68.6,22.1,67.3,38.3,191,73.7,108,113,122,63.2,179,105,2863.38
ONOS fwd,66,13.8,74.2,6.34,54.4,61.6,87.4,53.3,52.5,6.69,62.6,59.7,500,131,214,108,35.8,27.2,71.1,6.89,67.2,58.9,74.6,11.6,98.3,74.6,217,78.3,78.5,78.2,152,176,2857.72
ONOS fwd,153,58.1,66.3,7.55,61.9,6.88,35.3,31.1,52,69.2,24.3,66.3,273,122,464,95.9,64.1,53,47.8,10,48.9,24.7,59.2,14.8,193,114,122,93.3,109,93.2,136,93.3,2863.13
ONOS fwd,140,10.1,75.2,16.3,70,73.7,62,68.5,63.2,8.82,73.6,18,384,171,297,101,37,10.6,9.54,38.6,62.6,8.24,97.3,9.08,107,93.3,160,127,89.8,102,178,93.7,2856.18
ONOS fwd,73.7,49,75.3,24.5,62.8,58.6,62.2,10.7,73.1,59.3,73.7,7.33,356,117,381,101,73.3,12.1,44.4,31.1,52.1,12.1,71.1,28.8,91.2,85.5,156,86.2,174,86.2,90.7,185,2865.03
ONOS fwd,52.6,31.4,60.3,22.6,69.8,53,65.2,33.4,72.9,43.9,14.8,71.9,224,97,534,99.8,71.5,9.72,69.4,10.2,68.6,55.1,50.9,26.7,113,88.4,84.8,84.3,281,139,75.7,88.4,2863.32
ONOS fwd,71.1,61.6,71.3,44.3,65.8,29.1,54.1,20.9,57,9.75,66.3,47.3,374,89.9,271,221,70.3,21.1,59.1,11.9,68.1,52.7,60.7,11.9,93.7,116,222,68.6,155,73.8,150,75.1,2864.45
ONOS fwd,71,23.6,46.2,6.86,66.5,28.6,44.5,22.7,59.4,17.8,67.2,133,359,111,382,100,30.7,66.9,71.2,51.2,41.2,67.2,30.6,6.58,226,78.8,153,78.9,99.6,78.3,157,80.4,2856.94
ONOS fwd,31,6.47,62.9,11.1,74.6,68,154,6.17,58.2,27.5,42.4,16.1,390,133,263,169,63.8,8.85,76.7,27.9,75.1,12.9,63.9,68.1,104,78.7,105,151,158,85.1,188,84.9,2865.39
ONOS fwd,78.2,33.8,66.4,8.27,74.3,18.3,80.9,19.9,73.5,51.8,71.1,6.62,392,174,284,104,72,23.2,79,14.5,60.3,18.9,81.3,20.4,107,195,99.4,80.9,96.2,80.7,192,102,2859.89
ONOS fwd,76.4,20.7,34.2,70.9,55.1,43.8,69.4,16,44.4,15.9,69,46.7,384,172,287,110,112,25,39.2,15,73.9,10.7,48.1,66.4,104,87.3,310,89.4,103,74.2,96.8,88.3,2858.8
ONOS fwd,38.5,30.3,56.8,58.6,9.65,12.3,7.87,17.2,14.7,34.7,58,63.2,240,137,429,147,33.1,33.6,17.6,7.48,401,8.15,15.9,35.7,138,80.4,99.6,79.2,79.5,128,269,78.8,2859.85
ONOS fwd,67.8,53.6,78.1,27.1,71.3,52.3,68.9,15.5,6.37,37.9,72.9,7.98,285,166,389,114,60.5,22.8,80.3,10.3,71.9,28,46,72.7,92.2,86.2,113,86.5,300,85.7,103,86.4,2859.25
ONOS fwd,78.6,65.7,61.4,8.47,54.3,8.32,68.4,29,73,54.9,76.2,54.1,338,112,321,182,66.3,21.4,71.2,7.45,29.4,14.8,76.9,33.6,220,86.6,98.7,91.9,94.8,90.8,179,91,2859.24
ONOS fwd,88.7,20.3,74.4,52.5,36.9,10,67.1,37,56.8,35.9,80.8,10.4,424,105,321,104,51.5,20.6,100,11,51.7,9.87,81.7,57.2,87.2,207,117,90.2,159,90.3,111,92.5,2862.57
ONOS fwd,8.84,24.6,60.1,7.21,44.9,19.3,35.1,56.1,31.4,22.3,122,111,277,191,337,149,21.6,11.3,34.7,32.5,224,21.4,48.4,17.3,180,53.3,139,76.8,165,87.5,178,73,2860.65
ONOS fwd,62.3,45.9,70,32.4,72.5,16,75.9,7.48,39.2,38.1,72.4,131,305,143,373,134,57.3,21,58.4,7.52,46.1,13.2,68.5,19,144,87.3,110,84.2,228,86.9,127,86.7,2863.3
ONOS fwd,63,34.8,82.5,16.7,56.6,17.5,65.1,51.9,70.8,36.7,8.97,17.1,247,147,372,187,62.9,18.1,119,25.8,48.5,19.9,129,6.98,268,82.4,79.7,123,137,83.5,95.8,83.8,2858.05
ONOS fwd,8.67,61.2,62,28.5,59.7,58.5,45.3,67.3,77.9,56.4,55.9,20.8,262,119,422,150,52,35.7,25.8,42,138,17.3,24.2,15.5,198,74.3,90.2,73.8,157,64.5,228,68,2859.47
ONOS fwd,73.1,8.04,77.7,31.1,49.7,39.1,77.2,68.7,63.8,27.4,68.7,48.2,287,173,343,152,73.6,6.52,42.6,17.1,64,15.5,78.2,23.5,254,77.5,92.2,78.1,89.7,111,174,77.6,2862.86
ONOS fwd,75,6.36,40.5,6.34,61.5,67.2,66.1,6.78,70.8,15.8,66.5,8.42,245,244,279,187,63.9,6.57,72.1,26.4,60.6,51.4,163,18.3,86,77.5,174,77.6,293,76.6,92.9,76.7,2862.87
ONOS fwd,64.3,22.5,69.7,55.6,68.8,56.3,50.7,22.6,71.3,63.6,70.2,8.25,311,149,392,103,60.2,23.9,53.3,10.7,73.1,26.4,70.5,11.3,208,97.5,90.3,99.8,96.8,84.2,158,120,2862.85
ONOS fwd,72.2,7.3,77.3,20.5,55.3,72.8,77.4,38.6,40.3,16.2,69.7,41,282,131,402,140,9.07,7.43,75.7,29.7,73.1,18.5,78.7,72.9,302,79.1,86.9,98.2,120,91.2,87.1,89.2,2862.4
ONOS fwd,76.5,6.74,95.3,13.2,53.6,25.3,71.8,41.7,45.8,55.1,72.2,9.4,288,97.5,271,298,63,11.4,62.8,32.6,94.4,6.1,70.3,46.4,97.9,54.2,221,129,237,52.4,89.5,74,2863.14
ONOS fwd,72.5,67.9,73.1,23.5,62.2,14.9,74.7,6.62,58.7,29.5,30.3,15.5,347,109,338,161,40.7,38.8,74.5,21.8,125,32,69.7,22.4,149,131,98.1,85,99.8,110,196,86.3,2864.52
ONOS fwd,70.7,9.74,61.3,9.76,59.6,32.5,71.6,15.2,47.2,70.3,38.9,58.5,384,115,324,131,70.1,77.1,63.1,27.2,70.6,15.4,46.6,37.6,97.4,83.5,169,82.4,154,84.9,179,102,2859.2
ONOS fwd,74.9,17.6,65.8,18.6,121,32.2,51.1,24.9,66.9,30.9,64.9,40,318,233,246,158,66.9,13.7,75.1,13.1,72.7,25.2,68.2,10.4,132,85.2,207,80.5,102,85.4,176,85.7,2862.9
ONOS fwd,28.3,54.1,39.6,17.6,45.9,51.6,52.5,4.82,8.13,40.9,139,110,439,63.2,392,57.4,55.5,29.1,61.7,6.84,70.9,28.6,53.6,53.1,203,143,119,20.6,101,68,95.5,203,2856.49
ONOS fwd,60,45.1,77.5,49.3,37.7,20.4,79.9,9.49,59.2,10.2,69.8,9.25,458,142,248,104,41.2,67.3,68.5,43.2,69.6,25.1,76.7,31.1,95.5,97,113,97.3,130,103,217,97.2,2852.54
ONOS fwd,70.9,47.3,57,19.4,69.4,32.1,27.5,6.79,71.4,22,71.5,60.2,339,108,320,181,67.3,11.5,63.3,66.2,67.7,14.6,62.5,38.3,98.3,93.5,168,83.3,163,82.1,178,81.5,2842.59
ONOS fwd,74.4,49.9,73.3,8.58,75.3,16.3,71.8,19.9,29.3,8.4,55.6,65.3,433,85.3,220,212,71,10.2,56.7,62.7,72.1,30.4,62.6,35.5,96.1,86.4,237,85.9,99.2,85.9,173,85.6,2848.68
ONOS fwd,74.1,30.5,74.8,19.5,77.7,21.7,66.4,38,71.4,70.2,66.1,14.6,263,210,319,161,78.4,16.1,61.4,20.5,66.1,17.2,54.3,11.9,101,81.4,98.2,74.2,220,82.5,212,81.8,2855
ONOS fwd,135,12.3,57,8.03,39.4,55.9,124,6.67,71.3,26.8,47.7,7.67,337,124,334,158,73.8,15.4,29.6,48.2,73.9,16,51.8,50.4,98.6,86.5,166,125,123,123,141,86.4,2853.37
ONOS fwd,65.6,48.6,70.1,57.3,67.7,6.67,39.7,65.9,69.2,48.4,69.9,42.2,322,159,369,102,23.2,26.6,64.4,8.75,22.1,42.4,58.6,53.9,173,74.8,196,75.3,208,72.5,84.1,66.8,2853.72
ONOS fwd,49.4,38.2,74.7,23.1,71.7,36.4,75,26.7,79.1,6.23,66.9,42.2,242,130,401,179,76.1,27.6,41.3,17.8,89.5,9.01,74.6,25.7,126,92.8,106,92.8,218,92.2,112,111,2854.04
ONOS fwd,228,23.3,71.6,19.3,45.8,6.69,41.8,21,71.1,10.4,66.3,22,308,101,246,298,66.6,13.2,74.4,18.1,29.5,25.2,73.7,22.9,102,92.8,266,92.6,102,92.4,111,92.2,2854.89
ONOS fwd,75.6,36.3,62.8,26.1,70.7,6.57,65.1,28.2,73.9,44.8,65.4,33.9,387,180,285,99.6,44.9,14.2,57.6,46.8,75.1,17.5,71.1,32.8,99,138,210,83.1,124,83.4,133,79.6,2851.07
ONOS fwd,77.2,29.8,71.1,68.2,34.7,28.9,93.8,9.21,47.4,36.1,62.3,57.7,275,88.1,303,286,77.1,10.3,73.1,9.51,76.4,7.75,73.5,7.29,129,78.9,95.6,78.6,235,79.1,180,75.1,2854.76
ONOS fwd,9.94,37.2,75.4,25.7,53.9,44.3,73.5,44.4,63.2,14.2,72.9,8.93,463,176,214,99.5,69.3,7.51,113,33.9,38.2,31,83,52.5,92.7,105,182,89.4,162,90.7,139,90.8,2856.08
ONOS fwd,77,19.6,50,62.5,45.8,20.2,71.9,16.8,106,34,55.7,132,283,159,327,182,15,18.9,66.8,13.3,49.1,15,71.9,8.81,276,51.3,124,74.1,99.6,67.3,183,74.9,2851.51
ONOS fwd,44.3,11.2,34.8,45,178,35.7,67.1,7.09,75.5,27.8,67.4,61.5,255,226,375,96.3,64.4,19,66.3,12.7,38.2,7.67,59.3,25.5,116,74.5,148,83.5,178,131,134,84.9,2850.66
ONOS fwd,38.5,26.2,67.2,9.16,66.2,7.02,65.3,18.2,71.5,65.5,54,34.1,310,211,340,89.3,51.7,55.8,69.2,65.1,67.8,18.3,54.9,43.1,161,74.2,90,77.4,183,77.2,209,78,2848.88
ONOS fwd,62.8,33.6,65,15.6,63.3,57.3,71.5,34.9,41.4,10.4,70.1,8.05,397,97.1,233,224,65.8,7.17,58.8,30.7,67.5,67.5,65.3,52.6,95.4,77.8,212,77.9,158,77.8,175,77.4,2851.72
ONOS fwd,75.9,38.9,74.2,9.27,41.6,15.5,73.6,28.3,78.3,28.2,31.9,45.1,353,115,376,108,77,38,44.5,41.4,70.7,25.8,72.4,40.3,161,83.3,127,159,93.5,90.3,153,83.8,2853.77
ONOS fwd,76.8,32.4,45.7,31.5,56.3,19.6,40.6,30.7,73.4,39.6,24.8,8.82,427,101,321,102,48.1,21.6,48.5,30.5,74.1,205,25,16.5,96.7,70.9,276,81.6,97,82.4,169,76.3,2850.42
ONOS fwd,78.7,42,76.8,12.2,78.6,15.8,76.1,29,70.6,19.8,81,44,301,92.4,259,299,78.3,52,48.2,11.3,64.9,8.23,51,11.8,113,76.5,245,78.5,167,79.1,113,78.7,2852.53
ONOS fwd,75.5,35.6,60.8,10.3,62.8,24.8,54.6,67.5,67,42.6,67.1,11.2,264,93.9,420,173,70.9,28,41.6,26.7,72.8,69.4,30.8,30.3,173,83.4,187,83.9,164,85.7,89.5,83.9,2851.6
ONOS fwd,65.6,14.5,75.2,8.75,150,36.4,60.5,37.1,73.4,7.63,83.8,30.5,249,207,394,103,60.1,10.1,51.7,35,48.4,9.09,66.6,27.1,143,94.3,111,101,163,134,110,95.2,2855.97
ONOS fwd,78,19.4,75,10.9,76.9,64.3,77,33.3,77.7,8.55,76.6,14.5,283,200,367,101,56.7,7.09,69.1,29,78.5,7.77,75.9,13.9,195,98.8,102,91.6,106,156,108,93,2851.51
ONOS fwd,17.4,57.5,75.2,33.1,50.1,62.7,72.8,14.1,69.8,14,69.2,9.65,327,153,303,170,67.8,19.6,47.3,52.5,59.7,64.8,71.4,22.4,191,71.2,227,66.3,169,72.1,86.9,68,2855.55
ONOS fwd,65.7,143,51.7,31.3,36.8,7.08,69.9,9.56,55.2,53.6,68.9,5.58,344,85.7,337,187,70.5,8.54,71.1,6.85,68.4,22.1,67.1,38.2,190,73.6,108,112,122,63.1,179,104,2856.51
ONOS fwd,65.8,13.8,73.8,6.31,54.2,61.4,87.1,53.2,52.4,6.67,62.4,59.4,499,131,214,108,35.7,27.1,70.9,6.86,67,58.7,74.3,11.6,98,74.4,216,78,78.4,78,152,175,2850.44
ONOS fwd,153,58,66.1,7.53,61.8,6.86,35.1,31,51.9,69,24.2,66.1,272,122,463,95.7,63.9,52.8,47.6,10,48.8,24.7,59.1,14.7,193,113,122,93.1,109,93,135,93.1,2856.09
ONOS fwd,140,10.1,74.9,16.2,69.8,73.5,61.9,68.3,62.9,8.78,73.4,17.9,383,170,296,101,37,10.5,9.51,38.5,62.3,8.21,96.8,9.05,107,93.1,160,127,89.5,102,178,93.4,2849.55
ONOS fwd,73.4,48.9,75.1,24.4,62.7,58.4,61.9,10.6,72.9,59.1,73.5,7.29,355,117,380,101,73.1,12.1,44.3,31,51.9,12.1,70.8,28.7,90.9,85.3,156,86,173,86.1,90.6,185,2858.09
ONOS fwd,52.4,31.2,60,22.5,69.6,52.7,65,33.3,72.7,43.8,14.7,71.7,224,96.9,532,99.6,71.3,9.68,69.2,10.2,68.5,55,50.7,26.6,113,88,84.5,84.1,280,138,75.5,88.1,2854.48
ONOS fwd,70.9,61.4,71,44.1,65.7,29,53.9,20.9,56.9,9.72,66,47.1,372,89.6,270,220,70.1,21,58.8,11.8,67.9,52.5,60.4,11.9,93.4,116,222,68.4,154,73.6,149,74.9,2853.92
ONOS fwd,70.8,23.5,46.1,6.82,66.3,28.4,44.4,22.6,59.2,17.7,67,133,358,111,382,100,30.6,66.8,71.1,51.1,41.1,67.1,30.6,6.55,226,78.6,153,78.8,99.5,78.1,156,80.2,2851.97
ONOS fwd,30.9,6.44,62.7,11,74.3,67.7,153,6.15,58.1,27.4,42.3,16,390,132,262,169,63.6,8.81,76.5,27.8,74.8,12.8,63.8,67.8,104,78.6,104,150,158,84.9,188,84.7,2857.1
ONOS fwd,78,33.7,66.1,8.23,74.1,18.2,80.7,19.8,73.3,51.6,71,6.59,391,174,284,103,71.9,23.2,78.8,14.4,60.2,18.8,81,20.3,107,195,99.2,80.8,96,80.5,191,102,2853.42
ONOS fwd,76.2,20.6,34.2,70.7,55,43.6,69.2,16,44.2,15.8,68.8,46.6,383,172,287,109,111,24.9,39.1,14.9,73.7,10.6,48,66.3,103,87.1,309,89.1,103,74.1,96.6,88.2,2850.5
ONOS fwd,38.4,30.2,56.5,58.4,9.6,12.3,7.83,17.2,14.6,34.5,57.8,63,240,137,427,147,33,33.5,17.5,7.45,399,8.12,15.8,35.6,138,80.3,99.3,79,79.3,127,269,78.6,2851.8
ONOS fwd,67.7,53.5,78,27,71.1,52.2,68.8,15.4,6.36,37.8,72.7,7.95,284,166,389,114,60.3,22.7,80.1,10.3,71.8,28,45.9,72.5,92,86,113,86.3,300,85.5,103,86.2,2855.11
ONOS fwd,78.4,65.5,61.2,8.44,54,8.29,68.1,28.9,72.7,54.7,76,53.9,338,112,320,182,66.1,21.3,71,7.43,29.3,14.7,76.7,33.4,219,86.4,98.5,91.7,94.6,90.6,179,90.9,2852.76
ONOS fwd,88.4,20.3,74.2,52.4,36.7,9.99,67,36.9,56.7,35.7,80.6,10.3,423,105,321,104,51.4,20.5,99.8,11,51.5,9.84,81.4,57.1,87.1,206,117,90,159,90.2,110,92.2,2856.23
ONOS fwd,8.8,24.5,59.8,7.18,44.7,19.1,35,55.8,31.3,22.3,121,111,276,190,336,148,21.5,11.2,34.6,32.4,223,21.3,48.3,17.3,180,53.1,138,76.5,165,87.2,178,72.8,2850.68
ONOS fwd,62.1,45.7,69.9,32.3,72.4,15.9,75.5,7.45,39.1,38,72.2,131,304,142,372,134,57.1,21,58.3,7.49,46,13.2,68.2,18.9,144,87.1,110,84,228,86.7,127,86.5,2857.04
ONOS fwd,62.8,34.7,82.3,16.6,56.4,17.5,64.9,51.8,70.5,36.7,8.94,17.1,247,146,372,186,62.5,18.1,119,25.7,48.4,19.9,129,6.95,267,82.1,79.5,122,137,83.3,95.6,83.6,2850.89
ONOS fwd,8.63,61.1,61.9,28.4,59.5,58.3,45.1,67,77.6,56.2,55.7,20.7,262,119,421,149,51.8,35.6,25.8,41.9,138,17.3,24.1,15.4,197,74.1,90,73.6,156,64.2,227,67.9,2850.83
ONOS fwd,73,8.02,77.5,31,49.6,38.9,77,68.4,63.6,27.3,68.5,48.1,286,172,342,151,73.4,6.49,42.5,17,63.8,15.4,78.1,23.5,253,77.3,92,77.9,89.6,110,174,77.4,2853.31
ONOS fwd,74.8,6.33,40.4,6.3,61.4,67,66.1,6.74,70.6,15.8,66.4,8.38,245,244,278,186,63.7,6.53,72,26.4,60.4,51.2,163,18.3,85.8,77.2,174,77.3,292,76.4,92.7,76.6,2856.78
ONOS fwd,64,22.4,69.4,55.4,68.7,56.2,50.6,22.6,71.1,63.4,70,8.22,310,148,391,103,60.1,23.8,53.1,10.7,72.9,26.3,70.3,11.2,207,97.2,90.1,99.6,96.6,84.1,157,119,2853.02
ONOS fwd,72.1,7.26,76.9,20.5,55.1,72.5,77.2,38.6,40.1,16.1,69.5,40.9,281,131,401,140,9.04,7.41,75.5,29.6,72.9,18.4,78.5,72.7,302,78.9,86.7,97.9,120,90.8,86.8,88.9,2855.81
ONOS fwd,76.2,6.71,95.1,13.2,53.4,25.3,71.6,41.5,45.6,54.9,72.1,9.37,287,97.3,271,297,62.8,11.3,62.6,32.5,94.1,6.07,70.1,46.3,97.7,54.1,220,129,236,52.3,89.4,73.8,2855.35
ONOS fwd,72.2,67.7,72.8,23.5,62,14.8,74.4,6.59,58.6,29.5,30.2,15.4,347,109,337,160,40.4,38.6,74.3,21.8,125,31.9,69.5,22.4,148,131,98,84.8,99.6,109,196,86.1,2857.09
ONOS fwd,70.5,9.7,61,9.73,59.4,32.4,71.3,15.2,47.1,70.1,38.9,58.3,383,115,323,131,70,76.7,63,27.2,70.5,15.4,46.5,37.5,97.1,83.3,169,82.3,154,84.6,179,102,2853.73
ONOS fwd,74.7,17.5,65.6,18.5,121,32.2,51,24.8,66.8,30.8,64.7,39.9,317,233,246,157,66.7,13.7,75,13,72.5,25.2,67.9,10.4,132,84.9,207,80.3,102,85.2,176,85.5,2857.8
ONOS ifwd,9.57,51.1,16.2,8.68,72.8,7.09,42.9,28.6,118,21.9,139,21.8,302,155,423,77.5,59.1,49.5,26.3,29.2,47.7,12.1,162,32.7,235,19.5,75.5,67.8,109,172,73.5,203,2869.04
ONOS ifwd,75.7,32.1,65.2,72.5,63.6,55.3,72.3,7.08,39.9,18.7,61.8,16.3,418,121,308,106,37.1,11.6,73.4,12.7,69.8,41.3,72.6,53.9,98.8,93,195,122,151,94.6,104,93.8,2858.08
ONOS ifwd,62,55.7,64.4,23.7,95.3,27.6,39.3,5.76,137,54.8,64.7,49.7,262,127,367,197,55.2,12.6,14.6,9.01,53.6,9.24,56.7,63.3,89.9,80,194,82.2,199,78.8,153,75.6,2859.71
ONOS ifwd,108,64.6,63.8,16.1,48.9,16.1,69.3,26.2,27.5,22.4,62.1,40.3,463,93.2,304,93.7,71.6,16.6,78.4,7.82,54.8,29.3,77.4,53.2,93,74.5,184,93.8,88.9,90.2,114,215,2861.72
ONOS ifwd,77.8,7.82,72,59.2,24.7,52.3,70.5,48.9,76.3,12.8,58.3,68,273,126,417,137,71.3,40.4,39.8,8.38,75.7,9.19,72.1,7.66,101,81.1,130,81.8,253,78.6,93.8,134,2859.45
ONOS ifwd,73,58.9,88.5,26.7,74,30.3,66.1,17.8,60.6,11.8,76.5,18.6,289,192,254,219,65.1,7.32,66,21.9,65.5,18.5,98.9,7,227,81.7,131,81.3,99.8,77.7,172,81.4,2858.92
ONOS ifwd,73.1,10.2,220,11.6,9.8,55.6,61.4,58.3,47.8,16.9,47.2,26.4,454,97.3,224,177,60.9,27.5,58.2,6.82,75.3,27.5,7.37,51.9,98.7,166,234,82.4,134,82.5,101,55,2859.69
ONOS ifwd,74.3,24.4,72.1,36.1,70,14.4,67.9,20.1,19.1,20.5,73.5,37.9,260,330,273,92.3,74.7,19.5,13.9,22.2,154,16.4,116,6.72,193,78.8,232,79.1,109,77.8,107,77.6,2863.32
ONOS ifwd,71.3,69.6,29.8,43.6,69.8,6.76,9.19,28.6,159,8.3,49.2,28.5,292,169,376,116,76.3,28.1,26.3,8.13,69.2,38.3,68.6,64,92.3,85,168,88.6,123,84.3,226,85.8,2858.58
ONOS ifwd,12.3,26.6,64.1,62.7,39.9,13,77.4,24.8,73.9,43.7,13.1,131,305,96.9,386,167,73.4,26.2,67.6,15.9,70.9,33.8,77.3,6.47,246,76.6,102,72.9,134,79.2,166,77.4,2863.07
ONOS ifwd,73.6,8.1,65.1,48.4,55.9,58.3,40.2,30.4,74.1,6.5,71.5,16.8,259,117,365,214,66.5,23,71.9,14.9,113,11,62.5,42.5,184,90.8,178,90.3,128,90.4,102,90.8,2863.5
ONOS ifwd,80.9,29.4,39.2,12.3,80,39.5,16.3,28.3,77.6,33,67.7,48.9,253,104,495,101,78.4,30.4,66.2,35.5,81.2,21.7,48.6,36.8,206,126,136,88.8,95.2,82.9,83.8,134,2857.6
ONOS ifwd,66.2,29.7,81.5,40.7,52.2,19.7,75.4,6.8,24.5,47.1,80.1,66.6,393,98.3,364,98.5,44.5,34.5,79.7,15,37.9,49.9,78.2,22.7,254,77.6,97.1,76.7,82.2,76.7,97,193,2861
ONOS ifwd,75.1,49.5,73.3,72.4,74.9,21.9,76.1,7.38,38.9,16.2,41.3,15.9,269,113,416,157,76.9,11.1,74.4,26.7,65.9,49.9,75.5,11.4,179,139,99.3,88.2,175,86.1,99.2,89.1,2864.58
ONOS ifwd,78.2,70.2,78.9,24.7,75.4,6.97,58.2,71.3,9.36,34.2,78.4,25.6,292,146,332,186,76,16.7,73.3,6.93,78,11.6,72.6,7.15,182,85.4,114,85.9,164,86.1,148,89.4,2864.51
ONOS ifwd,70.8,29.1,65,45.8,69.7,24.7,41.1,38.3,66.2,18,47.7,28.6,435,111,255,154,69.3,22.8,73.3,22.1,58.9,26.6,73.5,62.8,92.8,94.3,179,93.8,92.8,89.9,220,92.1,2864
ONOS ifwd,64.9,57,73,33.1,35.1,60.3,72.4,64,66.8,16.1,46.1,38.8,432,97.5,268,156,55,10.7,62.5,27.5,39.7,60.6,50.1,20,166,78.2,97.2,77.4,93.9,82.6,284,73.9,2860.4
ONOS ifwd,52.7,70.9,81.5,45.1,73.4,17.6,81.5,9.79,31.4,29.1,47.7,69.7,383,108,356,107,67.3,11.5,110,7.11,65.8,28.1,46.4,6.77,169,104,120,93.1,112,96.9,110,149,2861.37
ONOS ifwd,93,8.28,56.4,62.2,57.8,25.1,46.9,12.7,67,7.38,49,19.2,314,97.1,328,215,90.9,126,27.4,27.3,86.7,37.3,40.3,13.3,101,76.9,229,75.7,144,74.3,178,75,2862.16
ONOS ifwd,75.1,50.5,45.1,14.6,72.1,31.8,124,8.46,74.6,9.86,57.1,57.1,276,281,302,97.1,74.6,11.1,46.5,42.1,65.4,50.6,34.6,9.58,230,74.6,182,74.1,87.9,76.2,165,65.7,2866.4
ONOS ifwd,64.6,40.2,7.64,23.3,29.5,38.2,27,70.4,41.8,39.7,258,7.03,395,115,331,111,12.2,16.5,66.1,29.5,50.3,30.3,40.9,59,217,87,129,88,142,87.2,92.7,109,2856.07
ONOS ifwd,39.6,69.1,39,21.2,101,41.4,72.5,14.4,41.2,49.9,58.2,16.9,323,157,373,102,71.1,21.8,71.1,64.7,63,23.7,64.9,9.23,226,79.4,115,130,89.5,79.5,160,74.3,2862.63
ONOS ifwd,71.1,18.9,16.7,25.9,15.4,6.39,25.4,6.29,9.44,54.4,208,8.92,319,217,307,109,20.7,20.5,176,6.1,68,130,59.9,5.76,257,85.8,81.2,85.4,191,85.5,81,85.1,2857.8
ONOS ifwd,58.6,65.9,69.9,8.49,78.1,19.7,37.9,15.3,51.6,6.8,73.3,20.4,395,98.1,303,157,63.3,8.57,74.9,131,39.7,6.31,69.8,53.7,158,126,218,79.1,109,79.2,106,78.7,2860.37
ONOS ifwd,98.3,47.3,89,29.9,69.5,22.3,48.6,27.1,48.5,7.77,61.7,20,415,112,316,112,8.67,55.9,69.4,31.1,68.7,48.2,92.7,9.69,87.7,90.7,156,90.3,160,86.8,121,162,2863.83
ONOS ifwd,73.3,13.2,78.4,16,76,26.2,74.6,55.6,125,7.99,44.3,7.01,376,135,244,198,55.7,16.2,52.1,38.8,60.5,16.1,66.7,48,92.8,134,186,81.4,94.4,80.5,205,77.5,2856.3
ONOS ifwd,73.8,16.5,8.12,56.6,72.5,35,71.2,68.1,11.3,52.9,110,7.57,439,87.4,340,87.5,75.3,14.4,38.7,30.1,63,62.1,71.3,15.7,122,83.2,95,82.4,97.7,139,219,116,2862.39
ONOS ifwd,22.3,8.7,69.1,39.8,72.9,19.8,75.7,35.2,53.6,54.4,74.6,11.5,457,179,215,102,72.8,25.5,64.2,39.1,74,53.8,71.7,13.9,99.8,91.9,128,109,100,84.7,255,83.6,2857.6
ONOS ifwd,72.6,69.8,70,11.3,63,69.3,70.8,31.6,61.2,7.39,62.3,8.72,402,94.8,308,149,74.5,37.9,51.7,8.8,72.4,10.2,70.9,28.7,102,139,223,99.9,105,93.7,97.5,92.5,2859.51
ONOS ifwd,77.3,28.3,61.5,27,73.4,52.6,40,38.9,29.6,41.7,68,70,350,98.9,410,97.5,62.1,12.3,65.1,33.7,59.1,11,67.9,36.6,127,86.8,147,84.5,178,90.7,96.5,145,2868
ONOS ifwd,75,67.6,62.1,6.53,29.7,68.4,122,22.6,65.6,11.8,67.4,15.8,302,261,292,99.4,95.2,8.32,67.3,17.1,63.3,15.2,65.5,7.73,218,88,176,90,106,87.8,103,86.4,2863.78
ONOS ifwd,75.3,37.7,50.4,39.7,63.8,60.9,73.7,27.5,70.7,25.2,72.8,16.7,319,107,337,192,74.3,21.6,73.5,20.7,64,26.7,44.1,15.3,200,77.2,88.3,136,88.4,76.8,215,72.9,2864.2
ONOS ifwd,128,12.9,72.8,20.1,41.7,25.4,35.4,63.9,56.4,14,73.4,125,333,227,252,143,68.7,25,57.2,15.1,25,9.1,70.7,15.2,197,83.9,226,83.5,105,83.2,167,7.77,2863.37
ONOS ifwd,81.5,15.8,31.3,17,10.2,22.3,66.1,63.5,79.7,40,62.5,153,442,107,312,93.6,78.5,43.1,7.64,14.5,45.8,23.1,89.4,10.5,109,75.9,238,79.8,109,125,148,71.2,2865.94
ONOS ifwd,79.9,45.5,61.8,57.1,70.8,60.9,65,19.7,37.3,24.3,28.8,10.4,298,101,455,101,74.2,37.3,77.3,38.3,70.1,7.02,64.6,24.4,184,87.2,92.2,86.2,141,169,110,85.2,2864.52
ONOS ifwd,53.9,70.7,72,15.7,60.5,69.2,50.4,11.6,49.4,8.23,78.1,32.4,311,112,424,106,70.1,12.1,76.7,6.58,38.4,28.2,7.54,142,197,82.7,148,80.2,174,95.5,97.3,79.9,2861.35
ONOS ifwd,73.9,67.1,45.3,41.7,70.3,34.6,10.1,13.6,76.6,12,36.8,37.8,297,107,379,171,75.2,133,62.8,51.4,37.6,10.4,56,7.71,103,77.4,97.8,70.7,220,63.4,266,55.7,2861.91
ONOS ifwd,57.4,50.3,146,6.65,70.9,28.7,40.7,9.48,76.4,49.2,74,9.75,333,222,239,161,50.1,38.1,67.6,17.6,67.2,15.7,62,16.2,200,82.1,89.7,82.6,99,82.2,237,81.7,2863.28
ONOS ifwd,22.9,17.9,60.5,64.5,66.6,10.8,8.61,8.54,36.7,57.5,67.4,6.58,271,96,455,133,65.1,8.79,58.8,244,54.4,29,34.3,31,164,79.6,172,74.5,274,80.8,96.6,11.6,2862.02
ONOS ifwd,154,28.8,53.2,10.6,32.7,7.4,80.4,24.7,156,7.59,72.9,7.47,224,148,349,231,19.7,7.69,81.5,29.1,66.1,7.7,62,42.5,94.1,143,148,85.1,208,85.1,105,84.6,2856.95
ONOS ifwd,73,68.1,143,32.1,49.3,69.1,66.6,23.4,19.1,34.7,56.7,27.1,432,103,303,116,40.6,16.6,77.3,19.1,35.5,15.5,50,36.3,109,97,156,97.1,195,96.7,101,101,2859.9
ONOS ifwd,79.1,44.8,49,59.7,70.8,32.2,68.5,9.39,76.1,63.4,60.2,28.7,338,180,314,122,42,6.72,62,50.4,79,50.1,11,10.5,93.9,76.9,221,77.4,175,75.3,168,66.2,2861.31
ONOS ifwd,74.4,16.3,59.8,14.1,57.8,8.38,54.4,64.4,43,12.1,51.1,37.2,310,155,404,85.1,43.1,29.9,47.9,20.6,60.8,7.89,59.3,191,252,81.8,96.9,81.1,111,81.4,181,68.5,2861.27
ONOS ifwd,63.9,58.3,25.5,5.64,51.3,7.46,78.3,32.7,65.5,6.49,124,58.4,296,151,377,130,26.5,9.23,32.1,117,20.5,58.6,84.9,28,107,76,122,74.7,322,67.9,109,73,2859.92
ONOS ifwd,66.3,9.61,138,8.68,67.2,31,64.5,7.21,60.7,51.4,42.4,7.16,490,93.6,281,90.9,23.5,150,37.7,6.84,66.4,27.1,60.2,29.5,93.5,224,203,73.1,88,77.7,128,66.6,2864.8
ONOS ifwd,76.6,35.4,68.2,39.1,71.3,9.47,76.5,40.5,49.3,8.91,38.9,69.7,374,161,269,149,74.7,13.8,76.8,16.7,66.8,9.04,101,8.38,98.4,84.1,94.8,141,142,82.8,226,81.7,2854.9
ONOS ifwd,69.6,51,64.1,64.4,67.2,57,18.1,12.6,64.8,19.3,63,37.7,364,93.1,267,232,63.4,25.7,82.7,30.1,64.9,11.5,71.9,15.4,136,75.7,274,76.5,125,77.6,114,75.7,2865
ONOS ifwd,74.5,63,142,24.1,74.8,7.12,40.7,28.1,65.8,20.2,67.9,36.6,295,166,395,97.5,73.2,7.67,53.2,8.31,52.8,7.53,65.6,39.6,101,117,94.8,92.4,217,92.3,93.8,144,2858.53
ONOS ifwd,153,20,94.7,23.7,30.4,19.1,56.4,21.2,41.7,7.04,40.3,66.3,219,257,378,101,156,10.1,64.1,19,42.5,8.13,68.7,12.2,119,97.5,126,97.4,193,97.6,125,97.1,2862.17
ONOS ifwd,144,7.19,53.1,72.4,39.3,15.5,78.1,61.9,64.4,14.5,75.4,26.4,354,191,306,103,35.6,33.2,65.3,6.98,47.2,24.8,77.2,10.4,185,115,198,84.3,85.6,103,99.5,82.4,2859.67
ONOS ifwd,9.54,50.9,16.1,8.64,72.5,7.05,42.7,28.5,118,21.8,138,21.7,301,155,421,77.2,58.8,49.3,26.2,29.1,47.6,12,161,32.6,234,19.4,75.3,67.5,108,172,73.4,202,2857.83
ONOS ifwd,75.4,32,64.9,72.3,63.4,55.1,72.1,7.06,39.7,18.7,61.7,16.3,417,121,307,106,37,11.6,73.2,12.7,69.5,41.2,72.5,53.6,98.5,92.8,194,122,151,94.4,104,93.6,2851.26
ONOS ifwd,61.7,55.6,64.2,23.6,94.9,27.5,39.1,5.73,136,54.6,64.4,49.4,261,127,366,197,55,12.5,14.6,8.98,53.4,9.22,56.5,63,89.6,79.9,194,81.9,198,78.6,153,75.4,2851.33
ONOS ifwd,107,64.3,63.7,16.1,48.8,16,69.1,26.1,27.4,22.3,61.8,40.2,462,93.1,304,93.5,71.4,16.6,78.2,7.8,54.5,29.2,77.2,53,92.8,74.4,183,93.5,88.7,90,114,215,2854.7
ONOS ifwd,77.6,7.78,71.8,59,24.7,52.2,70.3,48.6,76.1,12.8,58.2,67.7,272,125,416,137,71.1,40.2,39.7,8.35,75.6,9.16,71.7,7.64,101,80.9,129,81.7,253,78.4,93.6,133,2850.83
ONOS ifwd,72.7,58.7,88.2,26.5,73.8,30.2,65.9,17.7,60.4,11.8,76.3,18.6,288,191,253,219,65,7.28,65.7,21.9,65.2,18.4,98.5,6.97,227,81.5,131,81,99.6,77.5,172,81.1,2851.45
ONOS ifwd,73,10.2,219,11.5,9.77,55.3,61.2,58.2,47.7,16.8,47.1,26.3,453,97.1,224,177,60.8,27.5,58.1,6.79,75,27.5,7.34,51.8,98.4,165,233,82.2,134,82.3,101,54.9,2852.8
ONOS ifwd,74.1,24.3,72,36,69.8,14.4,67.7,20.1,19,20.4,73.3,37.8,259,329,272,92,74.5,19.4,13.9,22.1,154,16.3,116,6.68,192,78.6,231,79,109,77.5,107,77.3,2855.18
ONOS ifwd,71.1,69.5,29.7,43.4,69.5,6.74,9.15,28.5,158,8.26,49.1,28.4,292,169,376,115,76.1,28,26.3,8.1,69.1,38.2,68.4,63.9,92.2,84.9,167,88.3,123,84.1,225,85.6,2851.55
ONOS ifwd,12.3,26.5,63.9,62.5,39.8,13,77.1,24.8,73.6,43.6,13.1,131,305,96.7,385,166,73.2,26.1,67.4,15.9,70.6,33.7,77,6.43,245,76.5,102,72.7,133,78.9,166,77.2,2855.53
ONOS ifwd,73.4,8.06,64.8,48.3,55.7,58.2,40.1,30.4,73.9,6.47,71.3,16.8,259,117,363,214,66.3,23,71.7,14.8,113,11,62.3,42.4,184,90.6,178,90.1,127,90.2,102,90.6,2857.43
ONOS ifwd,80.7,29.3,39.1,12.3,79.6,39.5,16.2,28.2,77.5,32.9,67.5,48.8,253,104,493,101,78.2,30.3,66.1,35.4,80.8,21.7,48.5,36.6,206,125,136,88.5,95,82.8,83.6,134,2851.1
ONOS ifwd,65.9,29.6,81.2,40.5,52.1,19.7,75.2,6.77,24.4,47,79.8,66.5,392,98.1,363,98.3,44.3,34.4,79.6,14.9,37.8,49.8,77.8,22.6,253,77.4,96.9,76.4,82,76.4,96.8,192,2852.17
ONOS ifwd,74.9,49.4,73.1,72.2,74.8,21.8,75.9,7.36,38.8,16.2,41.2,15.8,269,113,415,157,76.7,11.1,74.3,26.6,65.8,49.7,75.2,11.4,178,138,99.1,88.1,175,85.9,99.1,88.9,2858.36
ONOS ifwd,78,70.1,78.6,24.6,75.3,6.94,58,71,9.33,34.2,78.2,25.5,291,145,331,185,75.7,16.6,73.1,6.91,77.8,11.6,72.5,7.12,182,85.3,113,85.7,163,86,147,89.2,2854.3
ONOS ifwd,70.6,29,64.8,45.7,69.5,24.6,40.9,38.2,66,17.9,47.5,28.6,434,110,255,154,69,22.7,73.1,22,58.7,26.5,73.3,62.6,92.6,94.1,178,93.7,92.6,89.8,219,91.9,2855.9
ONOS ifwd,64.6,56.8,72.8,33,35,60.1,72.2,63.8,66.6,16.1,46,38.7,431,97.2,268,155,54.9,10.6,62.3,27.3,39.6,60.4,49.8,19.9,165,78.1,97,77.2,93.8,82.4,283,73.7,2851.9
ONOS ifwd,52.6,70.7,81.2,45,73.1,17.5,81.2,9.75,31.4,29.1,47.6,69.5,382,108,356,106,67.1,11.4,110,7.08,65.7,28,46.3,6.74,168,104,120,93,111,96.6,110,149,2854.57
ONOS ifwd,92.7,8.26,56.2,62,57.5,24.9,46.8,12.6,66.8,7.35,48.8,19.1,313,96.9,327,215,90.6,125,27.3,27.2,86.5,37.2,40.1,13.2,101,76.6,228,75.5,144,74.1,177,74.7,2852.91
ONOS ifwd,75,50.3,45,14.6,71.9,31.6,123,8.43,74.3,9.82,56.9,56.9,275,280,301,96.9,74.4,11.1,46.4,41.8,65.2,50.3,34.5,9.54,229,74.3,181,73.9,87.7,75.9,165,65.5,2856.19
ONOS ifwd,64.4,40,7.61,23.2,29.4,38.1,27,70.2,41.7,39.6,257,7,394,115,330,111,12.1,16.4,65.9,29.4,50.2,30.2,40.7,58.7,216,86.9,129,87.8,141,87,92.4,109,2847.91
ONOS ifwd,39.5,68.9,38.8,21.1,100,41.4,72.3,14.4,41.1,49.7,57.9,16.9,322,156,372,102,70.9,21.7,70.8,64.5,62.8,23.6,64.8,9.2,226,79.2,115,130,89.4,79.3,159,74.1,2854.3
ONOS ifwd,70.9,18.8,16.6,25.8,15.3,6.36,25.4,6.26,9.41,54.2,207,8.89,319,217,306,109,20.7,20.5,175,6.07,67.8,130,59.7,5.74,257,85.6,81,85.2,190,85.3,80.8,84.9,2851.23
ONOS ifwd,58.5,65.7,69.7,8.45,77.9,19.6,37.8,15.3,51.5,6.77,73,20.3,394,98,302,156,63,8.55,74.6,130,39.6,6.29,69.6,53.4,157,125,217,78.8,109,79,105,78.4,2848.76
ONOS ifwd,98,47.2,88.7,29.8,69.4,22.2,48.4,27,48.3,7.74,61.6,20,414,112,315,112,8.64,55.8,69.3,31,68.6,48.1,92.3,9.67,87.5,90.5,156,90.1,159,86.6,121,162,2857.45
ONOS ifwd,73.1,13.1,78.2,15.9,75.8,26.2,74.4,55.4,125,7.96,44.3,6.98,375,135,244,198,55.6,16.1,51.9,38.7,60.4,16,66.4,47.8,92.7,133,186,81.2,94.2,80.3,205,77.3,2850.94
ONOS ifwd,73.5,16.4,8.08,56.4,72.4,34.9,70.9,67.9,11.3,52.7,109,7.54,438,87.2,340,87.2,75.2,14.4,38.6,30,62.7,61.9,71.1,15.7,121,83,94.8,82.1,97.4,138,219,116,2854.32
ONOS ifwd,22.2,8.65,68.9,39.7,72.8,19.7,75.4,35.1,53.5,54.2,74.4,11.5,455,179,215,102,72.7,25.4,64,38.9,73.7,53.6,71.5,13.8,99.5,91.6,128,109,100,84.5,254,83.5,2850.75
ONOS ifwd,72.4,69.6,69.7,11.3,62.7,69.1,70.5,31.6,61,7.35,62.1,8.7,401,94.6,307,149,74.4,37.7,51.6,8.75,72.2,10.2,70.7,28.7,102,139,222,99.6,105,93.5,97.4,92.4,2852.8
ONOS ifwd,77,28.3,61.4,26.9,73.1,52.5,39.9,38.8,29.5,41.6,67.7,69.8,349,98.7,409,97.3,61.9,12.2,64.9,33.6,59,11,67.6,36.5,127,86.6,146,84.3,178,90.5,96.3,144,2859.9
ONOS ifwd,74.8,67.4,61.9,6.5,29.6,68.1,122,22.5,65.4,11.7,67.2,15.8,302,260,291,99.2,94.9,8.29,67.1,17,63.1,15.2,65.3,7.71,217,87.8,175,89.7,106,87.6,103,86.2,2856
ONOS ifwd,75.1,37.6,50.2,39.6,63.7,60.6,73.5,27.4,70.4,25.1,72.5,16.6,318,107,336,191,74.1,21.5,73.3,20.7,63.9,26.6,43.9,15.3,199,76.9,88.1,136,88.3,76.5,214,72.6,2855
ONOS ifwd,127,12.8,72.5,20,41.6,25.4,35.3,63.7,56.2,14,73.1,124,332,226,252,142,68.4,24.9,56.9,15.1,25,9.08,70.6,15.2,197,83.7,226,83.4,104,83,167,7.76,2854.64
ONOS ifwd,81.3,15.8,31.2,16.9,10.2,22.2,65.9,63.4,79.4,39.9,62.4,152,441,107,312,93.4,78.4,42.9,7.61,14.4,45.6,23.1,89,10.5,108,75.8,237,79.6,109,124,147,71,2856.91
ONOS ifwd,79.6,45.4,61.6,56.9,70.6,60.8,64.8,19.6,37.2,24.2,28.7,10.4,297,101,453,101,74,37.1,77,38.2,69.9,6.98,64.4,24.4,184,87.1,92.1,86,140,168,110,85,2855.98
ONOS ifwd,53.7,70.6,71.8,15.7,60.3,69.1,50.2,11.6,49.3,8.2,77.9,32.3,311,112,424,106,69.9,12.1,76.5,6.54,38.2,28.2,7.52,141,197,82.5,147,80.1,173,95.2,97.2,79.7,2855.36
ONOS ifwd,73.6,66.9,45.2,41.5,70.2,34.5,10,13.5,76.3,11.9,36.7,37.7,297,107,379,170,74.9,133,62.7,51.2,37.5,10.4,55.9,7.68,103,77.2,97.6,70.6,219,63.3,265,55.5,2855.48
ONOS ifwd,57.2,50.1,145,6.62,70.7,28.6,40.6,9.45,76.2,49,73.7,9.71,332,221,238,160,49.9,38,67.4,17.5,67,15.7,61.8,16.2,199,81.9,89.5,82.2,98.9,82,237,81.5,2853.38
ONOS ifwd,22.8,17.8,60.2,64.2,66.3,10.7,8.58,8.52,36.6,57.3,67.1,6.55,270,95.8,453,132,64.9,8.76,58.7,243,54.3,29,34.2,30.9,164,79.4,172,74.4,273,80.6,96.5,11.6,2852.71
ONOS ifwd,153,28.7,53.1,10.6,32.6,7.37,80.2,24.6,155,7.56,72.8,7.46,224,148,348,231,19.6,7.67,81.3,29,65.7,7.67,61.9,42.4,94,143,148,84.9,207,84.9,105,84.3,2850.33
ONOS ifwd,72.8,68,143,32,49.2,68.8,66.5,23.3,19,34.6,56.6,27,431,103,302,115,40.6,16.5,77.1,19,35.4,15.5,49.9,36.2,109,96.8,156,96.9,194,96.4,101,101,2853.1
ONOS ifwd,78.9,44.7,48.9,59.5,70.5,32.1,68.3,9.36,75.8,63.2,60,28.6,337,179,313,122,42,6.7,61.8,50.3,78.9,49.9,11,10.4,93.7,76.6,221,77.2,175,75,167,66.1,2853.46
ONOS ifwd,74.2,16.2,59.6,14,57.7,8.34,54.2,64.1,42.8,12.1,51,37.1,310,154,403,84.7,43,29.8,47.8,20.6,60.6,7.85,59.1,190,251,81.6,96.7,80.9,111,81.3,180,68.3,2852.59
ONOS ifwd,63.7,58,25.5,5.6,51.2,7.43,78,32.5,65.3,6.45,124,58.1,296,151,376,129,26.4,9.18,32,117,20.4,58.4,84.6,27.9,107,75.7,122,74.6,322,67.7,109,72.8,2854.46
ONOS ifwd,66.1,9.55,137,8.64,67,30.8,64.3,7.17,60.5,51.2,42.3,7.13,489,93.3,280,90.7,23.3,149,37.5,6.82,66,27.1,60,29.4,93.3,224,203,72.9,87.8,77.5,127,66.5,2855.81
ONOS ifwd,76.3,35.3,68,39,71.1,9.43,76.3,40.3,49.2,8.89,38.8,69.5,373,161,268,148,74.4,13.8,76.6,16.6,66.6,9.01,101,8.35,98.2,83.8,94.7,141,142,82.6,226,81.4,2848.18
ONOS ifwd,69.4,50.8,63.8,64.2,66.9,56.6,18,12.6,64.5,19.3,62.9,37.6,363,92.8,266,231,63.2,25.6,82.4,30,64.7,11.4,71.8,15.4,135,75.4,273,76.3,125,77.5,114,75.6,2855.7
ONOS ifwd,74.3,62.7,142,24,74.5,7.08,40.6,28,65.6,20.2,67.8,36.5,294,165,394,97.3,72.8,7.63,53,8.28,52.7,7.51,65.4,39.4,101,117,94.6,92.2,216,92.2,93.5,144,2850.8
ONOS ifwd,152,19.9,94.4,23.6,30.4,19.1,56.3,21.1,41.6,7,40.2,66.1,218,256,378,100,156,10.1,64,18.9,42.4,8.11,68.5,12.2,119,97.4,126,97.2,193,97.4,125,97,2855.91
ONOS ifwd,144,7.15,52.8,72.2,39.2,15.5,78,61.8,64.2,14.4,75.2,26.3,354,190,305,103,35.5,33.2,65.1,6.94,47.1,24.8,77.1,10.4,184,115,198,84.1,85.4,103,99.3,82.2,2853.89
SDNetViews (w/ verification),45.9,33.8,43.3,37.6,85.7,9.22,38.4,14,91.5,14.1,92.1,41.7,418,81.4,312,149,50.3,5.53,91.5,79.2,19.7,41,110,41.7,176,66.9,174,68.5,87.4,236,104,67,2926.45
SDNetViews (w/ verification),63.3,42.2,68,30.3,38.5,13.7,27.5,62.5,6.41,125,62.7,62.5,312,164,367,111,56.1,31.3,60,5.89,142,32.7,9.87,14.3,242,72,107,72.5,94.3,68.5,253,46.3,2864.37
SDNetViews (w/ verification),75,65,20.5,6.43,75.8,12.7,22.2,11,96.7,7.19,48.5,33.8,241,87.5,414,209,69.9,180,38.2,12.7,72.8,19.5,56.9,25.7,177,63.5,94.1,72.2,143,72.9,256,72.3,2853.02
SDNetViews (w/ verification),66.2,13.8,55,18.2,68.5,25.1,66.1,36.3,162,34.4,60,33.4,231,117,296,311,65.5,9.15,55.7,5.9,67.4,35.9,67.2,7.29,116,76,255,76.8,177,76.2,98.9,77.2,2861.14
SDNetViews (w/ verification),33.3,69.7,47.4,7.31,68.6,36,66.5,12.7,73.5,55.5,37.7,57.9,458,150,241,106,73.8,42,63.8,64,65.2,12.8,59.9,6.48,90.7,84.2,348,83.5,91.4,81.8,91,83.6,2863.29
SDNetViews (w/ verification),68.8,60.5,67.5,26.1,66.3,12.6,71.5,40.4,73.8,7.77,56.1,23.7,307,236,317,94.6,68.6,25.9,75.9,7.3,61.2,21,67.3,51.2,119,84.8,189,92,190,85.5,110,83.5,2861.87
SDNetViews (w/ verification),66.6,32,68,8.58,57,15.2,60.5,8.83,56.9,8.32,53.7,7.96,344,172,320,116,67.1,24,57.6,47.9,53.4,20.7,48.9,190,198,80.7,176,75.2,110,68.9,168,76.3,2858.29
SDNetViews (w/ verification),65,9.64,78.6,29,82.9,10.8,77.9,28.5,84.9,60.2,65.6,30.2,351,97.2,183,324,74.7,7.29,42.6,21.7,84.7,13.2,77.9,7.69,105,79.7,286,74.5,106,80.2,144,79.5,2863.12
SDNetViews (w/ verification),73.6,19.3,74.4,24.4,67.1,28.7,60.6,52.7,58.5,35,65.6,28,408,108,330,108,77.1,23.5,68.5,9.05,76.5,27.1,73,10.3,96.1,87.2,189,159,96.5,87.4,92.5,145,2859.65
SDNetViews (w/ verification),76.1,31.9,59.2,31.7,75.7,64.6,41.6,61.5,66,13.6,43.3,13.7,357,162,330,106,74.3,16.7,56.8,11.6,112,7.05,73.2,22.7,96.5,92.6,151,102,97,85.8,199,130,2862.15
SDNetViews (w/ verification),79.2,33.3,73.3,45.1,69.6,11.2,75,30.4,78.4,33.1,59,12.9,382,208,258,107,78.2,8.41,48,23.8,75.3,12.3,69,37.7,97.2,84.8,186,84.4,93.9,86.2,186,134,2860.71
SDNetViews (w/ verification),75.2,24.8,61.6,55,75.4,6.93,101,20.6,64.5,10.5,71.7,22,287,222,336,108,74.8,50.2,67.6,31.9,65.9,11.1,52.2,10.6,212,92.1,100,101,100,92.2,163,93,2859.83
SDNetViews (w/ verification),68.1,9.76,73.6,16.1,73.1,7.18,61.3,10.9,68.6,34.2,125,40.8,272,260,315,109,41.7,21.4,79.7,9.38,69.2,37.5,60,46.4,179,87.8,103,87.9,184,87.9,136,87.6,2863.12
SDNetViews (w/ verification),115,58,60.4,16.8,67.7,7.71,19.1,63.6,77.7,22.2,26.4,36.7,289,103,459,103,77.6,19.2,9.02,25.9,26.1,10.7,144,68.5,190,113,85.6,80.9,110,142,152,81.5,2861.33
SDNetViews (w/ verification),80.4,34.5,71.6,26.7,79.2,27.9,70.4,19.6,77.8,19.3,60.3,63.8,243,212,414,85.7,71.8,8.92,58.9,9.89,72.1,30.5,61.2,8.43,139,79.8,103,79.2,191,165,114,82.2,2861.14
SDNetViews (w/ verification),75.3,67,73.8,13.1,74,7.18,75.8,7.76,67.8,17,74.8,22.6,300,103,418,132,68.2,49.7,39,40.3,59.2,15.1,76.2,27.9,95.6,108,93.8,115,212,145,102,81.8,2857.94
SDNetViews (w/ verification),62,72.4,59,38.8,38.8,14.4,63.9,66.7,70.7,8.19,44.4,6.82,377,119,321,137,52.5,22.5,57.2,40.9,65,18,119,33.5,103,93.9,193,91.1,185,95.6,97,94.7,2862.01
SDNetViews (w/ verification),83.2,17.6,79.8,23.5,78.9,7.06,30.2,6.35,70.6,21.3,81.7,40.5,235,301,319,100,57.2,7.34,75.1,78.7,69,32.3,74.2,18.6,142,73.2,111,77.7,219,76.3,183,71.3,2861.65
SDNetViews (w/ verification),65.8,71,64.7,60.9,56.9,27.6,71.6,19.9,48.2,18.7,73.6,32.9,311,118,405,120,57.1,7.13,31.8,13.8,48.7,60.3,73.4,50.1,216,76,88.7,75.9,150,124,146,76.8,2861.53
SDNetViews (w/ verification),50.9,34.3,68.9,14.5,76.2,18.5,30.6,70.9,76.4,22.5,73.1,35.5,331,191,327,105,74.1,31.6,67.3,71.8,60.9,19.6,38.4,16.3,97.3,74.8,162,82.1,186,82.7,186,82.5,2859.7
SDNetViews (w/ verification),57.6,62.7,65.6,36.6,58.4,20.7,37.7,41,66.9,62.8,54.3,43.2,282,103,333,236,72.2,33,69.7,7.49,64,25.3,68,6.01,267,14.6,200,72.3,86.7,117,125,71.6,2861.4
SDNetViews (w/ verification),79,19.9,60,57.9,121,15.8,72.9,6.99,52.2,11.7,66.6,18.1,339,102,326,189,65.6,56.8,61.1,11.9,73.8,20.9,71.4,10.7,113,100,133,101,113,101,164,130,2865.29
SDNetViews (w/ verification),77.9,6.36,67.4,28.9,68.1,17.5,35.1,8.42,55.1,7.22,54.3,5.58,321,107,434,91.1,39.9,10.3,21.1,321,43.3,33.2,40.2,11.8,187,73.9,105,75.7,161,77.4,195,77.6,2858.38
SDNetViews (w/ verification),50.6,35.9,47,30.7,69.1,59.2,63,14.5,71,39.5,200,5.82,278,189,393,93.2,44.7,30.7,59.9,26.7,46.5,20,9.08,29.9,239,7.27,102,91.9,153,163,81.1,115,2859.27
SDNetViews (w/ verification),77.3,39.4,71.5,34.5,80.7,15.4,71.8,9.25,79.3,24.4,67,17.3,227,219,416,93.2,70.7,33.3,45.3,38.3,54.9,20.5,72.6,28.8,167,73.9,120,136,197,84.5,90.1,85,2860.95
SDNetViews (w/ verification),51.4,6.32,90,6.49,67.5,15.9,69.7,33.9,52.6,60.3,62,25,450,97.9,264,143,59.5,68.9,75.7,47,67.9,18.2,64.3,10.5,104,138,205,94.1,102,94.4,123,94.2,2862.71
SDNetViews (w/ verification),71.7,49.5,62.2,40.8,62.2,8.48,78.2,15.7,23.2,17,156,23.9,401,165,238,151,58.1,42,57.6,23.7,70.8,17.8,66.2,8.78,94.6,89.2,192,89.5,173,90,104,121,2862.16
SDNetViews (w/ verification),84.5,14.4,71.5,36.1,73.4,37.3,48.7,17.8,15.6,67.7,143,42.7,321,111,393,127,65.9,9.98,31,10.5,63,40.7,70.1,7.86,186,84.1,107,111,143,153,87.9,80.8,2856.54
SDNetViews (w/ verification),77.3,22.1,62.6,22.6,63.3,67.2,70.7,11.6,73.6,24.8,70.5,23.2,299,155,330,169,71.5,64,47.5,15.5,58.2,21.4,59.9,25.5,93.6,76.7,210,106,216,76.4,102,72,2858.7
SDNetViews (w/ verification),28.4,65.5,70.1,27.3,37.9,8.01,57,50.6,33.3,53.5,62.7,15.6,245,163,449,96.4,43.7,13.5,36.3,25.6,210,25,65.1,24.8,184,80.2,107,144,172,80.6,105,79.6,2859.71
SDNetViews (w/ verification),75.1,24,61.8,45.6,65.1,25.9,71,48.7,78.6,26.5,51.5,21.4,333,101,243,277,74.3,6.85,64.1,14.6,80.9,24.3,65.9,26.8,91.9,72.7,302,78.1,155,80.1,93.8,79.5,2860.05
SDNetViews (w/ verification),72.4,13.8,79.8,7.15,65.6,65.9,74.7,38.6,42.5,59,59.2,12.1,236,97.2,379,242,60.1,34.8,79.5,9.55,73.1,7.37,78.6,17.7,125,88.9,101,84.9,280,87.7,101,84.7,2858.87
SDNetViews (w/ verification),137,41.3,71.8,18.5,28.9,6.64,64.7,7.12,49,10.7,62.9,8.24,344,181,324,105,63.8,36.7,57.7,55.3,70.4,55.9,68.8,37.7,92.2,83.6,110,129,170,87.1,194,87.8,2860.8
SDNetViews (w/ verification),79.2,9.41,60.7,65.7,54.6,16.7,55.2,11.5,66.4,64,46,36.4,363,114,317,159,76,9.5,70.7,51.4,75.8,13.6,71.1,19.1,133,80.7,177,136,104,82.6,156,83,2858.31
SDNetViews (w/ verification),74.2,8.38,61.8,32.3,72.9,26.8,71.6,62.8,42.7,26,40.4,31.3,425,119,297,110,56.5,10.9,71.1,28.1,32.1,19.1,40.6,141,153,82.4,193,85.3,95.8,85.3,175,80.7,2852.08
SDNetViews (w/ verification),66.3,60.2,25.3,6.61,15.3,10.5,135,61.2,65.8,122,52.8,208,347,95.6,425,86.4,8.32,5.54,34.7,5.88,32.9,8.16,23.5,5.91,328,61.6,152,76.4,91.3,66.9,105,72.7,2861.82
SDNetViews (w/ verification),42,6.38,66.4,28.8,62.4,45.7,38.8,34.6,73.3,70.9,70.6,14.9,251,98.9,383,222,61.8,6.15,73.3,60.4,72.3,25.5,73,26.5,162,78.3,161,79,230,78.2,88.8,77.8,2863.73
SDNetViews (w/ verification),47.3,26.1,68.9,46.5,74.4,9.43,69,22.5,66.7,34.7,7.4,13.6,359,215,262,120,67.1,12.8,237,42.4,44,18.2,8.5,38,199,88.8,174,87.3,96.3,89.4,131,89.4,2865.73
SDNetViews (w/ verification),70.7,21.7,70.9,63,73.5,55,62.9,28.6,74,8.44,72.5,56.3,324,102,304,225,49.1,6.25,72.7,17.4,70,7.03,66.1,7.8,195,87.6,143,87.9,98.7,92.2,162,87.9,2863.22
SDNetViews (w/ verification),78.1,53.5,64.9,36.7,74.6,10.3,75.3,8.09,73.5,29.3,73,15,255,122,406,173,63.7,6.54,50.6,60.2,84.2,33.7,56.8,6.7,96.4,97.2,130,87.8,232,104,98.8,109,2865.93
SDNetViews (w/ verification),79,22.4,59,42.4,76.9,47.6,67.1,6.23,76.6,60.6,44.7,16,322,91.4,299,241,76.4,6.43,72.6,7.13,44.5,28.9,79.8,38.5,165,76.4,99.9,118,113,77.9,231,71.6,2858.99
SDNetViews (w/ verification),70.9,44.1,54.3,24.6,73.6,42.9,72.9,6.48,62.5,56,73.8,8.34,419,199,230,105,63.4,6.53,72.6,56.5,71,11.2,72.8,8.82,93.1,71.8,89.4,134,101,88.8,288,87.5,2859.87
SDNetViews (w/ verification),67.9,47.1,54,63.2,52.9,58,66.3,5.78,57.3,28.5,70.2,41.1,319,165,297,173,70.7,5.75,59.9,15.5,71.2,11.8,53.2,52.5,95.9,76.2,152,75.3,218,74.4,201,60.8,2860.43
SDNetViews (w/ verification),75.8,38.2,66,57.6,38.7,64.4,127,7.98,27.7,38.5,74.2,31.7,408,138,236,170,68.3,5.82,73.3,10.9,10.9,32.2,71.3,32.2,154,73.3,192,92.9,171,76.1,112,82.1,2858.1
SDNetViews (w/ verification),80.7,24,59.4,37.1,74.6,66.7,51.1,6.1,77.5,6.27,53.2,37.1,230,153,419,153,80.3,9.21,42.4,6.12,117,21.2,69.5,32.7,189,84.7,170,80.5,104,82.9,89.6,153,2860.9
SDNetViews (w/ verification),12.7,65.3,38.6,17,54.8,64.8,77.7,6.39,60.1,60.6,77.1,64.1,370,92.1,300,194,64.3,5.81,77.4,5.95,65.1,71.7,38.1,28.6,95.8,62.4,244,61.3,233,86.7,103,69.8,2868.25
SDNetViews (w/ verification),54.6,70.5,64.8,58.3,49.8,68,69,13.7,67.7,9.94,71,70,448,110,284,111,32.1,6.26,110,6.78,54.8,55.8,10.5,7.88,93.2,89.3,232,90.2,153,90.8,110,93.2,2856.16
SDNetViews (w/ verification),74.6,65.9,61.3,16.7,76.8,64.7,43.6,10.6,80.3,46.4,52.7,18.4,242,94.3,455,162,79.6,6.57,66.6,6.64,80.4,24.3,40.8,35.9,136,92,163,122,184,92.1,70.3,92.4,2857.91
SDNetViews (w/ verification),65.3,46.9,92.1,70.9,58.3,62.9,66.5,6.7,35.2,22.6,85.5,13.8,359,129,277,189,56.7,6.38,74.5,6.4,58.7,9.02,75,38.5,135,87.2,182,88.2,185,86,101,88,2858.3
SDNetViews (w/ verification),63.7,10.2,26.1,23.8,37.3,11.1,69.3,7.46,71.3,57.2,275,139,304,197,353,99.9,62.9,6.24,29.2,6.23,16.9,10.7,22,7.29,180,117,89.5,85.5,218,84.8,89.8,88.9,2860.32
SDNetViews (w/ verification),45.7,33.7,43,37.4,85.1,9.16,38.2,13.9,91.1,14,91.6,41.4,417,81.2,311,149,50,5.49,91.2,78.6,19.5,40.6,109,41.3,175,66.8,173,68.3,87.2,235,104,66.7,2914.15
SDNetViews (w/ verification),63.2,42.1,67.7,30.1,38.4,13.6,27.4,62.2,6.39,124,62.5,62.4,312,163,367,111,56,31.3,59.8,5.87,142,32.7,9.83,14.3,240,71.8,106,72.3,94,68.3,252,46.1,2855.29
SDNetViews (w/ verification),74.8,64.8,20.5,6.4,75.6,12.6,22.1,11,96.3,7.14,48.3,33.7,241,87.3,413,208,69.8,180,38.1,12.6,72.7,19.4,56.7,25.6,176,63.2,93.9,72,142,72.8,256,72.2,2845.54
SDNetViews (w/ verification),66.1,13.8,54.8,18.1,68.4,25,65.8,36.2,162,34.3,59.8,33.3,230,117,295,310,65.3,9.12,55.5,5.88,67.1,35.7,67,7.26,116,75.8,254,76.6,177,76,98.6,77,2853.46
SDNetViews (w/ verification),33.2,69.4,47.3,7.28,68.3,35.9,66.4,12.6,73.3,55.3,37.5,57.7,457,150,240,105,73.6,41.9,63.5,63.8,65.1,12.8,59.7,6.44,90.5,83.9,347,83.2,91.3,81.6,90.7,83.3,2854.52
SDNetViews (w/ verification),68.6,60.3,67.2,26,66.2,12.5,71.4,40.3,73.5,7.74,55.9,23.7,306,235,316,94.4,68.4,25.8,75.8,7.27,61,20.9,67.2,51.1,119,84.6,189,91.7,190,85.4,110,83.4,2855.31
SDNetViews (w/ verification),66.5,31.9,67.8,8.54,56.7,15.2,60.2,8.8,56.7,8.3,53.6,7.93,343,172,320,116,66.9,23.9,57.4,47.7,53.2,20.6,48.7,189,197,80.4,176,75.1,109,68.7,168,76.1,2850.87
SDNetViews (w/ verification),64.7,9.61,78.4,28.9,82.7,10.8,77.7,28.4,84.7,60.1,65.4,30.1,350,96.8,183,323,74.5,7.26,42.5,21.6,84.6,13.1,77.7,7.67,105,79.5,285,74.3,106,80,143,79.3,2855.34
SDNetViews (w/ verification),73.4,19.2,74.2,24.3,66.9,28.6,60.5,52.5,58.3,35,65.5,27.9,407,107,329,108,76.8,23.4,68.3,9.03,76.2,27.1,72.7,10.3,95.8,87.1,189,158,96.2,87.2,92.4,145,2851.83
SDNetViews (w/ verification),75.8,31.8,58.9,31.6,75.5,64.5,41.5,61.2,65.8,13.6,43.2,13.7,357,162,329,106,74.1,16.7,56.7,11.6,112,7.02,73.1,22.6,96.4,92.3,151,102,96.7,85.5,199,129,2856.82
SDNetViews (w/ verification),79,33.2,73.2,45,69.5,11.2,74.7,30.4,78.2,33,58.9,12.8,381,208,257,106,78,8.38,47.8,23.8,75,12.3,68.7,37.5,97.1,84.6,186,84.2,93.7,86,186,134,2854.18
SDNetViews (w/ verification),75,24.7,61.3,54.8,75.2,6.9,101,20.5,64.4,10.5,71.6,21.9,286,222,336,108,74.6,50,67.4,31.9,65.7,11,52,10.6,211,91.9,100,100,100,91.9,162,92.8,2852.6
SDNetViews (w/ verification),67.9,9.72,73.3,16.1,72.9,7.15,61.2,10.8,68.4,34.1,124,40.7,271,259,315,109,41.6,21.3,79.3,9.33,69,37.4,59.9,46.3,179,87.7,103,87.8,183,87.7,136,87.4,2856
SDNetViews (w/ verification),115,57.9,60.3,16.7,67.5,7.69,19,63.4,77.6,22.1,26.3,36.6,288,103,458,103,77.4,19.1,8.98,25.8,26.1,10.7,144,68.3,190,112,85.4,80.8,109,141,151,81.3,2852.97
SDNetViews (w/ verification),80.1,34.4,71.4,26.6,79,27.8,70.1,19.5,77.6,19.2,60.2,63.5,242,212,413,85.4,71.6,8.88,58.7,9.85,71.8,30.4,61.1,8.4,138,79.7,103,79,190,164,114,82,2852.23
SDNetViews (w/ verification),75.2,66.8,73.5,13.1,73.6,7.14,75.6,7.73,67.6,16.9,74.7,22.5,300,103,417,131,68.1,49.6,38.8,40.2,59.1,15.1,76.1,27.9,95.5,107,93.5,115,211,144,102,81.6,2849.87
SDNetViews (w/ verification),61.7,72.2,58.8,38.7,38.6,14.3,63.8,66.6,70.5,8.15,44.3,6.8,377,119,320,137,52.3,22.5,57.1,40.8,64.8,18,118,33.4,103,93.7,193,90.9,184,95.4,96.8,94.5,2855.65
SDNetViews (w/ verification),82.8,17.5,79.7,23.4,78.7,7.03,30.1,6.33,70.3,21.2,81.5,40.3,234,300,318,100,57,7.31,74.8,78.5,68.8,32.2,74,18.5,141,73.1,110,77.4,219,76.1,183,71.2,2852.77
SDNetViews (w/ verification),65.6,70.8,64.5,60.7,56.7,27.5,71.4,19.8,48.1,18.7,73.4,32.8,310,118,403,120,56.8,7.11,31.7,13.7,48.4,60,73.2,49.8,215,75.7,88.4,75.7,150,124,145,76.6,2852.11
SDNetViews (w/ verification),50.7,34.2,68.7,14.4,76,18.5,30.5,70.7,76.2,22.5,72.8,35.3,330,191,327,104,73.9,31.5,67.1,71.6,60.8,19.5,38.3,16.3,97,74.6,162,81.8,186,82.4,186,82.3,2853.6
SDNetViews (w/ verification),57.5,62.6,65.3,36.5,58.2,20.6,37.6,40.8,66.7,62.6,54.2,43,281,103,332,236,71.9,32.8,69.6,7.45,63.7,25.1,67.9,5.98,266,14.6,200,72.1,86.5,116,124,71.4,2852.63
SDNetViews (w/ verification),78.7,19.9,59.8,57.8,121,15.8,72.7,6.95,52.1,11.7,66.4,18,338,101,325,189,65.4,56.7,60.9,11.8,73.7,20.9,71.2,10.7,112,99.9,133,101,112,101,164,129,2857.05
SDNetViews (w/ verification),77.6,6.33,67.2,28.8,67.7,17.4,35,8.39,54.9,7.18,54.2,5.55,321,106,433,90.9,39.7,10.3,21.1,320,43.2,33.1,40.1,11.8,187,73.6,105,75.5,161,77.2,194,77.3,2851.05
SDNetViews (w/ verification),50.3,35.6,46.9,30.6,68.9,58.9,62.8,14.4,70.7,39.4,199,5.81,278,189,392,92.9,44.5,30.6,59.7,26.7,46.3,19.9,9.05,29.8,238,7.26,102,91.7,153,162,80.8,115,2851.52
SDNetViews (w/ verification),77,39.3,71.3,34.4,80.4,15.3,71.5,9.22,79.1,24.4,66.8,17.2,226,218,415,93,70.5,33.2,45.1,38.3,54.7,20.4,72.3,28.8,166,73.8,119,136,196,84.3,90,84.8,2851.12
SDNetViews (w/ verification),51.2,6.28,89.8,6.45,67.4,15.9,69.5,33.8,52.5,60,61.8,24.9,449,97.7,264,142,59.4,68.7,75.5,46.8,67.7,18.1,64,10.5,103,137,205,93.9,101,94.2,123,93.9,2853.93
SDNetViews (w/ verification),71.6,49.4,62.1,40.8,62.1,8.45,77.9,15.7,23.1,16.9,155,23.8,400,165,237,150,58,41.9,57.4,23.7,70.6,17.8,66.1,8.76,94.4,89,192,89.3,173,89.9,104,120,2854.71
SDNetViews (w/ verification),84.1,14.4,71.1,36,73.1,37.2,48.6,17.8,15.5,67.4,143,42.4,321,111,392,127,65.6,9.96,30.9,10.5,62.8,40.6,69.8,7.83,185,83.8,106,111,142,152,87.7,80.6,2847.69
SDNetViews (w/ verification),77,22,62.4,22.5,63.1,67,70.4,11.6,73.4,24.7,70.3,23.1,298,154,329,169,71.3,63.8,47.2,15.4,58,21.3,59.7,25.4,93.3,76.5,209,106,216,76.1,102,71.9,2850.4
SDNetViews (w/ verification),28.3,65.2,69.9,27.3,37.8,7.96,56.8,50.3,33.2,53.3,62.6,15.6,245,163,447,96.3,43.6,13.5,36.2,25.5,209,24.9,64.9,24.7,183,80,107,144,172,80.5,105,79.4,2852.76
SDNetViews (w/ verification),74.9,23.9,61.7,45.4,64.9,25.8,70.8,48.5,78.4,26.4,51.4,21.4,332,101,243,277,74.1,6.82,63.9,14.6,80.6,24.2,65.7,26.7,91.7,72.5,301,77.9,155,80,93.6,79.3,2854.12
SDNetViews (w/ verification),72.2,13.7,79.6,7.11,65.4,65.7,74.4,38.5,42.4,58.9,59,12.1,235,97.1,378,241,59.9,34.7,79.4,9.53,72.8,7.35,78.4,17.7,124,88.7,101,84.7,279,87.4,101,84.5,2850.19
SDNetViews (w/ verification),137,41.1,71.5,18.4,28.8,6.62,64.6,7.09,48.9,10.7,62.7,8.2,343,181,323,105,63.5,36.6,57.6,55.2,70.2,55.8,68.6,37.6,92.1,83.4,109,129,169,86.9,194,87.6,2853.71
SDNetViews (w/ verification),78.9,9.36,60.5,65.5,54.4,16.6,55,11.5,66.3,63.8,45.9,36.3,362,114,317,159,75.8,9.44,70.4,51.2,75.6,13.5,70.9,19,133,80.5,177,135,104,82.4,156,82.8,2852.6
SDNetViews (w/ verification),73.9,8.35,61.6,32.2,72.7,26.7,71.5,62.7,42.6,25.9,40.3,31.2,424,119,297,110,56.3,10.9,70.8,28,32,19,40.4,140,152,82.3,193,85.2,95.7,85.2,175,80.5,2845.95
SDNetViews (w/ verification),66.1,59.9,25.2,6.57,15.2,10.4,135,61,65.5,121,52.7,208,345,95.2,424,86.2,8.28,5.52,34.6,5.85,32.8,8.14,23.5,5.88,327,61.5,151,76.2,91.2,66.7,105,72.5,2852.64
SDNetViews (w/ verification),41.9,6.35,66.3,28.7,62.2,45.5,38.7,34.5,73.2,70.7,70.3,14.9,250,98.8,383,221,61.6,6.13,73.1,60.2,72.2,25.4,72.8,26.4,162,78.1,160,78.8,229,78.1,88.6,77.6,2856.08
SDNetViews (w/ verification),47.2,26.1,68.7,46.4,74.2,9.4,68.7,22.4,66.6,34.6,7.36,13.5,358,214,261,119,66.9,12.7,236,42.3,43.9,18.1,8.46,37.8,198,88.7,173,87.1,96.2,89.3,130,89.1,2854.72
SDNetViews (w/ verification),70.5,21.6,70.7,62.8,73.3,54.8,62.7,28.5,73.8,8.41,72.3,56,323,102,303,224,49,6.24,72.4,17.4,69.7,7,65.9,7.77,194,87.4,143,87.7,98.5,91.9,162,87.7,2855.02
SDNetViews (w/ verification),77.8,53.3,64.8,36.7,74.4,10.3,75.1,8.05,73.3,29.2,72.8,15,254,122,405,172,63.5,6.52,50.4,60,83.8,33.6,56.7,6.67,96.2,96.9,130,87.6,231,104,98.5,108,2857.14
SDNetViews (w/ verification),78.8,22.3,58.9,42.3,76.7,47.4,67,6.22,76.3,60.5,44.6,16,322,91.1,299,241,76.2,6.41,72.5,7.11,44.4,28.8,79.6,38.3,165,76.3,99.7,118,113,77.8,231,71.5,2855.74
SDNetViews (w/ verification),70.8,43.9,54.1,24.5,73.5,42.8,72.6,6.47,62.3,55.9,73.6,8.31,418,199,230,105,63.2,6.52,72.4,56.3,70.8,11.1,72.6,8.78,92.9,71.7,89.3,134,100,88.5,288,87.3,2854.18
SDNetViews (w/ verification),67.6,46.9,53.8,63,52.7,57.7,66,5.76,57.1,28.4,69.9,40.9,319,164,296,172,70.3,5.73,59.6,15.4,70.9,11.7,53,52.3,95.7,75.9,151,75.2,217,74.2,201,60.5,2850.19
SDNetViews (w/ verification),75.5,38.1,65.8,57.3,38.6,64.2,127,7.96,27.7,38.3,73.9,31.6,407,138,236,170,68.1,5.8,73,10.8,10.9,32.2,71.1,32.1,153,73.2,191,92.7,170,75.9,112,81.8,2850.56
SDNetViews (w/ verification),80.5,23.9,59.1,36.9,74.4,66.5,50.9,6.09,77.3,6.24,53,37,229,153,418,152,80.1,9.18,42.2,6.1,117,21.1,69.3,32.6,188,84.4,169,80.3,104,82.6,89.5,152,2851.21
SDNetViews (w/ verification),12.7,65.1,38.5,17,54.7,64.5,77.4,6.36,59.9,60.4,76.9,63.9,369,91.9,300,193,64.1,5.79,77.2,5.94,65,71.3,38,28.5,95.6,62.1,243,61.2,233,86.3,102,69.7,2859.99
SDNetViews (w/ verification),54.4,70.3,64.6,58.2,49.6,67.8,68.9,13.6,67.6,9.9,70.8,69.6,447,110,284,110,32,6.24,110,6.75,54.6,55.7,10.5,7.85,93,89.2,232,90,153,90.6,109,92.9,2849.64
SDNetViews (w/ verification),74.4,65.7,61.1,16.6,76.6,64.5,43.5,10.5,80.1,46.2,52.6,18.3,241,94.2,454,162,79.4,6.56,66.4,6.62,80.2,24.2,40.7,35.8,136,91.8,163,122,184,91.9,70.2,92.2,2852.28
SDNetViews (w/ verification),65.1,46.7,91.9,70.7,58.2,62.8,66.3,6.66,35.2,22.5,85.2,13.8,358,129,276,189,56.6,6.36,74.3,6.38,58.5,8.99,74.8,38.4,135,86.9,182,88.1,184,85.8,101,87.8,2851.99
SDNetViews (w/ verification),63.6,10.1,26,23.7,37.2,11,69,7.42,71,57,275,138,303,197,352,99.6,62.7,6.22,29.1,6.22,16.8,10.6,22,7.26,180,116,89.3,85.3,217,84.6,89.6,88.6,2851.92
SDNetViews (w/out verification),62.3,19.6,63.6,7.27,73.3,26.2,65.6,72,73.5,27.4,70.9,7.83,308,158,372,116,74.8,8.3,52.3,71.7,74.2,10.2,54.1,38,99.2,89.5,179,89.4,189,122,97.8,89,2862
SDNetViews (w/out verification),62.2,19.5,63.3,7.25,73.1,26.1,65.5,71.8,73.3,27.3,70.7,7.81,308,158,371,116,74.6,8.26,52.2,71.5,74,10.2,53.9,37.9,99,89.4,178,89.2,188,122,97.6,88.9,2855.52
SDNetViews (w/out verification),74.6,43.6,79.8,11.7,76.4,11.5,48.1,10.4,74.6,28.1,79.2,38.3,316,167,380,91.7,11,66.4,81.5,44.7,73.3,23.6,70.4,6.82,179,84.6,110,151,151,86.5,105,86.8,2862.62
SDNetViews (w/out verification),74.4,43.5,79.6,11.6,76.2,11.4,47.9,10.3,74.4,28,79,38.2,315,166,379,91.5,10.8,66.3,81.3,44.6,73.2,23.6,70.3,6.78,178,84.4,110,151,150,86.4,105,86.6,2854.28
SDNetViews (w/out verification),58.6,30.3,72.4,17.6,44,10.7,75.3,24.5,71.9,28,63.7,52.1,389,114,293,160,72.7,51.5,55.9,10.2,69.9,38.6,43,63.5,92.5,80.5,93.9,82.1,156,104,259,87.2,2865.6
SDNetViews (w/out verification),58.4,30.2,72.3,17.5,43.9,10.7,75.1,24.5,71.7,27.9,63.6,51.9,388,114,292,160,72.4,51.3,55.7,10.1,69.7,38.5,42.7,63.3,92.3,80.3,93.7,81.9,156,103,258,86.9,2857.5
SDNetViews (w/out verification),75.8,16.4,37.3,68.1,75.4,8.74,66.8,11.9,73.5,10.6,93.3,171,369,99.3,341,145,65.7,6.87,41.6,7.73,63.7,10.4,40.6,8.99,102,80.8,235,81.3,129,145,99.5,82.6,2863.93
SDNetViews (w/out verification),75.6,16.3,37.2,67.8,75.1,8.71,66.5,11.8,73.3,10.5,93,170,369,99.1,341,144,65.5,6.84,41.5,7.71,63.5,10.4,40.4,8.95,101,80.6,234,81.1,129,144,99.2,82.4,2855.01
SDNetViews (w/out verification),75.3,8.29,63.7,6.03,70.4,61.2,63.4,10.8,67.7,168,27.3,40.8,396,196,263,99.1,74.3,14.8,21.6,15,62,6.97,61.5,34.4,103,64.5,257,78.7,103,70.3,197,78.2,2859.29
SDNetViews (w/out verification),75.1,8.26,63.5,6.01,70.2,60.9,63.1,10.7,67.5,167,27.2,40.6,395,196,262,98.8,74.1,14.8,21.5,15,61.9,6.94,61.2,34.3,103,64.3,257,78.5,102,70.2,197,78.1,2851.71
SDNetViews (w/out verification),86.8,46.9,73.2,11.3,66.5,27.6,74.4,13.5,67.5,17.4,74.7,47.6,311,161,294,190,75.7,6.16,69,21.3,75.6,21.4,72.1,6.09,174,132,198,100,98.5,77.9,99.1,74.3,2864.55
SDNetViews (w/out verification),86.2,46.7,73,11.2,66.4,27.5,74.2,13.5,67.3,17.4,74.5,47.5,310,160,293,190,75.4,6.15,68.7,21.2,75.4,21.3,71.9,6.07,173,131,198,100,98.3,77.7,99,74,2855.52
SDNetViews (w/out verification),47.4,31.1,74.1,15.6,60.8,70.6,63.1,70.6,28.4,56.3,58.4,10.2,349,102,319,184,63,44.8,66.2,27.4,67.4,23.7,67.1,7.24,87,89.3,184,76.7,251,67.3,122,77,2861.74
SDNetViews (w/out verification),47.2,31,73.9,15.6,60.7,70.4,63,70.4,28.3,56.2,58.2,10.1,348,102,318,184,62.9,44.6,66.1,27.3,67.2,23.7,66.9,7.21,86.9,89.1,184,76.4,251,67.1,121,76.8,2855.21
SDNetViews (w/out verification),55.1,68.1,50.1,26.3,73.5,29,60,10.4,53.1,23.5,46,58.2,215,113,488,139,68.7,12.3,48.1,61.3,74.2,22.9,68.5,44.7,308,87.4,96.1,86.7,107,83.9,97.6,87.6,2863.3
SDNetViews (w/out verification),54.9,67.9,49.9,26.2,73.3,28.9,59.7,10.4,52.9,23.4,45.8,57.9,215,113,487,138,68.4,12.3,48,61.1,74,22.8,68.3,44.5,307,87.2,95.9,86.5,106,83.7,97.4,87.4,2854.7
SDNetViews (w/out verification),63.1,46.3,40.7,149,55.5,14.7,76.2,12.8,73.8,8.89,6.75,46.2,375,104,300,176,72.1,39.1,68.9,7.35,74.2,13.7,76,9.47,90.9,83.6,92.6,78,150,81.6,294,83.7,2864.16
SDNetViews (w/out verification),62.8,46.1,40.6,148,55.4,14.7,75.9,12.7,73.6,8.87,6.73,46,374,104,299,176,72,39,68.6,7.33,74,13.7,75.7,9.42,90.7,83.5,92.5,77.8,150,81.4,293,83.6,2856.65
SDNetViews (w/out verification),53.9,53.1,76.3,42.3,71.8,22.9,71.1,47.1,65.9,38.1,6.44,54.7,416,147,295,96,71.4,32.2,71,12,72.8,26.6,54.2,10.6,101,79.4,213,137,100,77.6,168,77.6,2862.04
SDNetViews (w/out verification),53.7,52.9,76,42.2,71.5,22.8,70.8,47,65.7,38,6.42,54.4,416,146,294,95.8,71.3,32,70.9,12,72.5,26.5,54,10.6,100,79.1,212,137,100,77.3,168,77.5,2853.92
SDNetViews (w/out verification),60.9,66.8,61.9,13.2,52.9,20.7,55.1,48.8,59,7.79,33.2,137,405,91,324,135,7.22,28.4,71.1,16.7,63.9,14.8,69,66.1,204,81.1,117,80.1,101,64.7,222,82.8,2862.21
SDNetViews (w/out verification),60.6,66.6,61.8,13.1,52.7,20.6,54.9,48.5,58.8,7.75,33.1,136,404,90.8,323,134,7.2,28.3,70.9,16.6,63.6,14.8,68.9,65.9,204,81,117,80,101,64.4,222,82.6,2854.45
SDNetViews (w/out verification),61.4,9.39,70.9,67.1,65.3,14.5,54.5,34.6,7.14,31.8,58.2,54.8,227,146,483,98.1,66.3,31.6,68.2,28,95.9,57.5,66.7,10.3,139,105,81.2,81.5,292,102,71.2,81,2861.13
SDNetViews (w/out verification),61.3,9.34,70.7,66.8,65.1,14.5,54.3,34.4,7.11,31.6,57.7,54.6,227,146,482,97.6,66,31.5,68,27.9,95.5,57.4,66.5,10.3,139,105,81,81.3,291,102,71.1,80.8,2854.35
SDNetViews (w/out verification),84.2,16.8,73,12.3,65.9,28.9,68.1,59,67.4,45.1,19.6,16.8,240,207,394,112,64.1,30.2,63.9,28,73.9,25.4,70.9,39.4,161,82.4,176,82.7,199,81.9,87.7,83.1,2859.7
SDNetViews (w/out verification),84,16.8,72.7,12.3,65.7,28.8,67.9,58.9,67.2,45,19.6,16.8,240,207,393,112,63.9,30.1,63.8,28,73.8,25.3,70.8,39.3,160,82.1,176,82.5,198,81.8,87.5,82.9,2853.5
SDNetViews (w/out verification),106,34.5,67,10.3,64.1,17.5,63.2,58,49.3,52,6.74,51.4,413,99.4,346,96.8,36,29.8,68.1,59.2,73.4,23.6,62.6,22.4,118,88.3,187,131,95.9,91.3,154,88.8,2864.64
SDNetViews (w/out verification),106,34.4,66.7,10.3,63.9,17.4,62.9,57.9,49.2,51.8,6.72,51.2,412,99.2,345,96.6,35.9,29.7,67.9,59.1,73.1,23.6,62.4,22.3,118,88.1,187,131,95.7,90.9,154,88.7,2858.62
SDNetViews (w/out verification),69.5,65.9,101,29.5,66.6,65.5,76.9,10.4,43.1,14.3,10.6,38,229,187,383,156,70.4,40.8,74.7,17,62,9.63,76.4,12.2,120,74.1,102,78.9,294,76.9,129,78.7,2863.03
SDNetViews (w/out verification),69.2,65.7,100,29.3,66.4,65.2,76.7,10.3,43.1,14.2,10.5,37.9,228,186,382,156,70.2,40.6,74.4,16.9,61.9,9.58,76.2,12.2,120,73.8,102,78.7,293,76.6,129,78.6,2854.18
SDNetViews (w/out verification),76.6,25.9,70,36.4,78.8,16.1,72.2,13.6,79,21,10.3,21.7,319,120,418,97.9,77.7,35.2,65.1,23.5,82,53.2,68.8,26.6,107,90.8,98.6,88.8,135,88.1,152,195,2863.9
SDNetViews (w/out verification),76.5,25.8,69.8,36.3,78.6,16.1,71.9,13.5,78.9,20.9,10.3,21.6,318,120,417,97.7,77.5,35.2,64.8,23.5,81.6,53,68.7,26.6,107,90.7,98.5,88.6,134,87.9,152,194,2856.5
SDNetViews (w/out verification),59.4,60.4,79,36.7,64,35.4,74.4,6.36,71.2,70.5,10.9,8.03,419,179,257,98.9,53.4,26.1,71.1,49.1,51.6,18.6,80,27,89.2,83.6,106,83.2,147,85.3,275,83.9,2860.29
SDNetViews (w/out verification),59.2,60.3,78.8,36.6,63.8,35.3,74.2,6.34,70.9,70.2,10.8,8,418,179,256,98.7,53.3,26,70.9,49,51.3,18.5,79.9,26.9,89,83.4,106,83,147,85,274,83.7,2853.04
SDNetViews (w/out verification),80.8,13.1,66,67.3,80,15.3,56.9,7.24,77.9,32.8,57.3,24.6,289,229,327,107,61.7,8.48,65.7,8.7,57.9,37.4,68.8,64.7,104,105,103,78.7,201,76.9,209,75.2,2857.42
SDNetViews (w/out verification),80.7,13.1,65.8,67.1,79.7,15.3,56.7,7.22,77.7,32.7,57.1,24.5,289,229,326,107,61.5,8.43,65.5,8.68,57.7,37.3,68.7,64.5,104,104,102,78.5,201,76.7,208,75,2850.13
SDNetViews (w/out verification),67.3,37.9,77.3,35.3,74.4,28.7,81.9,7.21,61.5,8.42,7.21,41.7,420,155,276,103,74.3,15.9,49.5,47.9,74.5,19.1,75.4,67.4,90.8,135,284,84.2,90.2,82.7,102,83.8,2859.54
SDNetViews (w/out verification),67.1,37.8,77.2,35.2,74.1,28.5,81.7,7.18,61.3,8.4,7.18,41.6,420,154,275,102,74,15.9,49.4,47.8,74.4,19,75.2,67.3,90.6,135,283,84,90,82.6,102,83.7,2852.16
SDNetViews (w/out verification),76.5,68.2,56.8,38.6,65.8,49.1,54.1,6.99,75.6,38.9,13,17.7,269,230,339,115,78.5,10.7,68,23.9,71.3,34.2,69.2,36.3,211,87.6,185,93,106,8.84,169,92.6,2859.43
SDNetViews (w/out verification),76.3,68.1,56.7,38.5,65.6,49,53.7,6.96,75.5,38.8,12.9,17.6,268,230,338,115,78.3,10.7,67.9,23.8,71.1,34.2,69,36.2,211,87.4,184,92.8,106,8.83,169,92.4,2853.29
SDNetViews (w/out verification),74.8,33.1,79.3,71.9,9.38,9.74,82.9,10.7,75.2,48.5,8.17,46.4,451,96.1,313,95.5,41.6,16.5,84,34.7,74.2,27,83.4,42.5,96.6,92.3,109,144,133,91.8,193,92.6,2861.89
SDNetViews (w/out verification),74.6,33,79.1,71.6,9.34,9.72,82.7,10.7,75,48.4,8.15,46.3,449,95.9,312,95.3,41.3,16.5,83.8,34.6,73.9,26.9,83.2,42.4,96.4,92.1,109,144,133,91.7,193,92.4,2855.01
SDNetViews (w/out verification),73.6,6.46,73.1,40.4,71.8,71.3,48.5,6.45,65.4,63.7,12.6,16.2,357,155,259,183,65.6,22.1,65,10.3,107,49.8,74.5,10.1,128,80.7,329,75.3,86.9,82.1,92.6,80.1,2862.61
SDNetViews (w/out verification),73.4,6.44,72.9,40.2,71.5,71,48.4,6.42,65.1,63.6,12.6,16.1,356,155,259,183,65.4,22,64.8,10.3,107,49.6,74.3,10,127,80.6,328,75.1,86.7,81.8,92.4,79.9,2855.56
SDNetViews (w/out verification),60,44.8,70.1,23,74.2,9.67,54.6,8.53,60.3,69.4,94.6,50.1,333,262,260,99.6,53,12.5,70.5,23.3,74.5,11.6,64.7,23.6,143,75.4,154,95.1,156,70.2,185,74.7,2861
SDNetViews (w/out verification),59.9,44.6,69.9,22.9,74,9.62,54.4,8.51,60.2,69.2,94.2,50,332,262,259,99.4,52.8,12.5,70.3,23.2,74.3,11.6,64.4,23.6,142,75.2,154,94.7,156,69.9,185,74.5,2853.83
SDNetViews (w/out verification),74.1,51.4,73.5,17.1,72.7,34.3,54.6,6.31,74.4,50.6,45.5,22.9,225,101,425,203,65.4,19.4,72.1,51.8,40.3,10,66.1,51.1,247,80,132,79.7,155,79.3,85.8,95.4,2861.81
SDNetViews (w/out verification),73.9,51.1,73.2,17,72.5,34.2,54.2,6.28,74.2,50.3,45.3,22.9,225,101,424,202,65.2,19.3,71.8,51.7,40.2,9.99,65.8,51,247,79.7,131,79.4,154,79,85.5,95,2852.67
SDNetViews (w/out verification),71.1,16.3,67.1,66.3,74.3,43.5,51.7,35.5,67.8,8.36,8.1,66.5,277,163,411,103,64.3,9.75,85.5,19.6,64.5,53.9,65,15.1,89.8,78.3,183,78.1,245,118,83.6,77.6,2861.61
SDNetViews (w/out verification),70.8,16.2,66.8,65.9,74,43.4,51.5,35.3,67.5,8.32,8.07,66.2,276,163,409,103,64.1,9.71,85.1,19.5,64.4,53.7,64.7,15.1,89.6,78.1,182,77.9,244,118,83.3,77.4,2851.6
SDNetViews (w/out verification),80.2,23.7,74.6,8.39,74.7,22,73.9,23.7,76.7,63,6.66,34.1,220,187,455,93.3,78.8,27.8,60.8,10.3,80.2,19.1,59.5,55.9,105,9.06,131,88.9,239,130,92.6,158,2862.91
SDNetViews (w/out verification),80,23.6,74.3,8.31,74.6,21.9,73.7,23.6,76.5,62.8,6.64,34,219,186,454,93.2,78.6,27.8,60.7,10.3,80,19.1,59.2,55.8,105,9.04,131,88.8,238,130,92.5,158,2855.99
SDNetViews (w/out verification),71.4,48.7,69.9,69.3,72.6,54.3,72.3,6.55,35.6,52.9,7.53,36,445,110,305,92.9,70.3,24.7,72.8,14,51.2,28,54.3,40.1,112,84.4,272,85.1,95.2,120,98.1,85.4,2857.58
SDNetViews (w/out verification),71,48.5,69.6,69.1,72.4,54.1,72.1,6.52,35.5,52.7,7.5,36,443,110,304,92.7,70.1,24.6,72.6,13.9,51,27.9,54.2,40,111,84.2,271,84.8,95,120,97.9,85.2,2848.12
SDNetViews (w/out verification),54.4,70.7,72.9,18.6,84.7,38.8,70.4,6.82,75.5,30.3,6.58,42.3,366,111,369,108,51,9.82,41.7,44.8,57.8,69.5,43.8,63.6,99.8,85,193,86.2,165,80.7,158,85.6,2861.32
SDNetViews (w/out verification),54.3,70.5,72.7,18.6,84.2,38.6,70.1,6.8,75.3,30.2,6.56,42.2,365,111,368,108,50.8,9.79,41.7,44.7,57.5,69.4,43.7,63.4,99.6,84.8,192,86.1,165,80.4,158,85.4,2854.35
SDNetViews (w/out verification),59.6,68.1,45.7,46.6,50.3,60.8,73.8,6.15,54.1,37.6,87.2,20.7,384,106,252,214,70.2,7.63,44.9,13,37,13.3,149,8.4,100,88.2,103,89.4,200,84.9,199,89.3,2863.88
SDNetViews (w/out verification),59.5,67.9,45.6,46.5,50.2,60.6,73.5,6.13,54,37.4,86.7,20.6,383,106,252,213,70,7.6,44.7,13,36.8,13.3,149,8.37,100,88,103,89.2,200,84.7,199,89.2,2858.5
SDNetViews (w/out verification),58.9,45.2,73,12.5,48.7,16.1,72.3,10.9,69,59.3,6.54,13.5,364,91.8,368,131,70.4,34.7,70.4,47.1,93.3,11.7,70,70.2,107,126,164,92.5,142,53.8,131,137,2861.84
SDNetViews (w/out verification),58.8,45.1,72.8,12.5,48.6,16,72.1,10.9,68.8,59.2,6.52,13.5,363,91.6,367,131,70.2,34.6,70.1,47,93,11.7,69.9,70,107,126,164,92.3,142,53.6,131,136,2855.82
SDNetViews (w/out verification),53,68.4,74.7,19.9,77,18.7,55.9,6.15,70.4,37,20.7,135,406,95.1,292,162,46.4,28.1,39.3,22.5,75.5,18.9,65.4,21,106,82.7,217,83.6,120,64,189,91,2862.35
SDNetViews (w/out verification),52.8,68.2,74.6,19.8,76.7,18.7,55.7,6.13,70.2,36.9,20.6,135,405,94.9,291,161,46.2,28,39.2,22.5,75.2,18.9,65.2,20.9,106,82.5,217,83.4,120,63.7,189,90.7,2855.63
SDNetViews (w/out verification),62.6,35.8,69.4,35,61.5,51.3,33.2,8.98,45.4,66.7,6.46,69.1,265,193,373,123,10,7.35,229,8.74,40.8,14.4,59.4,39.4,286,69.9,94.4,76.5,183,77,88.8,78.4,2862.53
SDNetViews (w/out verification),62.5,35.7,69.2,34.9,61.3,51.1,33,8.94,45.3,66.5,6.45,68.7,265,192,373,122,9.9,7.32,228,8.71,40.7,14.4,59.2,39.3,285,69.7,94.1,76.3,183,76.8,88.6,78.2,2854.82
SDNetViews (w/out verification),46.8,59.6,74.6,11.2,70.6,24.8,67.2,7.15,69.5,129,11.8,129,356,126,342,131,32.1,21.4,7.02,15.5,62.7,29,69.8,15.6,145,56.5,160,70.5,171,74.2,221,54.8,2862.37
SDNetViews (w/out verification),46.7,59.4,74.5,11.1,70.4,24.7,67,7.11,69.3,129,11.6,129,356,125,342,130,32,21.3,6.99,15.4,62.5,28.9,69.6,15.5,145,56.3,160,70.4,171,74.1,220,54.7,2856.5
SDNetViews (w/out verification),71.9,21.5,59.8,36.4,74.6,29.8,72.8,8.78,132,10.6,64.7,11.4,257,107,410,180,35,29.8,72,52.8,74.2,16.3,48,31.2,106,93,121,92.3,204,141,105,90.6,2860.48
SDNetViews (w/out verification),71.7,21.5,59.7,36.2,74.3,29.7,72.7,8.76,131,10.5,64.5,11.4,256,107,409,180,34.9,29.7,71.7,52.7,74,16.3,47.9,31.1,106,92.7,121,92.1,204,141,105,90.5,2854.56
SDNetViews (w/out verification),68.3,43.6,75.9,9.28,68.6,63.3,71.6,6.26,66.8,16.5,8.33,17.5,353,95.7,409,96.6,45.9,25.8,84.7,10.8,55.4,54.5,99.5,60.9,195,142,101,145,102,82.6,103,82.9,2861.27
SDNetViews (w/out verification),68.1,43.6,75.7,9.25,68.4,63.1,71.4,6.23,66.7,16.4,8.31,17.5,352,95.5,408,96.4,45.6,25.8,84.4,10.8,55.2,54.4,99.2,60.7,194,142,101,144,102,82.4,103,82.7,2853.79
SDNetViews (w/out verification),67,69.5,76.2,13.2,55.3,10.3,75.4,6.13,67.8,21.3,7.14,9.07,372,102,299,182,121,41.5,75.3,6.65,72.7,31.1,64.7,63.7,99.6,86.2,241,88.6,99.8,135,116,88.6,2864.79
SDNetViews (w/out verification),66.8,69.2,76,13.2,55.1,10.2,75.2,6.12,67.5,21.3,7.13,9.03,371,102,299,182,120,41.3,75.1,6.61,72.5,31,64.4,63.6,99.5,85.9,241,88.4,99.6,134,115,88.5,2857.19
SDNetViews (w/out verification),67.3,67.1,63.3,7.27,63.6,57.8,31.5,8.75,12.7,14.1,6.78,12.1,280,137,313,223,17.2,13.9,74.5,33.9,341,12.8,38.7,9.81,86.1,85.7,214,87.1,87.5,86.7,210,95.6,2859.81
SDNetViews (w/out verification),67.1,66.9,63.2,7.24,63.3,57.6,31.4,8.71,12.6,14,6.76,12.1,279,137,313,223,17.2,13.8,74.2,33.8,340,12.7,38.6,9.76,85.9,85.5,214,86.8,87.2,86.5,210,95.1,2853.97
SDNetViews (w/out verification),67.6,20.9,87.7,60.6,71.5,33.3,84.3,6.38,44.4,71.3,48.4,8.74,400,123,263,167,67.4,8.84,88.6,21.6,40.5,10.6,86.8,23.2,137,78,171,129,126,111,122,79.6,2859.26
SDNetViews (w/out verification),67.4,20.8,87.4,60.4,71.3,33.3,84.1,6.37,44.3,71,48.2,8.71,399,123,263,166,67.2,8.8,88.3,21.6,40.3,10.6,86.6,23.1,136,77.7,171,128,126,110,122,79.3,2850.78
SDNetViews (w/out verification),72.7,20.9,127,6.08,71.2,61.2,78.3,5.67,66,33.4,58,11.1,384,90.1,256,225,62.4,6.1,68.5,39.8,65.3,9.19,77.1,12.9,134,190,111,79.3,99.2,78.2,177,83.5,2860.14
SDNetViews (w/out verification),72.5,20.9,127,6.05,71,61.1,78,5.65,65.8,33.2,57.9,11.1,383,89.8,255,225,62.2,6.07,68.3,39.7,65,9.16,76.7,12.8,134,190,111,79.1,99.1,78,177,83.3,2854.43
SDNetViews (w/out verification),70.6,51.5,69.1,21.7,70.8,16.6,80.6,16.2,76.8,27.8,60,15.2,291,93.1,296,276,76.5,14.1,72.4,44.4,75.9,6.99,78.7,7.44,131,90.1,106,93.9,161,89.3,192,89.7,2862.43
SDNetViews (w/out verification),70.5,51.4,68.9,21.6,70.6,16.6,80.4,16.1,76.6,27.7,59.7,15.2,290,92.9,295,274,76.3,14,72.3,44.2,75.7,6.96,78.5,7.42,130,89.9,106,93.6,161,89.1,192,89.6,2853.78
SDNetViews (w/out verification),72.4,41,60.7,130,32.1,23.8,73.1,6.49,70.6,30.4,6.58,85.8,444,98.9,215,196,87,6.47,48.1,39.1,64.8,9.13,58.9,7.39,86.6,40.4,356,92.7,96.8,52.5,135,92.9,2860.66
SDNetViews (w/out verification),72.2,40.9,60.5,130,32,23.8,72.9,6.47,70.3,30.3,6.57,85.5,442,98.6,215,196,86.7,6.45,47.9,38.9,64.6,9.1,58.7,7.35,86.4,40.2,355,92.6,96.7,52.3,135,92.8,2853.74
SDNetViews (w/out verification),76.2,43.6,154,28.7,75,41.3,68.8,11.9,53.7,31.6,19.3,7.64,240,165,327,222,69.1,6.22,39.2,10.5,75.2,65.4,67.1,7.98,222,77.1,110,78.1,143,77.4,168,78.1,2860.14
SDNetViews (w/out verification),76,43.5,154,28.6,74.8,41.2,68.6,11.8,53.6,31.5,19.1,7.62,239,165,326,221,68.9,6.2,39.1,10.5,75,65.1,67,7.95,222,76.9,110,77.9,142,77.1,167,77.9,2851.87
SDNetViews (w/out verification),77.3,43.3,92.2,35.1,68.6,59.6,75.2,6.47,77.6,8.9,7.07,28.6,274,216,361,104,76.3,14.9,76.8,15.9,75.2,9.87,64.9,39.3,91.9,78.1,120,80.1,214,79.2,156,134,2861.41
SDNetViews (w/out verification),77.1,43,92,35,68.4,59.4,75.1,6.45,77.4,8.86,7.05,28.5,273,215,360,104,76,14.9,76.6,15.9,74.9,9.84,64.8,39.2,91.7,77.9,120,79.8,213,79,155,134,2852.8
SDNetViews (w/out verification),73.2,60.6,74.4,15.8,67.8,38.6,77.6,11.1,54.6,32.6,7.07,11.9,378,189,280,106,74.4,13.1,74.1,8.83,68.2,41.7,138,8.36,140,85,102,116,96.9,78.3,200,135,2858.16
SDNetViews (w/out verification),72.9,60.5,74.2,15.7,67.6,38.6,77.3,11.1,54.5,32.5,7.05,11.8,377,189,279,105,74.2,13.1,74,8.8,68,41.6,138,8.33,139,84.8,102,116,96.7,78,200,135,2851.28
SDNetViews (w/out verification),108,7.46,79,51.6,70.9,16,78.1,32.7,61.5,49.4,7.4,38.6,330,172,361,91.5,72.5,7,58.8,37.9,72.7,38.9,7,57.5,112,75.2,257,78.9,127,120,105,78.7,2861.26
SDNetViews (w/out verification),108,7.41,78.9,51.3,70.6,16,78,32.5,61.4,49.2,7.38,38.5,329,172,360,91.3,72.2,6.97,58.5,37.8,72.4,38.7,6.98,57.4,112,75,257,78.7,127,119,104,78.4,2853.54
SDNetViews (w/out verification),73.6,68.4,74.7,26.9,87.9,24.5,70.1,6.09,156,43.3,6.83,11.4,260,194,316,184,64,6.11,72.3,7.94,91.5,37.2,7.07,17.6,93.5,72.1,202,94.6,128,77.7,203,82.7,2861.04
SDNetViews (w/out verification),73.4,68.2,74.6,26.8,87.6,24.4,70,6.07,155,43.1,6.81,11.4,260,193,316,183,63.8,6.1,72,7.91,91.2,37.1,7,17.5,93.4,71.8,201,94.2,127,77.6,202,82.4,2851.39
SDNetViews (w/out verification),77.8,17.2,65,28.4,77.7,19.3,70.8,9.79,77.3,47.1,23.7,15.6,227,110,508,110,74.3,44.2,57.7,31.2,125,53,6.45,31.9,113,99.2,130,92.5,183,92.7,92.7,152,2863.54
SDNetViews (w/out verification),77.5,17.1,64.8,28.3,77.4,19.2,70.4,9.74,77.1,46.9,23.6,15.5,226,110,507,110,74.2,44,57.5,31.1,125,52.9,6.44,31.9,113,99,130,92.3,183,92.5,92.5,151,2856.88
SDNetViews (w/out verification),65.4,23.9,70,72.5,43.4,73.1,69.7,6.99,62.3,48.3,46.3,45.9,354,109,383,109,64.3,6.62,68.2,72.6,38.3,6.56,52.7,17,102,92.5,94.1,90.9,225,88.8,170,90.1,2862.47
SDNetViews (w/out verification),65.2,23.9,69.6,72.2,43.4,73,69.5,6.97,62.1,48.2,46.2,45.8,353,109,382,108,64.1,6.6,68.1,72.4,38.2,6.54,52.5,17,102,92.3,93.9,90.8,225,88.6,170,89.9,2856.01
SDNetViews (w/out verification),47.5,29.2,79.8,39.5,73.1,36.8,81,56.2,71.3,43.2,13.8,19.3,228,108,428,190,44.2,6.74,98.3,58,62,6.47,57.3,29.4,340,82.2,97.5,83,88.7,82.6,96.6,83,2860.71
SDNetViews (w/out verification),47.4,29.1,79.4,39.4,72.9,36.7,80.7,56.1,71.1,43.1,13.7,19.3,228,107,428,189,44.1,6.72,97.8,57.9,61.8,6.46,57.1,29.4,339,81.9,97.4,82.7,88.5,82.4,96.5,82.8,2853.38
SDNetViews (w/out verification),89.9,68.3,78.8,32.4,82,44.3,76.6,8.68,80.7,12,7.71,10.3,273,164,330,187,80.5,6.23,77,10,80.6,36.2,59.8,12.4,112,76.4,189,79.6,157,127,136,78.6,2864.02
SDNetViews (w/out verification),89.7,68.2,78.5,32.3,81.7,44.2,76.4,8.65,80.5,12,7.68,10.2,272,164,330,187,80.2,6.21,76.8,9.99,80.5,36,59.6,12.3,112,76.3,188,79.5,156,127,135,78.4,2856.83