application,5_1,5_2,5_3,5_4,5_12,5_13,6_1,6_2,6_3,6_4,6_12,6_13,7_1,7_2,7_3,7_4,7_12,7_13,8_1,8_2,8_3,8_4,8_12,8_13,9_1,9_2,9_3,9_4,9_12,9_13,10_1,10_2,10_3,10_4,10_12,10_13,11_1,11_2,11_3,11_4,11_12,11_13,Aggregate
ONOS fwd,67.5,28.4,37.5,34.4,61.3,375,11.2,32.9,31.8,67.4,132,75.3,94.5,47.3,10.4,47.2,41.2,11.9,4.22,48.4,28.1,4.27,19.8,14.4,46,29,4.19,4.18,45.1,44.5,46.1,46.2,45.6,46.2,38.6,4.04,45.8,30.6,26.1,37.3,17.8,25,1908.7
ONOS fwd,54.1,75.5,80.1,70.2,81.6,80.9,80.4,76.4,79.3,78.8,114,80.5,206,47.8,69.9,36.9,67.5,15.4,26.9,12.1,9.9,9.61,59.5,12.4,24.8,44.8,11.5,24.1,8.6,7.55,19.5,15.3,27.6,35.2,7.19,23.6,27.4,33.2,8.15,8.34,8.28,39.4,1900.22
ONOS fwd,74.3,48.4,79.7,121,72,76.1,79.6,79.6,80.2,80.6,81.5,81.3,6.88,4.71,37.1,6.47,4.82,4.69,11.4,54.4,50.9,10.7,6.74,11.7,50.9,51.8,56.2,12.3,50.1,28.6,17.1,20.3,51.8,51.1,14.4,30.7,51,100,23.2,19.8,81.2,33.6,1908.91
ONOS fwd,80.9,79.1,81.3,125,78.3,71.1,79.5,55.7,74.7,81.2,67.2,77.4,47.3,51.5,9.95,7.45,6.13,51.2,13,12.6,27.5,13.6,26.4,32.6,20.5,6.44,7.66,27.4,53.1,25.2,6.52,12.3,6.51,20.8,256,11.3,65.8,30.5,9.62,15,8.25,65.7,1899.23
ONOS fwd,67.1,93.2,71.8,75.2,76.3,77,127,51.9,77.4,76.3,82.3,76.5,25.6,22,53.6,48.7,18.2,8.67,5.28,19.4,6.13,7.24,6.54,5.51,5.66,20,56.7,23.2,5.42,8.35,56.1,56.2,138,6.61,27.4,11.7,149,47.6,5.4,25.1,50.6,30.7,1902.61
ONOS fwd,46.8,74.9,121,79.6,79.1,79.5,75.9,78.6,77.9,78.9,78.1,79.7,25,9.09,66.5,28.9,24.1,8.39,8.17,11.2,10.6,15.9,65.5,34.8,182,24.4,14.8,65.5,11.5,6.65,11.1,165,13.3,13.2,8.1,6.95,14.6,35.4,6.91,26.5,11.4,23.3,1898.76
ONOS fwd,44.1,73.3,49.5,63.5,155,76.7,47.2,137,76.1,74.6,78.3,77.3,12,8.65,27.3,70.7,24.2,43.8,31.1,7.78,35.2,87.5,15.7,43.3,25,7.5,50.4,49.8,7.33,15.7,33.5,70.5,11.6,65.6,36,17.5,69.3,15.1,9.54,28.7,21.2,8.56,1902.66
ONOS fwd,84.6,57.3,102,73.8,73,73,73.6,67.5,73.2,73.2,73.4,128,31,50.1,5.02,5.13,4.95,41.5,23.5,5.25,12.2,12,8.99,6.31,54.1,6.39,53.4,5.04,26.6,54.1,54.2,53.7,7.22,11.9,35.1,23.2,18.3,53.5,53.6,136,42.4,53.8,1901.1
ONOS fwd,72.1,128,63.5,46.7,144,97.6,53.9,71.7,71.5,66.4,65.3,70.8,15.6,11.6,7.8,58.3,5.7,24.7,45,7.45,56.5,47.2,28.1,50.6,49,63.8,20.2,18.8,48.7,9.18,10.1,59.3,38.5,7.21,12.6,10.8,6.91,80.8,51.8,29.3,41.8,32.5,1901.35
ONOS fwd,68.3,86.3,60.4,78.4,86,85.2,86,81.6,81.4,67,86.1,86.4,11.3,6.41,34.4,34.2,6.12,68.4,23.4,21.5,38.9,17.7,7.98,24.3,14.8,28.8,14.9,56.5,44.6,67.4,36.2,67.2,14.7,67.7,13.5,6.27,65.8,31.8,10.9,32.2,15,67.7,1903.68
ONOS fwd,69.7,104,72.3,71.5,73.8,69.3,74.2,71.9,64.6,125,72.7,83.5,9.25,22.3,55.5,14.1,20.3,67.9,48.7,21,54.8,16.2,40.7,17.5,12.7,12,7.44,31.5,16.4,7.57,9.08,11.3,66.7,68.1,16.6,59.9,15.1,135,33.6,10.2,29.9,15.5,1899.34
ONOS fwd,81.4,82,81.5,62.4,82.4,81.7,77.6,81.2,80.5,80.4,80.4,80.7,10.8,14.2,25.5,59.6,22.8,25.8,18.7,32.1,21.9,14.8,11.4,6.62,8.25,6.32,11.5,15.4,12.7,11.7,66,66.1,31.4,66.9,45.3,14.2,64.9,45.5,22.1,66.5,65.8,66.1,1903.09
ONOS fwd,149,77.2,77.8,77.7,76.4,76.8,77.1,72.9,34.6,78.2,77.5,76.9,20.5,15.8,9.75,42.9,5.46,8.41,8.8,19.7,7.47,7.99,26.5,13.3,5.97,115,24.9,61,20.5,22.4,38,21.5,24.2,46.4,46.7,8.67,59.8,119,59.9,51.6,9.3,30.2,1903.72
ONOS fwd,81.5,90.7,80.1,81.3,51.5,82.4,82.4,83.8,84.7,84.3,83.3,63.3,57,13.4,70.5,11,6.26,6.39,27.5,9.82,12.4,9.19,44.3,61.3,13.8,7.57,37.6,58.8,11.1,9.12,26.5,23.3,39.8,6.26,6.24,10.3,46.2,63.3,11,17.4,63.3,164,1893.95
ONOS fwd,74.5,74.8,78,79.7,77.8,78.5,64.2,131,61.4,79.5,73.5,77.5,26.2,56.1,7.73,23.8,5.21,7.37,8.8,5.77,11.7,9.99,6.47,5.78,39.4,23.7,10,5.83,6.34,7.28,111,200,56.7,5.08,5.09,56.5,39,55.4,56.9,34.9,5.13,55.8,1899.37
ONOS fwd,81.8,82.3,77.7,81.4,83.3,83.2,121,76.2,83.1,89.2,82.9,9.52,32.4,6.93,36.7,21,5.92,13.4,51.1,14.9,26.7,41,19.3,50.3,171,19.1,12.1,22.5,101,10.7,18.6,42.3,32.3,4.6,4.6,5.01,10.8,6.76,50.2,38.3,32.4,51.8,1905.34
ONOS fwd,83.7,82.9,91.8,83.6,83.3,83.9,83.4,43.2,67.9,83.6,83.9,80,4.84,8.22,6.56,29.7,4.42,9.35,23.8,8.66,5.81,5.91,9.32,21.3,13.8,49.2,4.97,48.4,50.8,13,20.9,48.1,137,4.36,4.34,4.36,48.1,48.1,131,94.1,47.9,48.2,1905.72
ONOS fwd,86.9,64.7,158,81.2,80.9,88,81.9,7.92,73.1,81.5,102,44.7,4.66,16.8,5.25,7.82,4.57,34.3,50.4,27.2,7.78,40.2,14.7,5.31,49.8,38.5,50.7,41,50.3,97.1,14.3,66.4,50.1,4.54,4.54,41.5,50.5,50.3,49.6,4.58,19.4,50.1,1903.07
ONOS fwd,78.8,78.4,78.4,81.1,80.5,79.7,77.3,52.9,70.9,80.6,117,77.3,11.4,8.44,17.6,60.5,7.79,10.6,6.06,51.6,25.1,5.48,8.01,13.9,7.91,176,7.06,8.72,15.9,28,58.6,41.3,51.2,7.97,5.25,43.2,20,58.8,58.8,21.9,56,58.4,1904.39
ONOS fwd,77.8,76.9,81,81.3,80.7,102,80.6,78.6,12.4,123,77.7,79.1,5.3,5.32,27.1,21.9,4.87,7.21,5.81,15.1,22.2,15.5,6.02,14.4,22.5,21.4,5.45,19.5,32.8,18.5,8.63,53.6,7.18,4.87,4.84,5.55,109,183,47.5,151,92.9,10.9,1900.95
ONOS fwd,76.3,75.6,74.6,60.2,74.3,74.6,77.1,65.3,173,82.6,74,45.2,24.3,6.14,19,30.4,5.91,53.3,48.6,6.71,66.1,7.6,6.91,13.9,5.9,20.9,6.89,34.1,36.9,13,64.9,42.1,22.7,5.9,5.86,35.7,25.8,39.2,40.6,65.5,64.2,130,1901.82
ONOS fwd,85.5,82.9,86.3,89.1,84.3,85.3,81.7,19.4,83.1,84,86,82.5,12.3,40.5,8.65,35.4,11.5,47.1,8.78,39.4,28.9,6.5,71.4,35,39.2,7.73,72.4,67.2,42.2,7.35,62.6,6.58,40.5,6.46,6.39,49.9,40.3,71.5,10.6,38.3,10.1,19.8,1894.64
ONOS fwd,80.4,80.6,80.2,79.9,80.5,80.2,135,65.4,24.7,80.2,83.7,78.4,6.62,5.75,57.8,36.2,5.2,26,22.3,16.5,13.3,5.32,5.58,7.49,56.4,180,7.09,6.11,17.8,16.6,32.1,22.6,163,5.13,5.1,5.11,5.74,55.9,56.3,18,56.6,29,1895.84
ONOS fwd,79.9,79.9,136,80.5,76.1,78.9,78.8,51.5,67.6,79.5,78.1,65.7,24.7,56.8,9.34,62.3,52.7,7.67,29.3,32.8,48.5,42.7,28.1,133,22.1,25.4,62.8,66,56.9,11.2,21.4,8.03,13.7,7.34,6.01,6,49.2,9.01,12.6,7.49,21.6,13.4,1900.59
ONOS fwd,76.6,72.3,73.6,112,76.5,77.6,72.6,89.3,74.7,76.5,76.2,74.5,18.7,7.74,25.4,50.6,19,4.66,4.94,27.2,18.8,4.64,17.5,17.3,50.3,16.9,5.65,26,50.6,50.6,30.4,39,50.9,4.59,4.57,4.56,50.1,50.3,86.5,37.4,131,49,1907.25
ONOS fwd,65.5,73.6,73.9,73.6,72.5,90.7,67.4,85.4,66,135,73.6,72.2,39.9,30.4,51.2,105,8.14,64.9,8.49,33.7,23.2,55.1,7.92,6.07,28.7,14,31.2,25.8,19.3,55.8,27.6,45.2,33.6,9.31,5.95,5.95,8.35,33.4,63.7,45.2,50.8,6.65,1893.93
ONOS fwd,43.3,77.4,78.9,74.1,129,78.8,85.9,75.6,72.6,77.8,79.3,78.2,5.85,28.1,46.8,18.5,5.12,31.3,6.88,22.2,7.02,7.56,7.4,5.32,56.3,93,17.2,5.25,13.9,56.2,113,42.3,56.8,5.11,5.06,6.78,5.07,72.1,41.2,55.7,55.9,56,1899.82
ONOS fwd,80.1,81.6,81.1,82.9,81.7,80.5,82.1,80.3,67.2,82.4,56.7,95.9,10.3,15.8,16.1,57.4,5.15,7.61,10.7,21.9,31.6,29.2,6.16,7.19,31.5,18.6,18.2,113,56.3,56.8,56.3,12.9,57,5.09,5.11,5.09,5.41,56.2,56.7,56.7,112,10.6,1905.11
ONOS fwd,70.5,72.3,69.8,76.6,73.1,72.7,73.2,119,72,71.2,75.5,106,19,9.16,66.5,22.9,5.93,11.4,9.43,27.8,6.41,8.53,23.5,45.8,12.6,12.5,40.7,59.4,20.7,18.7,64.2,31.4,14.9,9.81,5.81,16.1,5.79,64.5,29.7,157,65,64.6,1901.67
ONOS fwd,79,71,150,73.2,76.1,78.1,78.8,48.8,63.9,72.6,79.5,78.2,6.5,7.59,25.6,57.4,36.2,9.39,27.1,12.6,6.38,19.5,5.98,31.4,67.3,17.7,10.4,22.6,211,6.08,26,28.9,9.89,5.24,5.16,5.15,5.14,35.1,18.1,164,59.2,5.17,1896.97
ONOS fwd,77.9,66.6,93.2,86.1,75.5,65.3,79.6,70.6,72,81.5,102,79.8,40.1,22.3,7.5,11.3,5,44.3,6.6,7.34,23.1,15.7,5.04,17.7,19.8,54.4,5.04,21.6,5.24,22,127,195,19.3,6.45,4.91,4.91,4.9,17.7,54.9,54.2,41.5,84.8,1899.73
ONOS fwd,81,81.1,121,83.3,81.9,83.6,81.3,81.6,7.83,83.5,83.4,82.1,63.1,20.7,148,59.7,23.2,56.4,59.7,7.64,30.7,34.2,16.2,16.6,12.2,25.6,23,45.1,15.4,16.9,10.1,15.2,17,6.61,19.1,6.87,6.7,35.1,27.6,67.8,50.9,10.9,1899.85
ONOS fwd,76.3,64.2,77.6,32,77.1,88,75.4,74.5,75.9,77.4,135,101,9.51,8.58,16.5,35,5.12,37.4,62.8,24.5,5.17,56,32.7,57,56,112,42.5,49.2,40.6,26.9,27.7,56,21.1,5.08,6.25,5.02,5.06,12.2,22.6,56.3,34.3,24.5,1907.99
ONOS fwd,90.2,81.1,90.3,92.1,90.3,90.5,88.5,10.5,91.6,88.8,89.4,47.9,21.4,12.7,34.5,4.82,4.57,16.9,50.5,6.46,38.5,5.45,5.9,14.1,32.9,38.1,30.8,32.4,49,28.2,55.8,50,49.2,4.49,4.47,4.46,4.47,20.4,18.8,228,38,49,1905.49
ONOS fwd,91.4,88.9,90.9,86.7,89.9,89.9,90.2,12,88.7,90.7,88,44.2,7.25,5.81,22.7,8.52,4.86,5.87,34.6,6.82,28.1,32.6,30.9,35.2,8.82,7.14,6.9,13,45.9,107,107,53.1,13.7,4.84,4.83,4.83,4.85,107,53.2,94.1,53.6,38.9,1903.44
ONOS fwd,61.9,73.7,75.4,128,71,77.4,154,75.8,42.9,76.2,70.4,45,8.35,22.5,12.7,56.9,5.78,8.71,41.7,9.25,5.88,24.8,11.2,25.6,11,6.53,29.5,44.4,6.48,19.1,44.7,10.8,16.2,5.6,5.61,5.59,5.55,61.7,12.8,405,17.3,5.78,1898.71
ONOS fwd,111,77.7,79.3,120,64.2,125,77.2,7.62,54.5,79.7,78.4,77.6,30.6,59.5,59.7,9.76,52.1,6.58,106,64.9,49.1,9.47,23.2,58.3,24,7.69,10.9,28.4,8.13,69.3,7.69,44.6,6.51,6.3,6.26,6.26,6.26,26.1,54,12.8,69.4,18.9,1894.93
ONOS fwd,76.2,76.8,84,134,76,77.3,73,36.4,77.7,78.5,82.7,76.9,9.91,7.29,53.2,5.1,4.73,12.9,51.1,16.3,5.01,9.26,6.23,10.7,20.9,10.4,61.5,51.5,93.2,25.6,16.4,20.5,51.4,4.62,4.63,4.63,4.62,314,21.4,10.2,20.5,22.1,1899.33
ONOS fwd,71.6,66.3,85.2,70.8,72.9,115,74,115,65.9,74.2,73.9,66.9,33.1,63.8,117,14.9,28.7,60.3,59.3,49.2,19,52.6,8.98,11.7,19.8,18.7,32.3,54.9,19.5,12.1,6.55,6.13,25.8,5.79,5.73,5.74,49.2,63.6,6.84,26.9,6.55,63.8,1900.21
ONOS fwd,77.4,54.9,71.8,79.1,77.4,78,76.1,67.6,76.3,88,138,67.3,10.5,10.4,54.3,6.18,5.61,18.9,7.04,6.2,42.4,22.8,7.23,30.8,123,8.27,31.1,6.17,6.54,11.6,123,61.9,25.7,5.59,5.56,5.5,5.57,61.7,5.88,177,21.3,39,1898.64
ONOS fwd,68.1,135,83.2,81.8,81.6,83.2,81.6,80.5,8.97,81.7,83.2,82.4,17.9,17.3,64.3,5.75,11.6,7.97,8.37,29.8,15.5,7.9,6.45,42,62.6,62.6,6.22,27.4,8.17,62.1,24.5,62.5,25.2,5.69,5.63,9.58,5.61,136,24.3,62.7,61.8,62.3,1901.01
ONOS fwd,85.3,23.1,106,76.3,79.8,86.2,80.7,80.9,98.3,80.9,80.6,71.3,21.4,10.2,57,5.25,5.2,16.2,17.1,5.99,12.9,7.97,8.44,5.37,10.6,9.34,5.67,5.82,6.5,17.7,111,56.2,54.7,5.03,5,5,4.99,26.2,290,55.7,47,55.4,1894.27
ONOS fwd,84,98,75.9,74.7,67.1,132,112,23.5,66.4,74,74.1,71.8,28.7,43.2,11.2,18.3,5.22,9.48,20.3,56.5,56.5,7.6,12.6,20.6,32.9,51.3,30.1,32.6,33.2,42.2,56.5,56.5,116,7.04,6.69,5.04,5.04,24.5,33,56.5,22.3,50.9,1906.01
ONOS fwd,51.8,49.5,140,78.3,55.4,138,76.9,67.9,66.8,76.1,77.3,75.2,10.5,21.8,38.7,33.4,7.9,29.3,10.6,5.83,63.3,14,21.8,7.51,18.5,58.3,26.8,11.3,15.3,38.4,6.15,125,10.9,5.69,5.58,5.57,7.65,32.6,34.3,249,19.2,14.1,1902.18
ONOS fwd,76.1,7.23,81.7,136,7.26,140,177,7.1,79.6,80.2,80.1,79.8,21.6,34.3,7.34,7.57,4.87,21.3,20.6,111,6.9,9.56,22.1,51.8,51.9,47.7,37.8,105,25.3,52.3,51.1,51.4,21.6,4.73,4.69,4.7,4.66,39.7,52.5,52.5,12.6,12,1903.21
ONOS fwd,109,8.09,83.5,83.5,83.2,82.5,83.7,125,106,81.9,82.4,21.2,34.5,71.4,39.9,11.2,17.2,66,12.9,14.3,36.2,8.16,8.42,64.5,16.4,71.8,59.2,8.33,72,17.4,70.8,16.3,8.67,6.55,6.5,6.99,6.46,45.7,109,7.03,7,20.7,1891.5
ONOS fwd,80.9,76.8,72.5,80.4,125,79.9,81.1,80.4,74.8,82.4,80.2,36.5,28.5,9.04,38.5,6.24,33,58.7,6.83,27.7,7.49,22.4,8.7,49.4,20.9,6.36,68.7,85.5,67.2,7.55,21,15.3,56.5,6.2,6.11,6.12,28.6,10,63.1,63.3,66.9,51.4,1898.14
ONOS fwd,80.6,74.7,81.1,80.7,7.42,129,81.2,81.2,104,121,80.5,26,35.3,63.3,139,36.8,6.21,69.9,6.57,22.6,6.76,6.89,11.4,44.3,134,15.7,10.8,48.1,137,10.2,22.7,6.31,10.2,6.25,7.8,6.22,6.82,6.53,6.23,20.4,23,11,1885.71
ONOS fwd,62.2,77.4,83.9,83.7,81,83.9,84.7,77.5,77.7,77.8,83.2,79,65.2,14.7,43.2,61.1,8.7,13.1,6.07,22.7,22.4,42.7,10.5,31.1,65,36.6,65.5,56.5,65.1,23,26.9,58.4,33.4,5.9,5.88,5.88,6.62,33.5,8.14,65.5,23.9,23.9,1903.09
ONOS fwd,54.3,122,75.3,75.3,122,74.8,70.7,71.6,69.6,68.1,76.8,72.9,56.5,12.2,58.4,5.25,5.22,16.1,56.4,56.6,9.4,7.43,20.6,21.5,22.5,50.4,18,38.7,56.7,56.7,9.27,56.4,28.1,5.12,5.11,5.1,6.58,34.7,5.12,49.4,56.6,123,1906.5
ONOS fwd,67.3,28.4,37.3,34.3,61.2,374,11.2,32.8,31.8,67.2,131,74.9,93.9,47,10.3,47,41,11.8,4.2,48.1,27.9,4.24,19.7,14.3,45.7,28.9,4.18,4.16,44.8,44.3,45.8,45.9,45.4,45.9,38.4,4.03,45.5,30.4,25.9,37.1,17.7,24.8,1899.71
ONOS fwd,53.9,75.4,79.9,69.9,81.3,80.6,80.3,76.2,79.2,78.6,114,80.2,205,47.6,69.7,36.7,67.4,15.3,26.8,12,9.86,9.58,59.3,12.4,24.8,44.5,11.5,24,8.56,7.52,19.5,15.2,27.6,35.1,7.16,23.4,27.3,33.1,8.12,8.31,8.24,39.3,1894.35
ONOS fwd,74.1,48.3,79.5,120,71.8,75.9,79.3,79.4,79.9,80.4,81.3,81,6.84,4.69,37,6.44,4.78,4.67,11.4,54.1,50.6,10.6,6.7,11.6,50.6,51.4,55.9,12.3,49.9,28.4,17,20.2,51.5,50.8,14.3,30.6,50.7,99.9,23.1,19.7,80.9,33.4,1900.92
ONOS fwd,80.8,79,81.1,124,78.1,71,79.3,55.5,74.5,81,67.1,77.3,47.2,51.2,9.91,7.41,6.11,51,13,12.5,27.4,13.6,26.3,32.5,20.4,6.42,7.62,27.3,52.8,25.1,6.5,12.2,6.47,20.7,255,11.3,65.6,30.2,9.56,15,8.21,65.5,1892.71
ONOS fwd,66.8,92.9,71.5,74.9,76.1,76.7,127,51.8,77,76.1,82.1,76.3,25.6,21.9,53.5,48.6,18.1,8.64,5.25,19.4,6.09,7.2,6.5,5.47,5.64,19.9,56.3,23.1,5.39,8.29,55.9,56,137,6.56,27.3,11.6,148,47.4,5.38,25,50.4,30.6,1895.21
ONOS fwd,46.7,74.8,121,79.4,79,79.4,75.7,78.5,77.8,78.7,77.9,79.6,24.9,9.06,66.3,28.7,24,8.35,8.15,11.2,10.5,15.8,65.2,34.5,182,24.3,14.6,65.2,11.5,6.62,11.1,164,13.2,13.1,8.06,6.92,14.6,35.2,6.88,26.5,11.3,23.2,1893.44
ONOS fwd,44,73.1,49.4,63.4,155,76.5,47,136,75.9,74.3,78.1,77.2,12,8.61,27.1,70.4,24,43.6,31,7.74,35.1,86.9,15.6,43.1,24.9,7.47,50.1,49.7,7.3,15.6,33.4,70.2,11.6,65.4,35.9,17.4,69.1,15.1,9.51,28.6,21.2,8.53,1896.06
ONOS fwd,84.1,57.1,101,73.5,72.8,72.7,73.4,67.3,73,73,73.2,127,30.9,49.9,5,5.1,4.94,41.3,23.4,5.23,12.2,12,8.94,6.26,53.9,6.35,53.3,5,26.5,53.9,54,53.4,7.2,11.8,35,23.1,18.2,53.3,53.4,136,42.2,53.6,1893.42
ONOS fwd,71.8,128,63.3,46.5,143,97.1,53.6,71.5,71.3,66.2,65.1,70.5,15.5,11.6,7.76,57.9,5.68,24.5,44.9,7.42,56.3,47,28,50.3,48.7,63.5,20.2,18.7,48.5,9.12,10,59,38.4,7.17,12.6,10.7,6.89,80.5,51.6,29.1,41.6,32.4,1893.44
ONOS fwd,68,86,60.3,78.2,85.8,85,85.8,81.4,81.2,66.8,85.9,86.2,11.2,6.38,34.4,34.1,6.11,68.2,23.3,21.5,38.7,17.7,7.94,24.2,14.8,28.7,14.9,56.1,44.5,67.2,36.1,66.8,14.6,67.5,13.5,6.24,65.7,31.7,10.8,32.2,14.9,67.3,1897.87
ONOS fwd,69.6,103,72,71.4,73.6,69.1,74.1,71.7,64.4,124,72.6,83.2,9.21,22.2,55.2,14.1,20.3,67.6,48.6,20.9,54.6,16.1,40.6,17.4,12.7,12,7.4,31.4,16.4,7.55,9.05,11.2,66.5,67.9,16.5,59.7,15.1,135,33.5,10.2,29.7,15.5,1892.81
ONOS fwd,81.2,81.7,81.4,62.3,82.3,81.6,77.3,81,80.3,80.2,80.2,80.5,10.8,14.1,25.4,59.5,22.7,25.7,18.6,32,21.8,14.7,11.3,6.58,8.21,6.29,11.4,15.4,12.6,11.7,65.8,65.9,31.2,66.6,45.1,14.1,64.8,45.3,22,66.2,65.6,65.8,1897.18
ONOS fwd,148,77,77.6,77.4,76.2,76.6,76.8,72.8,34.3,78,77.4,76.7,20.4,15.7,9.71,42.7,5.44,8.37,8.74,19.6,7.43,7.96,26.4,13.2,5.95,114,24.9,60.6,20.4,22.3,37.8,21.4,24.1,46.2,46.5,8.63,59.5,118,59.7,51.4,9.23,30.1,1895.16
ONOS fwd,81.3,90.3,79.8,81.1,51.4,82.3,82.2,83.6,84.5,84.1,83.1,63.1,56.9,13.3,70.4,11,6.24,6.35,27.4,9.8,12.3,9.15,44.1,61.1,13.7,7.54,37.5,58.6,11.1,9.09,26.4,23.2,39.8,6.24,6.21,10.3,46,63.1,11,17.4,63.1,163,1888.12
ONOS fwd,74.3,74.6,77.8,79.5,77.6,78.2,63.9,130,61.1,79.2,73.3,77.3,26.1,55.8,7.7,23.7,5.19,7.34,8.76,5.73,11.7,9.95,6.43,5.76,39.3,23.6,9.98,5.8,6.31,7.24,110,199,56.5,5.06,5.07,56.2,38.8,55.1,56.6,34.7,5.11,55.6,1890.93
ONOS fwd,81.6,82.1,77.5,81.2,83.1,83,121,76.1,82.9,88.9,82.7,9.5,32.2,6.88,36.6,20.9,5.88,13.4,50.8,14.9,26.6,40.9,19.2,50,170,19,12,22.3,101,10.6,18.5,42.1,32.1,4.58,4.57,4.97,10.7,6.72,50,38.2,32.2,51.4,1898.8
ONOS fwd,83.5,82.6,91.3,83.4,83.2,83.6,83.2,43.1,67.7,83.4,83.8,79.8,4.81,8.19,6.52,29.6,4.41,9.29,23.6,8.59,5.78,5.87,9.27,21.2,13.7,48.8,4.95,48.1,50.5,12.9,20.8,47.9,137,4.35,4.32,4.34,47.8,47.8,130,93.6,47.5,47.9,1897.99
ONOS fwd,86.6,64.6,157,81,80.7,87.8,81.6,7.87,72.9,81.2,102,44.5,4.63,16.8,5.22,7.77,4.56,34.1,50.2,27.1,7.75,40,14.7,5.25,49.5,38.3,50.4,40.8,50,96.5,14.2,66.1,49.9,4.53,4.52,41.3,50,50.1,49.4,4.55,19.3,49.9,1895.15
ONOS fwd,78.6,78.1,78.2,80.8,80.2,79.4,77,52.6,70.7,80.3,116,77.1,11.3,8.41,17.5,60.3,7.75,10.6,6.02,51.4,25,5.46,7.97,13.9,7.87,175,7.02,8.68,15.8,27.8,58.3,41.2,50.9,7.92,5.23,43.1,19.9,58.6,58.5,21.8,55.8,58.1,1896.13
ONOS fwd,77.6,76.6,80.8,81.1,80.4,101,80.4,78.4,12.4,123,77.5,78.9,5.27,5.28,27,21.8,4.85,7.19,5.77,15,22,15.4,5.98,14.3,22.4,21.3,5.42,19.4,32.7,18.4,8.58,53.3,7.14,4.85,4.82,5.5,108,182,47.4,151,92.2,10.8,1893.15
ONOS fwd,76.1,75.4,74.4,60.1,74.1,74.4,76.8,65.1,172,82.3,73.7,44.9,24.2,6.11,18.9,30.3,5.89,53.2,48.5,6.68,65.9,7.56,6.87,13.9,5.87,20.8,6.86,34,36.7,12.9,64.6,42,22.5,5.88,5.85,35.6,25.7,39.1,40.5,65.2,64.1,130,1895.47
ONOS fwd,85.3,82.8,86,88.9,84.1,85.1,81.5,19.3,83,83.9,85.8,82.3,12.2,40.3,8.62,35.3,11.4,46.9,8.75,39.1,28.8,6.48,71.2,34.8,39.1,7.7,72.2,67,42.1,7.32,62.4,6.56,40.4,6.44,6.38,49.6,40.2,71.2,10.6,38.2,10,19.8,1889.05
ONOS fwd,80.2,80.4,80,79.7,80.2,80,135,65.2,24.5,80,83.4,78.2,6.59,5.72,57.5,36,5.18,25.9,22.3,16.4,13.2,5.29,5.54,7.45,56,179,7.05,6.07,17.7,16.5,32,22.6,162,5.11,5.08,5.1,5.7,55.7,56,17.9,56.4,28.9,1888.68
ONOS fwd,79.6,79.8,135,80.2,75.8,78.8,78.7,51.3,67.4,79.3,77.9,65.5,24.6,56.6,9.29,62,52.4,7.63,29.2,32.5,48.3,42.5,28,133,22.1,25.3,62.6,65.9,56.7,11.2,21.3,7.99,13.6,7.3,5.99,5.98,48.9,8.97,12.5,7.46,21.5,13.4,1894.01
ONOS fwd,76.4,72.1,73.4,112,76.2,77.4,72.3,89,74.4,76.2,76,74.3,18.6,7.7,25.3,50.4,18.9,4.63,4.9,27.1,18.7,4.61,17.5,17.2,50.1,16.8,5.61,25.9,50.3,50.2,30.1,38.8,50.6,4.56,4.55,4.55,49.9,50,86.1,37.2,130,48.8,1899.31
ONOS fwd,65.3,73.4,73.8,73.4,72.4,90.3,67.1,85.1,65.7,135,73.3,71.9,39.6,30.3,50.8,105,8.11,64.6,8.46,33.6,23.1,54.9,7.88,6.04,28.6,13.9,31.1,25.7,19.3,55.5,27.5,45,33.4,9.27,5.93,5.93,8.31,33.2,63.3,45.1,50.6,6.6,1887.33
ONOS fwd,43.2,77.2,78.6,73.8,129,78.6,85.6,75.4,72.4,77.5,79.1,78,5.81,27.9,46.6,18.5,5.1,31.2,6.85,22.1,6.96,7.53,7.36,5.29,56.1,92.7,17.1,5.23,13.9,55.9,112,42.2,56.6,5.09,5.04,6.75,5.06,71.8,41,55.5,55.7,55.8,1893.07
ONOS fwd,79.9,81.3,81,82.7,81.4,80.2,81.9,80.1,67,82.2,56.6,95.4,10.3,15.8,16.1,57.2,5.13,7.58,10.6,21.8,31.4,29.1,6.13,7.14,31.4,18.5,18.1,112,56,56.5,56,12.9,56.8,5.08,5.09,5.08,5.38,56,56.3,56.5,112,10.6,1898.21
ONOS fwd,70.4,72.1,69.5,76.3,72.9,72.5,72.9,118,71.8,71.1,75.3,106,18.9,9.12,66.2,22.8,5.91,11.3,9.39,27.7,6.38,8.49,23.4,45.7,12.6,12.4,40.6,59.3,20.6,18.7,64,31.3,14.9,9.78,5.8,16,5.77,64.2,29.6,156,64.6,64.5,1894.74
ONOS fwd,78.8,70.9,150,73,75.9,77.9,78.6,48.7,63.8,72.4,79.3,78,6.48,7.55,25.5,57.2,36.1,9.33,27,12.5,6.34,19.4,5.95,31.3,66.9,17.6,10.3,22.5,210,6.05,25.9,28.8,9.83,5.21,5.14,5.14,5.12,34.9,18,163,59,5.14,1890.48
ONOS fwd,77.6,66.5,92.7,85.8,75.3,65.1,79.3,70.5,71.8,81.3,102,79.5,39.9,22.2,7.47,11.2,4.98,44.2,6.41,7.27,22.9,15.6,5,17.7,19.7,54.1,5.01,21.5,5.21,21.7,127,193,19.2,6.42,4.9,4.89,4.89,17.6,54.6,53.8,41.3,84.4,1891.45
ONOS fwd,80.7,80.9,121,83.1,81.7,83.3,81,81.4,7.8,83.3,83.2,81.8,62.9,20.6,148,59.5,23.1,56.3,59.5,7.61,30.6,34.1,16.1,16.6,12.1,25.5,22.9,45,15.3,16.8,10,15.2,16.9,6.59,19,6.83,6.69,35,27.6,67.7,50.7,10.9,1894.82
ONOS fwd,76,64,77.3,31.9,76.8,87.6,75.2,74.2,75.7,77.3,135,101,9.48,8.54,16.5,34.9,5.1,37.2,62.4,24.4,5.13,55.9,32.6,56.6,55.8,111,42.4,49,40.5,26.7,27.6,55.8,21,5.07,6.2,5,5.04,12.2,22.6,56.1,34.1,24.4,1901.26
ONOS fwd,90.1,80.9,90.1,92,90.1,90.3,88.3,10.5,91.2,88.6,89.3,47.7,21.3,12.7,34.3,4.78,4.56,16.8,50.3,6.43,38.3,5.41,5.87,14,32.7,37.9,30.5,32.2,48.8,28,55.4,49.7,49.1,4.48,4.45,4.45,4.46,20.3,18.7,226,37.8,48.9,1897.69
ONOS fwd,91.2,88.6,90.7,86.4,89.7,89.7,89.9,11.9,88.5,90.5,87.8,44,7.21,5.77,22.6,8.47,4.84,5.84,34.4,6.79,28,32.4,30.8,35,8.78,7.1,6.87,12.9,45.8,106,106,52.8,13.6,4.82,4.81,4.81,4.83,106,53,93.5,53.3,38.7,1894.64
ONOS fwd,61.7,73.5,75.2,127,70.9,77.2,154,75.7,42.8,76,70.2,44.9,8.32,22.4,12.6,56.6,5.76,8.67,41.5,9.21,5.85,24.7,11.1,25.5,11,6.5,29.4,44.3,6.45,19,44.5,10.8,16.2,5.58,5.58,5.58,5.53,61.5,12.7,404,17.2,5.75,1892.88
ONOS fwd,110,77.4,79.1,119,64.1,124,77.1,7.61,54.4,79.6,78.3,77.4,30.5,59.2,59.6,9.73,51.9,6.55,106,64.7,48.8,9.42,23.1,58,23.9,7.66,10.9,28.3,8.1,69.2,7.65,44.3,6.49,6.28,6.24,6.25,6.24,26.1,53.9,12.8,69.1,18.8,1887.72
ONOS fwd,76,76.5,83.7,134,75.8,77,72.7,36.3,77.4,78.2,82.4,76.7,9.84,7.25,52.9,5.07,4.72,12.9,50.8,16.2,4.98,9.22,6.2,10.6,20.9,10.3,61.2,51.2,92.8,25.5,16.3,20.4,51.1,4.6,4.61,4.6,4.6,313,21.3,10.1,20.4,22,1892.29
ONOS fwd,71.4,66,84.9,70.7,72.8,115,73.7,114,65.7,74,73.8,66.7,33,63.5,117,14.9,28.6,60.2,59.1,49.1,19,52.3,8.96,11.6,19.7,18.6,32.2,54.8,19.4,12,6.52,6.1,25.7,5.76,5.71,5.72,49,63.3,6.82,26.8,6.52,63.6,1894.21
ONOS fwd,77.3,54.8,71.5,78.9,77.2,77.7,75.8,67.5,76.1,87.7,137,67,10.5,10.3,54.2,6.16,5.59,18.8,6.99,6.16,42.3,22.7,7.19,30.7,123,8.23,31,6.15,6.5,11.5,123,61.6,25.5,5.57,5.54,5.49,5.55,61.5,5.84,176,21.2,39,1892.26
ONOS fwd,67.9,135,83,81.6,81.3,83.1,81.4,80.3,8.95,81.5,83.1,82.1,17.9,17.3,64,5.74,11.5,7.92,8.32,29.7,15.5,7.87,6.43,41.8,62.3,62.3,6.19,27.3,8.12,61.9,24.4,62.3,25.1,5.67,5.61,9.54,5.6,136,24.2,62.5,61.6,62.1,1895.96
ONOS fwd,84.8,22.9,106,76,79.5,86,80.5,80.7,97.8,80.6,80.4,71.2,21.3,10.1,56.8,5.23,5.18,16.1,17,5.95,12.9,7.92,8.4,5.34,10.5,9.29,5.64,5.79,6.47,17.7,111,55.9,54.5,5.01,4.98,4.98,4.98,26.1,289,55.5,46.8,55.2,1887.96
ONOS fwd,83.7,97.6,75.6,74.5,67,131,112,23.4,66.1,73.7,73.9,71.7,28.6,42.9,11.1,18.2,5.19,9.43,20.2,56.2,56.4,7.57,12.5,20.5,32.8,51,30,32.4,33.1,42,56.1,56.2,115,7,6.66,5.03,5.03,24.4,32.9,56.3,22.2,50.7,1897.81
ONOS fwd,51.7,49.4,139,78.1,55.1,138,76.7,67.7,66.7,75.9,77.1,75.1,10.5,21.7,38.6,33.3,7.87,29.2,10.6,5.81,63,13.9,21.8,7.48,18.4,58.1,26.7,11.3,15.2,38.2,6.12,125,10.8,5.67,5.57,5.56,7.6,32.5,34.2,248,19.1,14,1896.28
ONOS fwd,75.9,7.22,81.5,135,7.24,139,176,7.08,79.2,80,79.9,79.5,21.4,34.1,7.31,7.52,4.84,21.2,20.5,110,6.85,9.51,22,51.6,51.7,47.5,37.6,104,25.3,52,50.8,51.2,21.5,4.71,4.68,4.68,4.65,39.5,52.3,52.2,12.6,11.9,1893.19
ONOS fwd,109,8.07,83.4,83.3,82.9,82.3,83.5,124,106,81.8,82.2,21.1,34.4,71.3,39.7,11.1,17.1,65.8,12.8,14.2,36.1,8.12,8.38,64.3,16.4,71.6,59,8.27,71.8,17.3,70.6,16.2,8.64,6.52,6.48,6.97,6.44,45.6,108,7.01,6.98,20.7,1885.38
ONOS fwd,80.8,76.6,72.3,80.3,125,79.7,80.9,80.1,74.5,82.2,79.9,36.4,28.5,8.99,38.5,6.21,32.8,58.4,6.79,27.6,7.45,22.3,8.66,49.2,20.8,6.33,68.5,85.2,67,7.52,20.9,15.2,56.4,6.18,6.09,6.11,28.5,10,62.9,63.2,66.7,51.2,1892.83
ONOS fwd,80.4,74.5,80.8,80.4,7.4,129,81,81,104,121,80.2,25.9,35.2,62.9,138,36.7,6.2,69.7,6.52,22.5,6.72,6.85,11.3,44.2,134,15.7,10.8,47.9,137,10.2,22.6,6.28,10.1,6.23,7.73,6.2,6.75,6.51,6.21,20.3,22.9,11,1880.8
ONOS fwd,62.1,77.3,83.6,83.3,80.8,83.6,84.4,77.3,77.5,77.5,83,78.8,65,14.6,43,61,8.68,13.1,6.05,22.6,22.3,42.6,10.4,31,64.8,36.5,65.3,56.3,64.8,22.9,26.8,58.1,33.3,5.88,5.86,5.85,6.6,33.3,8.11,65.3,23.9,23.8,1896.93
ONOS fwd,54.1,121,75,75.2,121,74.6,70.4,71.4,69.4,67.9,76.5,72.7,56.3,12.2,58.2,5.23,5.2,16.1,56.1,56.3,9.36,7.39,20.5,21.4,22.4,50.1,17.9,38.5,56.5,56.5,9.24,56.2,28,5.1,5.09,5.09,6.55,34.6,5.11,49.1,56.4,122,1897.86
ONOS ifwd,272,27.2,139,69.9,52.8,70.4,69,15.6,70.2,18.8,6.49,141,95.5,49.2,24.5,10.8,4.46,6.4,47.8,47.5,49.2,62.7,19.2,47.7,33.9,46.5,51.2,6.77,12.1,18.7,20.1,47.8,48.5,8.89,19.3,21.4,47.7,22.5,48.6,13.5,19.1,4.37,1908.28
ONOS ifwd,50.1,78.4,72.8,78.5,76.4,79,74.5,79.5,130,77.2,78.4,79.2,35.2,12.5,70.4,65.4,34.8,28.4,47.4,33.5,27.7,10.1,33.6,27.4,30.9,15.4,41.8,48.2,15.4,9.53,56.1,41.1,36.1,22.9,27.5,17,27.5,24.1,11.7,27.6,30.3,42.9,1906.43
ONOS ifwd,77.8,81.7,82.4,82.1,75.8,66.9,81.5,81.7,81.5,82,83.2,73.6,12.6,61.8,59.3,7.33,8.23,33.2,21.5,12.3,9.7,6.75,8.42,7.45,6.64,18,35.4,15.1,26.9,62,61.6,140,8.24,5.88,6.09,56.8,61.8,39.6,19,62.1,13.7,61.7,1899.33
ONOS ifwd,70.9,156,26.2,77,76.2,96,75.3,73.9,73.3,76.4,75.7,76.5,31.7,18.9,60.6,27.6,13.2,13.2,32.7,25.5,55.7,6.34,6.51,17.7,58.5,28.5,11.4,5.93,58.3,58.7,17,58.5,16,26.3,58.6,33.3,58,50.7,21.3,20.5,41.1,20.1,1905.78
ONOS ifwd,80.4,50.8,128,81.1,81.8,81.4,56.9,75.4,81.9,67.4,81.6,81.3,6.18,11.6,10.4,24,60.7,20.3,6.18,22.3,11.3,5.53,33.3,13,12.7,24.1,5.8,11.9,21.7,20.5,19.4,7.89,7.43,8.82,7.26,6.14,136,6.91,22.1,360,5.95,35,1892.39
ONOS ifwd,70.1,45.1,135,73.9,77.9,76.3,68.5,77.4,78.3,101,74.1,76.2,5.61,57,35.6,40.2,27.9,10.2,8.37,39.4,60.8,12.6,55.2,25.5,21.6,20.2,38.3,16.9,23.6,6.6,20.5,49.8,41.6,52.9,30.3,61.4,24.7,61.7,25.5,18,39.1,22.2,1907.08
ONOS ifwd,82.5,76.5,77.2,79.5,77.6,125,99.4,72.3,74.1,8,77.3,99.1,6.39,55.3,6.44,56.2,11.9,17.2,5.16,29.4,49.1,30.8,9.99,5.7,17.8,23.4,8.29,17.3,9.71,5.75,18.4,13.3,21.5,6.36,5.19,9.99,121,55.1,172,14.3,123,21.8,1896.27
ONOS ifwd,113,76,74.3,74.1,76.2,75.4,78.2,76.4,79,48,74.5,109,12.3,19.7,21.1,12.7,8.23,13.1,9.5,25.8,13.2,27.6,18.3,4.78,49.7,44,6.65,43.1,66.4,52.1,48.1,15.8,17.3,57.7,51.8,82.5,51.3,24.6,11.6,52.3,53.3,40.8,1909.46
ONOS ifwd,76,75.1,153,103,69.8,74,76.1,69.3,75,68.8,43.5,68.1,19.4,10.6,9.53,5.51,4.78,27.8,16.4,93,14.8,20.1,7.93,16.6,11.5,10.4,46.7,29.3,47.1,13.3,8.84,46.7,46.7,16.7,123,125,4.24,14.4,23.3,41.2,35.2,65,1906.73
ONOS ifwd,76.1,109,124,74.6,75.9,74.5,60.2,75,76.3,63.3,69.4,73.1,51.5,23.4,19.4,53.1,20.8,28.1,19.5,20,4.84,53.2,40.4,5.85,13.6,6.88,4.82,7.06,39.4,4.94,52.6,19.1,12,7,23.2,14,52.8,49.7,20.9,106,51.9,127,1904.39
ONOS ifwd,45.4,69.9,63.8,186,59.8,69.5,56.8,123,69.6,68.5,69,71.1,13,4.37,48.9,41.4,10.8,9.52,15.4,12.9,41.1,15.3,18.9,22.7,94.2,123,6.36,6.35,47.6,10,31.3,40,9.47,35.1,47.6,37.1,47.4,28.6,32.4,29.9,47.3,26.4,1906.77
ONOS ifwd,107,78.6,76.2,79.8,71,124,79.5,79.3,79.1,67.9,39.4,69.3,8.17,18.7,27.4,27.6,61.4,38.2,30.1,7.04,24.6,31.4,5.74,6.71,5.52,24,10.1,8.58,6.72,283,5.51,5.45,16.5,6.29,18.5,6.75,10,7.13,6.07,61,60.5,120,1899.78
ONOS ifwd,76,72.2,73.8,76.6,74.8,150,63.9,74.5,76,68.5,74.5,70.8,6.44,17.1,5.1,47.9,12,6.45,11.3,19,4.67,4.61,9.01,28.5,94.9,47.5,30,39.6,36.1,18.9,94.6,4.29,62.9,47.1,16.1,47.1,47.2,47.6,5.47,42.9,32.9,66.6,1905.44
ONOS ifwd,72.7,69.9,74,73.6,199,74.3,37.2,72.4,66.9,65.1,73.4,73.4,15.3,7.99,30.4,25.4,15.3,4.86,16.2,17.3,11.8,14.7,45.6,7.88,12.3,52.6,24,14.5,5.59,4.72,247,4.75,24.7,29.5,4.7,29.2,38.4,52.6,69.6,47.3,51.2,28.2,1905.49
ONOS ifwd,117,74.8,79.1,78.7,77.3,79.1,78.2,78.4,79.8,43.9,89.5,73.7,14.2,7.6,44,10,47.9,31.6,15.7,22.9,8.68,17,6.41,5.39,6.25,8.77,8.36,6.18,17.8,5.24,195,5.19,32.3,6.79,13,5.59,57.9,12,199,48.6,57.6,30.1,1896.55
ONOS ifwd,76.7,74.9,81,77.8,77.7,83,161,78.7,80.2,7.61,80,72.5,7.68,6.36,9.94,8.55,37.1,7.18,16,20.5,5.27,42.2,29.4,26.4,113,22,37.6,12.5,9.73,5.14,28.2,5.13,36,20.5,5.2,56.9,21.7,213,29.9,11.9,85.9,19.6,1901.59
ONOS ifwd,78.6,77.1,234,68.7,64.2,61.5,74.3,66,78.3,7.09,60.3,82.4,15.2,12.9,66.1,6.84,23.4,11,7.31,19.5,15.8,58.2,61.7,7.07,58.1,34,36.8,51.8,10.2,12.8,9.1,5.96,49.7,36.8,9.48,65.9,7.31,105,66.1,26.7,24.7,32.8,1900.76
ONOS ifwd,125,74.3,74.7,60.5,116,68.5,66.3,56.5,74.6,65.4,73.3,96.8,20.1,11.9,7.11,21.6,28.9,6.07,12.6,13.3,8.94,5.95,22.6,8.94,14.1,53.4,32.7,7.09,53.3,4.79,53.3,4.8,14.7,19.3,4.79,38.9,89.2,145,34.6,92.3,68.6,52.3,1903.08
ONOS ifwd,77.4,77.3,76.3,73.9,75.6,131,97.9,37.7,77.1,71.2,77.3,77.2,5.47,12.4,31.9,37.7,5.74,6.59,5.98,13.1,5.1,32.9,55.8,5.16,16.9,7.23,11.2,6.73,11.3,5.02,27,5.02,5.56,17.6,5.04,10.3,178,56.8,201,21.7,33.4,111,1898.54
ONOS ifwd,76.4,60.1,75.4,111,71.6,69.5,75.4,22.6,74.4,73.8,168,73.2,21.9,33,64.9,58.6,22.9,40.8,41,11.2,12.7,20.2,8.97,65.8,6.21,21.2,54.5,12.4,41.5,5.97,55,5.98,10.4,9.98,5.93,10.3,7,27.5,160,23.6,64.1,23.6,1898.54
ONOS ifwd,76.5,73.4,77.9,74.9,61.9,77.5,76.9,64.2,69.6,37.6,71.5,192,24.4,67.1,39.6,23.9,51,29.2,14.8,22.1,58.2,13.5,11.1,28.2,31.8,60.5,27.5,44.4,6.54,6.03,40.5,6.04,50,29.1,6.03,6.11,32.8,33.4,48.6,28.5,88.2,22.5,1905.55
ONOS ifwd,86.1,94.1,106,85.8,77.7,83.8,81.5,7.63,83.5,80,84.5,80.4,35.7,53,74.1,31.9,57.1,7.22,7.2,47.5,36.2,45.9,67.1,9.9,8.03,11.1,15.8,21,148,6.41,15.6,6.4,24.5,29.4,6.39,8.32,17.1,11.3,70.5,26.4,11.6,36.7,1898.4
ONOS ifwd,78.9,175,77.1,79.4,77.3,78.4,67.7,10.2,79.3,70.5,78.4,77,12.3,31.5,14.8,5.68,10.2,23.2,6.63,28.3,6.35,14.3,10.2,14.5,27.6,17.4,57.9,7.05,5.38,5.22,31.5,5.18,13.5,116,5.19,32.6,24.3,115,24.9,5.23,30.6,246,1897.71
ONOS ifwd,68.4,80.8,80.5,80.8,79.1,157,80.8,7.69,80.8,78.5,79.8,78.2,55.2,5.58,61.1,47,25.9,154,33.6,10.1,11.9,12.5,14.2,18.5,10.2,60.9,8.05,21.4,16.2,5.36,39.6,5.96,11,25.9,5.38,59.6,60.8,15,60.9,5.49,58.8,31.9,1904.41
ONOS ifwd,72.2,76.5,165,78.6,79.9,78.7,75.5,74.8,79.3,13,78.6,79.3,24.3,67,14.9,53.1,40.2,30.7,9.01,34.3,14.6,29.7,8.36,8.41,6.76,135,58.8,27.7,6.2,6.01,10,15.4,7.68,33.3,17.7,44.2,33.2,133,8.19,6.07,23.1,39.4,1897.69
ONOS ifwd,127,71.9,79,77.7,79.5,79.9,119,72.3,78.5,9.44,76,79.3,34.6,10.6,72.9,56.2,38.9,67.6,7.05,17.6,63.1,11.8,20.7,11.4,24.7,60.6,62.3,7.09,35.8,7.06,14.3,6.48,95.1,69.6,6.55,7.15,62.7,35.4,8.19,6.6,14.9,7.29,1893.8
ONOS ifwd,62.9,139,77.6,64.6,76.1,76.6,73.5,6.94,76.4,70,114,114,28.6,7.63,8.67,11.6,17.3,22.7,31.9,16.9,5.62,7.62,6.14,22.7,56.7,56.7,11.8,15.9,13,5.11,56.7,5.1,73.8,57,5.78,55.9,56.6,37.1,32.9,5.11,105,113,1902.22
ONOS ifwd,148,80.7,80.3,78.9,80.7,81,80.5,46.1,82.8,8.21,102,79,46.7,17.3,71.9,9.75,70.3,37.9,21.3,17.4,7.82,41,11.7,17.6,14.8,7.53,18.8,65,31.7,6.31,7.73,6.33,29.3,39.5,25.2,13.6,49.3,161,67.5,6.38,7.89,15.5,1892.25
ONOS ifwd,81.2,80.1,80.6,63.7,117,80,73.4,58.4,79,78.4,79.7,80.5,10,33.2,8.56,58.2,24.6,10.2,7.64,56.5,10.8,8.23,12.6,7.8,56,52.9,56.4,56.9,24.2,5.07,31.1,5.08,114,56.2,5.08,54.2,56.5,45.2,36.2,5.12,21.8,22.6,1904.88
ONOS ifwd,75.5,76.4,79.4,76.7,76.4,131,126,7.27,78,70.2,77.2,76.3,7.9,16.8,30.3,37.6,11.9,5.25,113,56.8,36.5,18.6,30.1,26,56.7,56.8,12.2,22.7,56.7,5.11,56.6,8.28,22.4,15.9,6.33,35.9,5.11,56.1,56.9,7.18,56.5,22.3,1900.83
ONOS ifwd,76.5,190,77.1,76.8,76.5,72.7,75.7,6.93,77.1,72.2,76.8,74.4,40.3,8.42,64.2,34.9,62.9,9.33,16.4,16.1,63.1,22.3,15.3,6.95,62.5,33.1,22.8,9.98,6.16,5.72,62.6,5.64,39,38.3,16.8,35.1,7.8,24.9,126,7.89,59.9,26.5,1903.62
ONOS ifwd,75.3,77.5,77.5,77.3,78.7,67.4,77,76.2,77.2,120,77.2,71.7,16,13.2,5.77,25.4,15.8,55.7,13.9,14.4,38.7,61.7,21.8,13.9,26.8,62.3,47.1,11.3,12.4,5.6,62.5,6.74,124,11.4,11.2,51.9,5.63,62.3,46.8,5.61,38.5,62.3,1903.65
ONOS ifwd,110,75.8,79.9,87.9,77.7,79.2,115,10.3,79.4,78.1,79.8,79.2,8.84,8.66,58.1,33.9,9.06,6.88,60.3,30.5,8.08,11.1,26.2,26.5,29.6,24.3,61.2,60.8,59.5,5.38,150,5.44,20.7,61.5,5.4,13.6,5.42,59.5,27.7,7.83,42.1,22,1902.39
ONOS ifwd,56.8,74.4,73.6,128,74.2,110,74.9,72.5,73.7,75.2,67.1,71.6,7.11,24.7,63,36,8.56,8.01,26,40.8,33.3,7.12,57.7,30,43,63.1,58.4,7.79,24.9,9.19,20.8,5.78,27.7,13.9,5.69,125,5.67,63.3,63.2,6.02,35.2,29.4,1902.34
ONOS ifwd,71.8,113,74.2,73.2,72,50.1,72.1,6.5,111,63.9,128,117,8.05,45.8,17,13.7,57.9,35.9,16.7,50.8,6.4,53.9,6.66,29.1,36.1,23.6,57.4,34,55.2,8.09,57.2,5.15,36.8,30.6,15.6,37.8,5.15,57.4,57.4,5.18,56.9,28.3,1902.58
ONOS ifwd,41.6,75.2,80,76.6,18.7,58.8,76.3,6.82,364,6.79,74.7,71.3,12.5,19.1,12.3,24.6,4.68,13.5,17.4,50.2,12.3,28.7,15,14.9,23.3,17.2,51.2,51.5,51.3,4.61,23.5,4.64,12.4,49.7,4.62,258,4.63,51.3,30,4.63,32.8,50.9,1902.22
ONOS ifwd,58.3,68.6,79.5,79.6,78.5,74,75.5,45.7,78.4,52.3,83.5,178,73.8,73.9,41.9,21.1,26.1,21.5,37.9,16.1,44.2,21.2,24.7,68.5,8.69,38,21.3,32.5,73.2,6.58,9.01,10.1,65.2,26.9,6.56,20.3,7.21,19.2,87.4,6.65,28.4,7.61,1897.61
ONOS ifwd,78.9,77.7,79.1,117,79.9,78.9,79,66.3,79.9,67.1,78.5,68.8,7.52,37.4,69.1,74.2,6.55,17.7,66.3,25.6,58.5,9.03,73.5,57.1,56.9,48.7,53.4,6.75,57.1,7.04,9.17,7.46,64.1,26.3,6.66,17.9,6.51,9.86,18.6,6.58,10.8,27.8,1895.23
ONOS ifwd,72.5,116,74.1,86,69.7,73.1,65.4,65.9,74.1,7.34,73.8,172,56,50.7,68.3,107,6.04,10.4,26.8,11.3,12.4,6.31,8.83,11.2,20.8,66.9,28.7,6.1,63.1,6.94,53.6,6.62,18.6,34.7,6.03,26.2,6.02,133,63.5,6.05,9.11,15.2,1896.39
ONOS ifwd,84.4,84.9,81.6,73.3,80.4,82.6,84.8,9.56,196,7.97,80.2,82.5,13.9,26.9,15.6,10.9,65,6.13,51,12.7,63.5,28.6,6.9,6.9,21.1,6.25,23.1,5.86,37.4,5.81,9.74,5.8,7.29,6.28,6.58,268,6.16,64.8,37,5.86,64.1,54.8,1892.19
ONOS ifwd,89.2,78.3,109,91.2,89.3,90.5,88.1,8.23,87.2,15.3,118,87.6,43.5,5.4,10.9,21.5,4.55,40.3,98.5,49.5,11.5,4.62,21.1,7.6,49.3,27.4,40.1,4.48,29.5,4.42,51.4,4.45,251,49.7,4.44,13.4,4.46,49.5,19.7,4.47,11.7,14.9,1905.22
ONOS ifwd,75.9,53.7,82.7,89.3,71,74.5,113,71.7,75.4,74.6,76.4,92.3,7.92,10.4,47.6,4.38,4.35,48.2,52.1,47.4,5.26,4.57,4.83,94,16.3,16,52.6,4.34,12.7,4.28,34.7,4.28,47.4,21.5,4.26,57.9,4.27,87,46.7,4.3,174,27.2,1901.24
ONOS ifwd,81.7,81.4,81.9,82,69.4,96.9,82.2,43.3,56.5,113,80.3,81.9,62.9,21.4,73.9,48.2,8.09,21.3,12.1,16,72.1,6.96,44.8,71.1,19.2,32.9,66.9,6.45,44,6.4,35.4,6.4,30.8,54.3,6.42,43,6.42,60,7.38,6.43,35.3,19,1896.05
ONOS ifwd,80.9,80.1,82,82.2,78.5,77.2,79.8,80.3,82.1,7.4,138,82,14.1,41.4,18,26,5,10.1,28.8,6.19,5.79,6.26,19.6,9.6,110,33.3,14.3,4.99,55,4.96,110,4.95,5.49,55.1,4.93,54.3,4.95,34.1,16.1,4.97,20.4,222,1901.18
ONOS ifwd,115,79.4,79.7,80.4,81,73.5,76.6,51.2,79.9,75.9,80.3,80.1,19.3,13.1,56.8,31,5.18,8.32,12.8,36.5,23.4,34.1,27.5,11.4,25.5,23.3,20.7,5.14,30.9,6.85,56,8.07,13,11.7,5.62,56.8,5.12,113,57.2,5.16,108,122,1906.46
ONOS ifwd,78.1,81.7,77.2,76.5,77.7,85.8,95.3,76.2,77.4,68.7,77.8,77.7,11,22.4,123,10.5,5.81,19.2,59.8,15,6.57,13.4,10.6,5.47,22.2,39.4,9.94,5.46,8.33,5.96,59.3,7.46,51.8,22.1,8.07,8.79,5.37,13.4,121,5.48,25.5,226,1898.41
ONOS ifwd,73.8,131,71.1,74.7,73.8,75.2,95,66.6,76.3,63.1,74.9,76.2,21.5,10.4,12.3,26.2,4.64,6.61,50.2,23.8,8.15,11.4,11.9,14.1,49.1,16.6,45.1,4.55,49,4.53,84.9,4.51,30.2,191,4.54,181,4.51,4.52,50.2,4.57,4.85,16.1,1902.68
ONOS ifwd,63.4,77.9,81.6,82,64.5,80.5,71.9,72.2,122,76.5,81.4,77.3,57.7,37.5,12.2,29,73.6,36.3,6.72,10.1,8.92,7.94,12.9,42.1,73.7,73.1,49,6.74,18.7,6.69,8.48,6.69,26.9,71.1,6.72,36.1,6.69,13.9,12.1,6.75,125,57.5,1892.04
ONOS ifwd,74.3,121,79.8,74.8,72.4,72.3,60.9,8.12,73.7,66.7,74.3,172,7.09,106,31.2,4.86,4.74,5.48,4.76,24,26.7,5.14,37.1,16.7,45.8,18.7,7.13,4.73,43.8,4.71,154,4.76,51,38.2,4.68,52.1,4.7,113,21.4,4.73,48,51.9,1897.43
ONOS ifwd,78.6,141,67.1,76.7,71.3,70.8,78.1,36.4,77.6,76,79.7,99.1,17.3,34.3,61.4,12,5.52,34.1,5.43,20.3,61,43,55.6,17.3,39.8,27.9,8.35,5.52,6.41,5.51,26.7,5.43,39.1,10.5,5.49,61,7.52,60.6,121,5.5,121,23.6,1900.58
ONOS ifwd,271,27.2,139,69.7,52.6,70.2,68.7,15.5,70.1,18.8,6.47,140,95,49,24.4,10.7,4.43,6.36,47.5,47.3,49,62.4,19.1,47.5,33.7,46.4,50.9,6.72,12.1,18.6,20,47.4,48.3,8.84,19.2,21.3,47.4,22.4,48.4,13.4,19,4.35,1900.37
ONOS ifwd,50,78.3,72.6,78.2,76.2,78.8,74.4,79.3,129,77,78.2,79.1,35,12.4,70.2,65.1,34.7,28.3,47.1,33.4,27.6,10.1,33.5,27.3,30.8,15.4,41.7,48.1,15.3,9.48,56,41,36,22.9,27.4,16.9,27.4,24,11.7,27.6,30.2,42.7,1900.38
ONOS ifwd,77.6,81.5,82.1,81.9,75.5,66.7,81.3,81.4,81.2,81.8,82.9,73.4,12.5,61.6,59.1,7.29,8.2,33.1,21.4,12.2,9.66,6.72,8.39,7.42,6.6,18,35.3,15,26.8,61.6,61.4,139,8.21,5.85,6.06,56.6,61.5,39.5,18.9,61.8,13.7,61.5,1892.2
ONOS ifwd,70.8,155,26.2,76.8,75.9,95.6,75.1,73.5,73.1,76.2,75.5,76.1,31.5,18.8,60.4,27.4,13.1,13.1,32.6,25.3,55.6,6.3,6.49,17.6,58.3,28.4,11.3,5.89,58.2,58.3,16.9,58.3,15.9,26.2,58.4,33.2,57.8,50.5,21.2,20.4,40.9,20.1,1898.18
ONOS ifwd,80.2,50.7,128,80.9,81.5,81.2,56.7,75.3,81.6,67.1,81.4,81.2,6.14,11.6,10.3,23.9,60.4,20.1,6.15,22.2,11.3,5.51,33.2,12.9,12.6,24,5.78,11.9,21.6,20.5,19.3,7.85,7.39,8.78,7.23,6.09,135,6.88,22,359,5.91,34.9,1886.21
ONOS ifwd,69.9,45,135,73.7,77.7,76,68.4,77.2,78.2,100,73.9,76,5.59,56.9,35.5,40.1,27.8,10.1,8.34,39.2,60.6,12.5,55,25.4,21.5,20.1,38.1,16.8,23.5,6.57,20.4,49.6,41.4,52.5,30.2,61.3,24.6,61.4,25.4,17.9,38.9,22.2,1900.4
ONOS ifwd,82.1,76.3,77,79.3,77.3,125,99,72.1,74,7.97,77,98.7,6.36,55.1,6.41,55.9,11.8,17.2,5.13,29.4,48.8,30.7,9.95,5.67,17.7,23.3,8.26,17.2,9.65,5.72,18.3,13.3,21.4,6.32,5.17,9.95,120,54.9,171,14.2,123,21.7,1889.26
ONOS ifwd,112,75.7,74.1,73.9,75.9,75.2,78,76.2,78.8,47.8,74.3,109,12.3,19.7,21,12.6,8.2,13,9.46,25.7,13.2,27.5,18.2,4.76,49.5,43.8,6.59,42.9,66,51.9,47.9,15.7,17.2,57.4,51.6,82.1,51.1,24.5,11.6,52,53,40.6,1901.91
ONOS ifwd,75.9,74.9,152,103,69.6,73.8,75.9,69.1,74.8,68.6,43.3,67.8,19.3,10.5,9.48,5.48,4.75,27.7,16.3,92.6,14.7,19.9,7.87,16.5,11.4,10.3,46.5,29.2,46.8,13.2,8.79,46.4,46.5,16.6,122,124,4.23,14.3,23.2,41,35,64.5,1897.7
ONOS ifwd,76,109,124,74.4,75.6,74.3,59.9,74.8,76.1,63.1,69.3,73,51.3,23.2,19.3,52.9,20.7,28,19.5,19.9,4.82,52.9,40.2,5.81,13.5,6.81,4.8,7.04,39.1,4.9,52.3,19,12,6.98,23.1,13.9,52.6,49.5,20.8,105,51.8,126,1897.16
ONOS ifwd,45.4,69.7,63.6,186,59.4,69.2,56.6,123,69.3,68.3,68.8,70.9,12.9,4.34,48.7,41.2,10.7,9.46,15.3,12.8,40.9,15.2,18.8,22.6,93.8,121,6.33,6.31,47.3,9.97,31.1,39.8,9.42,34.9,47.2,37,47.1,28.4,32.3,29.7,47,26.3,1898.03
ONOS ifwd,107,78.5,76.1,79.6,70.8,124,79.2,79.1,78.9,67.7,39.3,69.1,8.14,18.6,27.3,27.5,61.1,38.1,30,7.01,24.4,31.3,5.71,6.67,5.49,24,10,8.54,6.7,282,5.47,5.44,16.5,6.26,18.5,6.72,9.94,7.09,6.04,60.8,60.2,120,1894.82
ONOS ifwd,75.7,72,73.5,76.2,74.6,149,63.6,74.3,75.7,68.3,74.3,70.6,6.4,17,5.06,47.7,12,6.42,11.2,19,4.63,4.58,8.96,28.4,94.5,47.2,29.8,39.5,35.9,18.8,94.1,4.27,62.5,46.9,16,46.9,47.1,47.3,5.44,42.8,32.7,66,1896.86
ONOS ifwd,72.6,69.8,73.7,73.3,198,74,37.1,72.2,66.8,64.9,73.2,73.2,15.2,7.95,30.3,25.3,15.3,4.83,16.1,17.2,11.8,14.7,45.4,7.83,12.2,52.3,23.9,14.4,5.57,4.71,245,4.74,24.6,29.3,4.68,29.1,38.3,52.3,69.3,47.1,51,28.1,1897.31
ONOS ifwd,117,74.6,79,78.6,77.1,78.9,78,78.2,79.6,43.6,89,73.6,14.1,7.57,43.8,9.94,47.7,31.6,15.7,22.8,8.64,16.9,6.37,5.36,6.23,8.72,8.31,6.16,17.8,5.22,194,5.17,32.2,6.75,13,5.56,57.6,11.9,198,48.5,57.4,30,1890.2
ONOS ifwd,76.5,74.7,80.8,77.5,77.5,82.7,160,78.5,79.9,7.58,79.8,72.2,7.66,6.34,9.9,8.51,36.8,7.14,15.9,20.4,5.23,42,29.3,26.3,113,21.9,37.4,12.4,9.68,5.13,28.1,5.11,35.9,20.4,5.18,56.7,21.6,212,29.8,11.9,85.5,19.5,1894.36
ONOS ifwd,78.4,76.9,234,68.6,63.9,61.3,74.1,65.7,78,7.07,60.1,81.9,15.2,12.9,65.9,6.81,23.3,10.9,7.27,19.5,15.7,58,61.5,7.05,57.8,34,36.8,51.6,10.1,12.8,9.04,5.94,49.5,36.7,9.42,65.6,7.28,105,65.9,26.6,24.6,32.5,1895.18
ONOS ifwd,124,74.1,74.5,60.3,115,68.3,66.1,56.2,74.3,65.1,73.1,96.6,20,11.9,7.09,21.5,28.8,6.04,12.6,13.2,8.9,5.91,22.5,8.9,14.1,53,32.5,7.07,53,4.77,53,4.79,14.6,19.3,4.77,38.7,88.8,145,34.4,91.7,68.2,52.1,1894.74
ONOS ifwd,77.2,77,76.1,73.7,75.4,130,97.5,37.6,76.9,71,77.1,77.1,5.44,12.4,31.8,37.6,5.7,6.56,5.93,13,5.07,32.8,55.5,5.13,16.8,7.21,11.1,6.7,11.3,5,26.9,5,5.52,17.5,5.02,10.2,178,56.4,199,21.6,33.3,110,1890.08
ONOS ifwd,76.2,60,75.1,110,71.5,69.3,75.2,22.4,74.2,73.7,168,73.1,21.8,32.9,64.7,58.4,22.8,40.7,40.8,11.2,12.6,20.1,8.93,65.5,6.19,21.1,54.3,12.3,41.3,5.94,54.7,5.97,10.3,9.94,5.92,10.2,6.97,27.4,160,23.5,63.8,23.6,1892.56
ONOS ifwd,76.3,73.2,77.7,74.8,61.8,77.3,76.8,63.9,69.4,37.5,71.3,191,24.2,66.8,39.5,23.8,50.9,29,14.8,22,57.9,13.5,11,28,31.7,60.3,27.4,44.3,6.51,6.01,40.4,6.02,49.8,29,6.02,6.08,32.7,33.3,48.5,28.4,87.9,22.5,1899.24
ONOS ifwd,85.9,93.8,106,85.6,77.5,83.6,81.3,7.62,83.4,79.7,84.4,80.1,35.7,52.9,73.8,31.8,56.9,7.18,7.17,47.4,36.1,45.8,67,9.86,8,11.1,15.7,20.9,148,6.39,15.6,6.37,24.4,29.3,6.37,8.29,17.1,11.3,70.3,26.3,11.6,36.7,1894.25
ONOS ifwd,78.7,175,76.8,79.1,77,78,67.4,10.2,79.2,70.4,78.2,76.9,12.2,31.3,14.7,5.64,10.2,23.1,6.58,28.2,6.3,14.3,10.1,14.4,27.5,17.3,57.7,7.02,5.35,5.21,31.3,5.17,13.4,115,5.18,32.5,24.2,115,24.8,5.2,30.5,245,1891.25
ONOS ifwd,68.3,80.7,80.3,80.6,78.8,156,80.6,7.66,80.7,78.3,79.6,78,55.1,5.54,60.9,46.9,25.8,153,33.5,10.1,11.8,12.5,14.1,18.5,10.2,60.6,8.02,21.3,16.2,5.35,39.4,5.93,10.9,25.8,5.37,59.4,60.6,15,60.7,5.48,58.6,31.8,1897.95
ONOS ifwd,72,76.3,164,78.4,79.7,78.5,75.3,74.6,79.1,13,78.5,79.1,24.2,66.8,14.9,53,40,30.6,8.96,34.2,14.6,29.6,8.32,8.37,6.73,135,58.6,27.6,6.17,5.99,10,15.4,7.64,33.2,17.7,44,33.1,133,8.15,6.05,23.1,39.3,1892.78
ONOS ifwd,127,71.7,78.7,77.5,79.3,79.7,119,72.1,78.2,9.41,75.7,79.1,34.6,10.5,72.7,56,38.9,67.4,7.02,17.5,62.9,11.8,20.6,11.4,24.7,60.4,62,7.05,35.7,7.03,14.2,6.47,94.8,69.4,6.52,7.11,62.5,35.3,8.15,6.58,14.8,7.26,1888.7
ONOS ifwd,62.7,138,77.4,64.4,75.9,76.3,73.3,6.92,76.2,69.8,114,114,28.5,7.6,8.64,11.5,17.2,22.6,31.7,16.9,5.58,7.58,6.1,22.6,56.4,56.4,11.8,15.8,12.9,5.1,56.4,5.09,73.4,56.7,5.75,55.7,56.4,37,32.8,5.1,104,112,1894.16
ONOS ifwd,147,80.4,80.1,78.7,80.5,80.8,80.2,46,82.5,8.18,102,78.7,46.4,17.3,71.6,9.7,70,37.8,21.3,17.4,7.79,40.8,11.7,17.6,14.8,7.49,18.7,64.7,31.5,6.29,7.7,6.31,29.2,39.4,25.1,13.6,49.1,161,67.4,6.36,7.85,15.4,1886.37
ONOS ifwd,80.9,80,80.4,63.6,117,79.8,73.2,58.1,78.8,78.1,79.6,80.2,9.98,33.1,8.53,58,24.4,10.1,7.6,56.3,10.8,8.21,12.6,7.77,55.8,52.7,56.3,56.7,24.1,5.05,31,5.07,113,56,5.06,54,56.3,45,36.1,5.11,21.7,22.5,1898.58
ONOS ifwd,75.3,76.2,79.1,76.5,76.3,130,126,7.24,77.8,70,77,76.1,7.86,16.7,30.2,37.5,11.9,5.23,113,56.4,36.3,18.5,30,25.9,56.4,56.6,12.2,22.6,56.4,5.09,56.4,8.23,22.3,15.8,6.3,35.8,5.09,55.9,56.5,7.14,56.3,22.2,1894.28
ONOS ifwd,76.3,189,76.8,76.6,76.3,72.3,75.4,6.92,76.9,72,76.6,74.3,40.2,8.39,64,34.7,62.8,9.28,16.3,16,62.8,22.2,15.2,6.92,62.2,33,22.7,9.96,6.15,5.7,62.3,5.62,38.7,38.2,16.7,35,7.77,24.8,126,7.86,59.7,26.4,1896.97
ONOS ifwd,75.2,77.2,77.3,77,78.4,67.2,76.8,76,77,119,77,71.5,15.9,13.2,5.74,25.3,15.7,55.5,13.9,14.4,38.6,61.6,21.6,13.9,26.7,62,46.9,11.2,12.3,5.59,62.1,6.72,124,11.3,11.2,51.6,5.61,62.1,46.6,5.6,38.4,62.1,1896.96
ONOS ifwd,110,75.6,79.5,87.4,77.5,79,115,10.2,79.2,77.9,79.6,79,8.78,8.61,57.8,33.8,9.03,6.85,60,30.4,8.05,11,26.1,26.4,29.5,24.2,61.1,60.5,59.4,5.36,149,5.43,20.6,61.2,5.38,13.5,5.41,59.4,27.6,7.79,42,21.9,1895.99
ONOS ifwd,56.4,74.1,73.4,128,73.9,109,74.8,72.3,73.6,74.9,66.9,71.4,7.08,24.6,62.8,35.9,8.53,7.97,25.9,40.7,33.2,7.07,57.4,29.9,42.8,62.8,58.1,7.76,24.8,9.16,20.7,5.75,27.5,13.8,5.67,125,5.66,62.9,63.1,5.99,35,29.3,1895.54
ONOS ifwd,71.7,112,74,72.9,71.7,49.9,71.9,6.49,111,63.7,127,117,8.01,45.6,16.9,13.7,57.6,35.8,16.7,50.7,6.36,53.6,6.62,29,35.9,23.5,57.2,33.8,55,8.05,56.9,5.13,36.7,30.5,15.5,37.6,5.14,57.2,57.2,5.17,56.6,28.2,1895.17
ONOS ifwd,41.6,75.1,79.8,76.3,18.6,58.6,76.1,6.81,364,6.77,74.4,71.1,12.4,19,12.3,24.5,4.66,13.4,17.3,49.9,12.3,28.6,15,14.8,23.2,17.1,50.9,51.1,51.1,4.6,23.4,4.61,12.3,49.5,4.61,257,4.61,50.9,29.8,4.61,32.7,50.7,1896.08
ONOS ifwd,58.2,68.5,79.4,79.4,78.3,73.8,75.3,45.6,78.3,52.1,83.2,177,73.5,73.7,41.8,21,26,21.4,37.6,16,44.1,21.1,24.6,68.2,8.65,37.9,21.2,32.4,72.9,6.57,8.96,10.1,64.9,26.8,6.55,20.2,7.18,19.1,87,6.64,28.3,7.57,1891.02
ONOS ifwd,78.7,77.4,79,116,79.7,78.8,78.8,66.1,79.8,66.9,78.3,68.7,7.5,37.2,68.9,74,6.53,17.6,66,25.6,58.3,8.99,73.2,56.8,56.8,48.5,53.2,6.74,57,7.01,9.14,7.44,64,26.2,6.64,17.8,6.49,9.81,18.6,6.56,10.8,27.7,1889.25
ONOS ifwd,72.3,116,74,85.7,69.6,72.9,65.2,65.6,73.9,7.32,73.6,172,55.9,50.4,68.2,106,6.02,10.3,26.8,11.3,12.4,6.28,8.8,11.1,20.7,66.6,28.6,6.08,62.7,6.9,53.3,6.6,18.5,34.6,6.01,26.1,6,132,63.2,6.02,9.05,15.1,1889.68
ONOS ifwd,84.2,84.7,81.4,73.2,80.2,82.4,84.6,9.54,195,7.95,80,82.3,13.8,26.9,15.5,10.9,64.8,6.1,50.8,12.6,63.3,28.5,6.87,6.87,21,6.22,23,5.84,37.2,5.79,9.7,5.79,7.26,6.25,6.55,267,6.13,64.6,36.9,5.84,63.8,54.6,1885.9
ONOS ifwd,88.7,78.2,109,90.8,89,90.3,87.9,8.21,87.1,15.2,117,87.4,43.4,5.36,10.9,21.5,4.53,40.1,98.2,49.2,11.5,4.6,21,7.56,49.1,27.2,39.9,4.46,29.3,4.4,51,4.44,249,49.5,4.42,13.3,4.44,49.3,19.7,4.46,11.7,14.8,1897.08
ONOS ifwd,75.7,53.6,82.3,88.9,70.7,74.3,113,71.4,75.1,74.5,76.2,91.8,7.87,10.4,47.5,4.36,4.33,47.8,51.7,47.1,5.22,4.53,4.8,93.5,16.2,15.9,52.2,4.33,12.6,4.26,34.6,4.26,47.2,21.4,4.25,57.5,4.26,86.5,46.6,4.27,173,27.1,1893.04
ONOS ifwd,81.6,81.3,81.7,81.9,69.3,96.4,82.1,43.1,56.4,113,80,81.8,62.8,21.3,73.8,48,8.06,21.2,12.1,15.9,71.9,6.93,44.7,71,19.2,32.6,66.8,6.43,43.9,6.38,35.3,6.39,30.7,54.1,6.4,42.8,6.41,59.9,7.34,6.42,35.1,18.9,1891.36
ONOS ifwd,80.7,79.8,81.8,81.8,78.3,76.9,79.7,80.1,82,7.39,138,81.7,14,41.3,17.9,25.9,4.98,10,28.7,6.16,5.75,6.22,19.5,9.53,109,33.2,14.2,4.97,54.8,4.94,109,4.93,5.45,54.9,4.91,54.1,4.93,33.9,16,4.96,20.3,220,1892.62
ONOS ifwd,114,79.1,79.5,80.2,80.8,73.3,76.4,51,79.8,75.7,80,79.9,19.2,13,56.6,30.9,5.17,8.29,12.7,36.4,23.3,34,27.4,11.3,25.4,23.2,20.6,5.13,30.8,6.81,55.8,8.03,12.9,11.6,5.6,56.5,5.1,113,57,5.13,107,121,1898.56
ONOS ifwd,77.9,81.4,77,76.3,77.6,85.5,95,75.9,77.2,68.4,77.6,77.5,10.9,22.3,123,10.5,5.78,19.1,59.5,14.9,6.54,13.4,10.5,5.43,22.1,39.2,9.9,5.45,8.29,5.92,59.1,7.43,51.5,22,8.03,8.74,5.35,13.3,120,5.45,25.4,225,1891.31
ONOS ifwd,73.6,131,70.8,74.5,73.6,75,94.5,66.4,76.1,63.1,74.7,75.9,21.4,10.4,12.2,26.1,4.62,6.57,49.8,23.7,8.09,11.3,11.8,14,49,16.5,44.9,4.53,48.7,4.5,84.5,4.5,30.1,190,4.53,180,4.49,4.51,50,4.55,4.83,16,1895.32
ONOS ifwd,63.2,77.7,81.5,81.9,64.3,80.2,71.7,72,121,76.3,81.2,77.1,57.6,37.5,12.2,28.9,73.5,36.3,6.7,10.1,8.89,7.89,12.9,42,73.6,72.8,48.9,6.73,18.6,6.67,8.44,6.68,26.9,71,6.7,36,6.68,13.8,12.1,6.73,124,57.3,1886.21
ONOS ifwd,74.1,121,79.5,74.5,72.2,72,60.6,8.09,73.5,66.5,74.1,171,7.04,105,31,4.83,4.72,5.45,4.75,23.9,26.6,5.11,36.9,16.6,45.6,18.6,7.09,4.72,43.6,4.69,153,4.73,50.8,38,4.67,51.8,4.69,112,21.3,4.71,47.9,51.7,1888.59
ONOS ifwd,78.4,141,66.8,76.5,71.1,70.6,77.8,36.3,77.4,75.8,79.5,98.8,17.2,34.2,61.3,12,5.5,34,5.42,20.3,60.6,42.9,55.5,17.3,39.7,27.8,8.32,5.5,6.37,5.49,26.6,5.41,39,10.5,5.48,60.6,7.48,60.4,121,5.48,121,23.5,1895.85
SDNetViews (w/ verification),64,19.8,57.9,21.5,56.7,169,36.1,54.1,114,123,133,129,22.6,38.6,78.1,43.7,13.2,17.1,106,39.3,16.8,16.2,41.8,38.1,71.9,8.9,39.2,3.44,39,38.2,39.2,4.69,38.4,38.4,35,5.9,18,3.47,3.63,37.8,39.8,39.2,1953.73
SDNetViews (w/ verification),74.5,78.5,84.3,76.2,84.2,83.5,73.8,59.1,83.3,83.9,84.8,84.5,7.22,18.7,11,40.3,43.3,7.99,30.4,7.55,9.94,19.1,13.3,6.98,20.9,24.7,12,17.2,10.2,7.19,130,122,30.8,6.26,32.5,6.15,130,65.3,61.9,23.4,6.18,27.5,1900.56
SDNetViews (w/ verification),72.5,54.2,74.6,79.3,76.5,69.7,78.1,78.3,77.2,140,77.5,73.1,64.1,15.6,23.5,19.2,27.4,48.9,6.29,13.8,34.5,11.2,10.6,57.9,9.29,6.16,49.4,60.1,63.4,63.4,35.7,63.4,13.5,6.04,24.1,12.2,8.09,35.3,49.8,41.1,39.5,37.5,1901.97
SDNetViews (w/ verification),72.6,71.6,62.2,74.5,72.2,47.6,129,73.8,132,73.8,70.8,73.3,5.93,34.5,56.2,30.2,15.3,18.3,5.14,19.7,5.98,9.48,5.86,7.87,71.9,22.6,58,55.8,53.8,22.4,57.1,13.1,16.6,12.9,55.9,24.7,55.7,18.5,27.7,5.06,110,56,1905.62
SDNetViews (w/ verification),87.2,66.7,74.9,94.1,98,74.9,45.8,105,80.6,73.6,75.4,76.2,13.2,5.01,5.08,8.39,41.7,4.99,5.89,8.97,7.6,11.3,9.1,4.97,108,54.1,54.6,54.6,54.2,15.3,54.3,53.9,35.6,39.1,48.3,53.2,34,36.7,54.1,4.92,54.1,15.8,1903.42
SDNetViews (w/ verification),63.7,75.1,51.5,76.6,75.9,75,72.8,161,74.8,73.1,76.6,75.6,8.22,46.2,49.5,21.6,4.99,16.6,4.87,8.12,6.31,6.42,4.71,10,20.4,46.3,14.6,7.03,4.31,7.78,64.5,102,4.4,30.7,47,4.23,204,37.4,47.2,4.23,46.9,71.9,1904.12
SDNetViews (w/ verification),57.7,68.9,74.3,74,126,74.1,161,25.1,72.7,71.1,73.7,73.2,60.9,24.4,62.2,42.7,14.3,22.6,20,5.72,9.2,18.6,5.66,9.12,18.1,60.8,6.97,41.2,6.15,35.2,21.9,114,19.3,134,60.8,32,24.6,24,7,5.54,16.5,24.4,1899.66
SDNetViews (w/ verification),80.3,83.4,86.1,82.4,71.2,85.2,84.8,65,84.6,77.9,85.5,65.5,8.65,5.18,8.75,32.5,6.18,4.77,8.15,50,20.8,102,4.61,24.9,15,15.1,50,29.6,50.4,11.3,48.5,18.8,50.7,49.8,31.9,20.1,217,20.2,30.5,4.54,11.8,4.56,1908.19
SDNetViews (w/ verification),55.5,78.8,77.6,79.4,80.8,111,77,79.3,79.2,73.1,79.5,79.7,46.7,19.5,62.2,5.61,9.5,31.2,22.5,33.3,9.36,25.2,5.73,13.8,11.3,19.4,11.4,21.5,16.5,9.21,60.5,40.6,6.64,8.88,151,5.44,120,120,7.11,5.47,41.8,7.06,1899.31
SDNetViews (w/ verification),78.1,141,7.18,76.8,120,77.1,75.2,77.4,74.6,7.23,151,62.4,19.8,7.78,54.3,6.37,26.9,30.7,14.2,31.6,232,12.8,57.4,13.1,33.6,13.2,6.07,54.1,34.6,5.32,35.6,21.3,14.4,20.3,12.9,5.16,26.5,26.2,27.9,5.22,41.7,58,1897.03
SDNetViews (w/ verification),80.8,81.2,68.1,83.3,82,159,83.3,81.9,77.6,7.58,81.5,66.8,5.84,8.85,4.88,36.6,12.1,28.7,7.02,52.7,15.1,52.8,33.9,8.69,57.3,51.8,11.8,5.33,18.2,52,52.1,52,52.5,19.3,13.5,4.72,83.8,52.1,52,4.74,51.5,51.9,1906.85
SDNetViews (w/ verification),86.7,74.5,78.9,86.6,85.8,86.7,85.1,82.7,87,21.7,86.4,89,13.5,62.7,34.3,11.9,12.3,41.5,9.74,8.42,7.02,12.1,5.87,19.9,224,16,9.39,7,15.1,12.1,61.8,19,62.6,28.9,23.6,5.57,62.6,34.8,62.2,5.63,37,23.5,1901.14
SDNetViews (w/ verification),71.6,78.2,7.99,79.8,78.6,79.1,76.5,77.7,79.7,71.6,170,79.4,62.8,42.3,8.94,63.9,8.59,22.6,10.2,6.56,23.5,29.2,10.6,50.7,128,29.8,8.84,5.85,12.4,8.2,62.6,7.96,5.76,19.9,134,5.64,19.9,28.7,36.1,5.7,28.8,59.6,1897.83
SDNetViews (w/ verification),81.4,84.4,51.3,57.3,84,83,76.8,79.5,83.8,103,83.5,83.4,152,7.31,24.1,16.3,7.66,7.58,13.4,12.8,34.9,39,5.79,6.12,29.8,35.5,9.56,55.5,29.8,5.14,22.6,56.9,23.2,27.9,7.61,5.13,56.3,56.5,41.9,5.14,124,30.5,1901.34
SDNetViews (w/ verification),63.3,77.2,122,79.7,78.5,78.9,77.1,76.1,79.2,61.2,79.4,79.1,29,7.4,52.4,18.5,15.2,7.49,29.7,5.4,18.3,37.4,14.8,7.67,54.9,10.7,55.3,22.1,5.11,4.96,54.9,54.9,15.7,35.6,32.3,4.95,55.9,197,33.8,4.99,27.2,36.6,1901.87
SDNetViews (w/ verification),70.8,68.3,77.3,144,79.1,67.6,77.7,77.3,78.5,76.6,79,56.3,55,18.9,46.4,23.5,23.2,6.14,5.38,8.64,9.32,28.1,5.63,22.1,55.4,110,5.1,5.72,5.84,5.03,55,55,10.7,55.8,38,5,111,9.28,55.2,4.99,55.7,55.6,1903.17
SDNetViews (w/ verification),47.2,63.7,76.7,74.9,75.4,132,75.1,72.6,75.2,68.4,75.6,115,14.1,4.89,7.22,21.9,54.3,23,13.1,49,17.4,7.05,8.11,13,65.3,53.4,13.6,5.28,54.1,4.79,72.6,53.6,11.8,51.1,18.3,4.96,53,160,10.7,4.82,53.4,28.5,1904.12
SDNetViews (w/ verification),79,49,7.45,79.6,77,73.1,78.9,78.3,78.9,77.8,77.3,193,15.6,29.5,70.3,6.53,68.1,33.5,8.97,8.26,53.6,61.7,68.2,23.7,27,12.1,6.49,68,88.6,6.08,6.22,11.4,56.9,8.04,63.7,6.09,35.5,21.4,17.8,6.16,6.24,49.3,1894.33
SDNetViews (w/ verification),77.7,78.3,66,77.1,79.6,140,66.2,77.2,92.7,9.05,79.4,107,28.9,51,40.2,5.77,5.23,7.54,8.53,28.2,11.3,30.4,5.54,14.6,29.1,50.5,5.58,51.1,7.7,4.55,25.1,49.6,20.6,17.5,50.8,4.58,230,50.4,46.6,4.59,14.9,50.7,1901.36
SDNetViews (w/ verification),77.1,72.8,74,72.5,79.1,79,117,67.4,77.9,77,77.9,78,7.58,8.44,51.6,6.91,8.28,5.72,5.9,25.5,28.3,8.74,8.2,4.57,5.94,4.53,5.19,7,4.69,4.54,186,99.6,29.3,50.2,50.7,4.51,148,28.2,50.3,4.53,4.54,91.7,1898.91
SDNetViews (w/ verification),76.3,75.5,62.9,74.2,77.2,76,75.8,76.2,136,74.5,77,67.7,36.9,6.86,29.8,5.14,31.1,50.5,4.92,15.5,6.96,6.9,5.34,6.45,68,99.6,5.95,10,4.92,4.57,46.2,27.3,102,22.6,51.1,4.59,10.3,24.6,211,4.59,35.5,10.1,1898.59
SDNetViews (w/ verification),74.4,76.8,108,78.5,79,78.6,74.5,76.5,80,78.1,69.7,77.2,10.1,12.7,31.3,33.4,61.1,8.8,7.35,5.68,6.9,36.8,34.6,11.6,16.4,5.68,24.6,35.6,66.5,5.47,17.7,344,12.5,10.8,21.9,5.44,17.9,35.5,30.3,5.47,24.5,7.7,1899.59
SDNetViews (w/ verification),55.7,85.4,81.8,86.1,85.5,82.6,94.1,79.7,110,17.7,85.9,86.2,31.8,7.62,8.01,75.3,64.9,29,62.8,29.8,11.7,9.76,6.93,17.7,36.6,13.1,8.24,63,7.06,6.81,71.9,57.1,8.41,72.9,59.4,6.55,71.5,58.4,13.8,6.59,18.7,7.5,1893.58
SDNetViews (w/ verification),82.7,82.6,7.73,83.6,84.5,83.9,74.3,82.2,84.5,75.6,83.1,126,24.5,62.4,39.1,71.8,72.2,44.1,27.3,17.9,12.7,7.8,12.5,10.6,13.6,18.3,61.5,38.9,13.1,6.49,32.5,68.2,21.6,6.84,27.3,6.39,30.2,71.2,71.1,6.47,13.4,36.5,1897.22
SDNetViews (w/ verification),75.6,114,71.1,52.7,56.6,68.2,74.4,73.8,147,66.5,76.4,75.1,39.3,30.2,73.7,35.6,48,57.8,71.6,49.1,70,7.06,12.8,14.7,17.3,8.53,6.83,45.1,10.6,6.58,34.7,41,9.68,9.7,41.3,6.59,6.91,33.3,110,9.93,7.09,28.4,1894.8
SDNetViews (w/ verification),85,70.9,70.6,75.7,98.4,75.2,74.6,71.2,116,64.2,74,75.3,7.86,6.37,7.98,8.88,34,5.81,13,20.5,7.83,31.9,43.5,6.62,58.5,116,29.5,45.4,9.08,5.23,58.6,42.4,38,6.78,28.3,5.23,58.3,58.4,58.5,29.3,51.3,56.6,1900.77
SDNetViews (w/ verification),79,78.4,23.2,143,78.4,117,71.7,77.1,53.6,76.3,77.5,78.2,26.8,50.8,8.32,67,9.92,61.1,20.2,41.7,27.3,10.2,45.4,37.7,64.8,10.3,47.4,10.2,39.3,47.7,44,27.8,66.1,24.5,13.5,5.88,27,6.03,14.5,5.91,22.7,65.3,1902.76
SDNetViews (w/ verification),50.7,66.7,60.6,72.8,71.9,71.6,63.5,56.8,72.5,118,174,72.3,53.9,5.46,5.18,7.32,8.09,9.6,15.9,22.5,39.6,15.3,6.86,48.2,14.5,5.37,28.5,53.7,53.2,4.78,293,95.6,10.6,12.6,8.52,4.8,31.5,17.1,8.96,4.87,53.8,10.7,1901.41
SDNetViews (w/ verification),79.3,103,82.9,84,47.4,82.9,83.8,82.7,78,78.8,83.1,64.4,33.6,98.1,67.4,40.1,26.5,45.2,26.8,31.6,15.3,10.5,20.7,6.7,42.5,17.3,8.76,27.7,22.3,6.6,15.3,19.4,69.5,11.3,18,6.22,54.4,44.9,15.1,8.87,68.9,68.9,1898.75
SDNetViews (w/ verification),78.4,77.4,79.1,81.4,80.9,75,78.9,78.5,82.1,12.1,144,82.8,8.42,59.8,30.2,61.6,8,59.1,20.1,121,6.16,29.2,5.83,17.9,20.5,25.3,6.88,10.6,6.38,5.43,40.5,24.1,105,23.8,27.1,5.4,121,23.5,6.9,5.5,26,38.4,1900.2
SDNetViews (w/ verification),80.3,66,71.4,80.4,76.4,80.9,78,77.9,81.1,80.2,80.4,99.2,34.3,38.7,35,23.8,49.9,65.9,6.96,18.2,7.48,51.2,61.7,11.2,18.4,9.89,41.4,8.88,12.9,8.07,38.5,72.8,8.27,8.6,50.4,6.48,18.1,145,43.3,6.57,37.3,8.51,1899.91
SDNetViews (w/ verification),81.5,81.6,81.9,82,83.3,83.1,78.5,68.6,82.6,81.8,76.9,69.2,13.1,18.5,7.77,13.1,35.6,9.76,43,41.5,5.94,50.2,19.7,13,8.74,15.8,25.2,21.8,9.1,5.12,5.21,56.7,5.21,5.46,5.72,5.09,278,56.3,56.9,5.11,56.4,56.4,1900.43
SDNetViews (w/ verification),80,80,7.72,83,113,71.3,121,73.7,81.4,80.4,78.7,81.1,22.2,19.3,39.9,40.7,68.3,96.3,61.9,7.16,12.6,21,42.1,32.7,13.9,71,13.1,65.2,38.9,6.54,40.9,71.2,7.22,7.4,26.7,6.55,27.4,9.02,29.9,6.62,31.4,7.81,1896.24
SDNetViews (w/ verification),84.2,82.3,8.14,85.3,83.9,113,83.9,83.8,83.5,83.1,82,74.3,73.1,73,41.7,64.9,68.8,46.2,11.1,15.6,7.73,8.76,8.51,14.2,34.1,11.9,21.1,17.3,74,6.73,9.96,41.6,66.4,45.4,57.6,6.63,65.9,17,8.29,6.73,7.47,10.5,1889.65
SDNetViews (w/ verification),78.3,44.6,110,65.1,106,81,77.6,76.6,81.2,79.8,80.8,72.2,12.3,37.7,12.2,8.93,7.9,15.7,110,110,5.87,7.85,30,14.1,32.2,38.5,17.9,55.3,54.8,4.96,55.1,55.2,15.2,21.3,21.6,4.97,54.9,15.3,19.7,4.96,54.5,54.5,1906.64
SDNetViews (w/ verification),74.3,74.8,75.5,75.6,74.5,105,50.3,168,75.6,68,73.8,36.9,6.71,16.9,65.7,6.51,6.64,19.7,6.23,39.4,43.3,6.51,57.9,63.7,114,28.8,60.4,22.4,44.2,5.75,55,48.1,50.4,13.4,41,9.45,22,7.72,28.3,5.79,38,14.6,1900.81
SDNetViews (w/ verification),74.5,77.8,65.6,67.9,71.2,77.1,160,77.3,115,78.4,76.9,7.38,22.6,14.4,54.1,36.4,7.55,32.2,5.36,12.8,14.3,24.8,6.39,116,7.73,10.3,9.74,5.37,21.5,5.28,15,22,42.2,7.79,26.9,5.26,172,58.1,46.6,6.41,117,21.5,1896.66
SDNetViews (w/ verification),70.4,76.7,78.7,76.9,77.5,72.9,71.1,77.6,78.4,125,77.7,67.1,17.6,5.66,28,6.03,7.26,6.76,8.59,5.09,5.18,4.9,11.8,4.6,99.1,36.6,23.2,6.43,14.6,4.49,138,28.9,50.3,28.1,27.1,4.49,42.7,48.4,90,4.49,157,36.3,1901.67
SDNetViews (w/ verification),172,56.9,69.9,46.7,70.6,72.3,76.1,120,72.5,58.8,72.3,66.2,23.3,46.2,67.6,45.4,69.8,13.9,16.6,12,57.4,108,7.12,58.7,21.7,14.8,61,9.01,13.8,6.19,10.7,30.6,15.5,28.2,7.16,6.21,37.7,54.7,45.4,6.47,45.5,6.74,1901.7
SDNetViews (w/ verification),98,102,75.5,75.7,76.1,75.6,75.1,65.7,76,80.4,75.1,74.8,43.1,68.8,55.4,46.8,55.9,15.4,54.3,40.2,56,24.1,13.1,13.5,12.4,16.7,9.12,53.7,25.2,6.11,49.3,6.88,63.5,40.2,42.2,6.09,6.49,6.72,29.2,6.15,45.4,32.9,1894.86
SDNetViews (w/ verification),72.2,108,77.6,68.4,84.7,78.6,83.7,65,80.7,77.8,77.1,77.7,15.3,10.7,29,49.7,52.8,22.2,53.2,21.2,6.19,5.79,14.4,5.65,9.44,29.1,53.6,6.79,6.55,4.79,52.9,53,15.1,53.2,11.4,4.79,106,52.4,31.2,4.78,154,18.2,1904.87
SDNetViews (w/ verification),77.3,71.6,70.7,79.2,77.6,77.2,74.7,53.9,77.6,140,77.1,76.9,11,5.08,19.4,6.37,24.7,16.6,47.6,34.5,16.1,4.36,5.41,46.5,23.9,47.3,47.7,47.5,41.3,4.27,47.1,14,8.56,47,9.5,4.25,28,43.3,251,4.25,9.16,39.2,1908.71
SDNetViews (w/ verification),75.8,76.7,85.4,75,135,78.6,51.3,6.88,120,74.9,96.9,71.9,54.7,6.18,5.79,39,13.5,42.3,21.7,5.37,11.5,6.25,5.51,32.4,5.66,19.4,24.5,6.09,6.26,4.9,70.8,109,38.2,25.8,19.8,4.85,40.7,4.89,19.4,4.87,29,268,1894.7
SDNetViews (w/ verification),83.5,82.5,82.9,83.6,83.8,84.2,81.9,113,83.3,7.56,83.4,83,23.3,33.5,23,25.8,30.7,5.56,23.9,7.79,29.2,15.9,5.29,8.41,57.5,59.4,5.29,116,7.69,5.78,57.6,57.6,57,31.2,57.7,5.17,30.3,45.8,31.8,5.21,45.9,42.7,1904.65
SDNetViews (w/ verification),81.6,82.6,81.3,79.3,78.5,81.5,88.4,80.6,79.9,68.7,81.2,68.6,20.1,44.6,64.5,69.2,36.9,63.7,17.2,7.91,110,60.1,7.66,12.5,9.23,18.1,8.16,14.9,16.8,6.12,6.98,68.3,29.5,67.5,7.33,6.09,37.3,17.9,25.1,6.25,29.6,58,1899.73
SDNetViews (w/ verification),86.6,86.9,89.4,103,88.8,88.3,89.8,81.1,127,13,89.5,8.44,10.1,7.14,5.03,53.4,10.5,10.5,28.9,52.5,7.95,6.76,23.1,13.1,102,20.5,107,53.5,53,4.8,27.5,9.25,26.4,37.3,52.5,4.77,52,36.8,26.4,4.8,52.7,52.9,1904.94
SDNetViews (w/ verification),139,65.1,72.4,66.4,69.9,73.9,73.1,66.4,62.6,75.6,66.3,120,19.4,9.74,38.8,43.3,10.1,23.6,6.49,15,40.4,6.49,22.4,19.1,5.56,12.2,5.8,6.16,6.11,5.27,55.8,147,58.5,7.5,58.2,5.21,57.9,116,34.9,5.25,56.7,50.5,1900.08
SDNetViews (w/ verification),69.8,72.2,70.5,72.9,94.8,113,70.9,50.9,121,69.7,71,73.2,26.6,9.58,12.4,4.45,7.39,16.2,4.82,4.65,4.74,4.44,6.67,8.16,6.4,47.9,23.8,4.73,10.7,4.31,40.9,162,51.2,26.4,47.8,4.29,95.7,47.7,94.8,4.31,161,4.31,1898.25
SDNetViews (w/ verification),69.4,180,73,73.8,73.8,66.9,66,72.8,74.2,62.4,74,66,27.7,6.41,40.8,23.5,65.8,25,7.15,20.9,15.3,16.8,18.1,66.9,15.2,66.9,72.1,7.02,62.8,52.6,6.55,36.9,38.2,8.49,23.4,6.76,22.9,66.6,35.5,6.07,24.9,60.8,1900.35
SDNetViews (w/ verification),73.3,71.7,74.2,76,129,57.6,67.2,116,75.3,66.1,74.9,72.2,105,11.7,17.3,6.52,4.83,53.3,6.61,98.8,5.22,5.82,5.02,6.61,104,40.8,41.5,12.9,5.58,4.72,52.2,10.5,60,52.9,52.6,4.71,21.2,43.7,30.4,4.74,43.3,38.2,1904.18
SDNetViews (w/ verification),63.7,19.7,57.6,21.4,56.5,169,36,54,113,123,132,129,22.4,38.4,77.6,43.4,13.1,16.9,105,38.9,16.7,16.1,41.5,37.9,71.5,8.61,39,3.41,38.6,37.9,38.8,4.43,38.2,38.1,34.8,5.6,17.6,3.44,3.57,37.6,39.4,38.8,1942.16
SDNetViews (w/ verification),74.3,78.4,84.1,76,83.9,83.4,73.6,59,83.1,83.7,84.6,84.4,7.19,18.6,10.9,40.2,43.2,7.96,30.3,7.52,9.9,19,13.2,6.94,20.9,24.6,11.9,17.1,10.1,7.17,130,121,30.7,6.24,32.3,6.11,130,64.9,61.6,23.3,6.15,27.4,1894.88
SDNetViews (w/ verification),72.3,54.1,74.4,79,76.4,69.6,77.9,78.1,77,140,77.4,73,63.8,15.5,23.4,19.1,27.2,48.6,6.26,13.8,34.3,11.1,10.6,57.7,9.25,6.14,49.1,59.8,63.2,63.2,35.6,63.1,13.5,6,24.1,12.1,8.05,35.2,49.6,41,39.4,37.4,1896.3
SDNetViews (w/ verification),72.4,71.3,61.9,74.4,72,47.5,129,73.6,131,73.6,70.6,73.2,5.9,34.4,56,30.1,15.3,18.2,5.11,19.6,5.95,9.42,5.83,7.84,71.6,22.5,57.6,55.6,53.6,22.3,56.8,13.1,16.5,12.9,55.7,24.6,55.5,18.5,27.6,5.05,110,55.8,1899.4
SDNetViews (w/ verification),86.9,66.4,74.8,93.6,97.8,74.7,45.6,104,80.3,73.4,75.1,75.9,13.2,4.99,5.05,8.36,41.6,4.97,5.87,8.93,7.52,11.2,9.05,4.95,108,54,54.3,54.4,53.9,15.3,54.1,53.6,35.4,38.9,48.2,53.1,33.8,36.6,53.9,4.9,53.9,15.7,1896.19
SDNetViews (w/ verification),63.5,74.9,51.4,76.4,75.6,74.7,72.5,160,74.6,72.9,76.5,75.4,8.16,45.8,49.3,21.5,4.96,16.6,4.83,8.07,6.28,6.39,4.67,9.99,20.3,46.1,14.6,7,4.28,7.73,64.1,102,4.37,30.5,46.8,4.21,203,37.1,46.9,4.21,46.6,71.5,1896.25
SDNetViews (w/ verification),57.6,68.7,74.1,73.7,125,73.9,161,25,72.5,71,73.4,73,60.8,24.3,62,42.5,14.2,22.5,19.9,5.68,9.15,18.5,5.63,9.08,18,60.5,6.93,41,6.13,35.1,21.8,114,19.3,133,60.6,31.9,24.5,24,6.97,5.53,16.5,24.3,1893.2
SDNetViews (w/ verification),80,83.2,85.7,82.2,71,84.9,84.7,64.9,84.4,77.7,85.3,65.4,8.61,5.16,8.71,32.4,6.15,4.73,8.11,49.8,20.7,101,4.58,24.8,14.9,15,49.9,29.4,50.1,11.2,48.3,18.7,50.4,49.6,31.8,20,215,20.1,30.4,4.53,11.8,4.54,1899.82
SDNetViews (w/ verification),55.4,78.5,77.4,79.3,80.4,111,76.8,79.1,79,72.9,79.3,79.5,46.5,19.5,61.9,5.59,9.46,31.1,22.4,33.2,9.32,25.1,5.7,13.7,11.3,19.3,11.3,21.4,16.4,9.17,60.1,40.5,6.61,8.86,150,5.42,120,120,7.08,5.45,41.6,7.03,1893.59
SDNetViews (w/ verification),78,140,7.15,76.6,119,76.9,75,77.2,74.4,7.22,151,62.2,19.7,7.75,54.1,6.36,26.8,30.5,14.1,31.4,231,12.8,57.1,13.1,33.4,13.2,6.04,53.8,34.5,5.29,35.5,21.2,14.4,20.3,12.9,5.14,26.4,26.1,27.8,5.2,41.5,57.8,1889.85
SDNetViews (w/ verification),80.6,81,67.9,83.1,81.8,158,83,81.7,77.4,7.51,81.4,66.7,5.8,8.82,4.86,36.5,12,28.5,6.98,52.5,15,52.5,33.8,8.65,57,51.6,11.8,5.29,18.1,51.8,51.9,51.8,52.3,19.2,13.4,4.71,83.4,51.9,51.8,4.72,51.3,51.7,1899.74
SDNetViews (w/ verification),86.5,74.3,78.6,86.4,85.6,86.4,84.9,82.5,86.8,21.4,86.2,88.7,13.4,62.4,34.1,11.9,12.2,41.3,9.7,8.37,6.99,12,5.84,19.8,224,16,9.35,6.97,15.1,12.1,61.6,18.9,62.3,28.8,23.5,5.57,62.3,34.7,61.9,5.61,36.9,23.5,1895.4
SDNetViews (w/ verification),71.3,78,7.97,79.7,78.5,78.8,76.3,77.5,79.5,71.5,169,79.2,62.5,42.2,8.9,63.7,8.54,22.5,10.1,6.52,23.4,29,10.5,50.5,127,29.6,8.82,5.83,12.4,8.16,62.4,7.92,5.73,19.8,134,5.62,19.9,28.6,35.9,5.68,28.6,59.4,1890.99
SDNetViews (w/ verification),81.2,84.1,51.1,57.2,83.9,82.8,76.6,79.4,83.7,102,83.2,83.2,151,7.27,24,16.3,7.63,7.53,13.3,12.8,34.7,38.8,5.75,6.09,29.7,35.3,9.5,55.3,29.7,5.13,22.5,56.6,23.1,27.9,7.57,5.13,56.2,56.3,41.7,5.13,123,30.4,1893.73
SDNetViews (w/ verification),63,77,121,79.4,78.3,78.7,76.9,75.9,79.1,61,79.2,78.8,28.9,7.36,52.3,18.5,15.2,7.47,29.6,5.37,18.2,37.3,14.7,7.64,54.6,10.7,55.1,22,5.08,4.94,54.6,54.6,15.6,35.5,32.1,4.93,55.6,197,33.6,4.97,27.2,36.4,1895.36
SDNetViews (w/ verification),70.6,68.1,77.1,144,78.9,67.4,77.5,77.1,78.3,76.3,78.8,56,54.8,18.8,46.3,23.4,23.1,6.12,5.34,8.6,9.28,28,5.6,22.1,55.3,110,5.06,5.68,5.77,5.01,54.9,54.8,10.7,55.6,37.8,4.99,110,9.25,55,4.98,55.5,55.4,1897.28
SDNetViews (w/ verification),47.1,63.5,76.5,74.7,75.2,131,74.8,72.4,75,68.2,75.4,114,14.1,4.86,7.19,21.8,54,22.9,13,48.9,17.4,7.01,8.08,13,65,53.1,13.6,5.26,53.7,4.77,72.1,53.3,11.7,50.9,18.3,4.94,52.8,159,10.6,4.81,53.2,28.4,1895.52
SDNetViews (w/ verification),78.7,48.9,7.43,79.4,76.9,72.9,78.7,78.2,78.7,77.6,77.1,193,15.5,29.5,70.1,6.49,68,33.3,8.93,8.21,53.4,61.5,68,23.6,26.9,12.1,6.45,67.7,88.2,6.06,6.2,11.3,56.8,8,63.5,6.07,35.4,21.3,17.7,6.15,6.21,49,1889.1
SDNetViews (w/ verification),77.6,78.1,65.8,77,79.5,140,65.9,77,92.3,9.03,79.2,106,28.7,50.7,40,5.73,5.18,7.5,8.48,28,11.3,30.3,5.52,14.5,28.9,50.3,5.56,50.8,7.66,4.54,25,49.5,20.4,17.4,50.5,4.56,229,50.2,46.4,4.57,14.8,50.5,1893.93
SDNetViews (w/ verification),76.8,72.6,73.7,72.3,78.9,78.7,117,67.1,77.7,76.7,77.7,77.8,7.55,8.4,51.4,6.87,8.24,5.68,5.87,25.4,28.1,8.67,8.17,4.55,5.92,4.51,5.15,6.97,4.66,4.52,186,99.1,29.2,49.9,50.4,4.49,148,28,50,4.51,4.51,91.2,1892.94
SDNetViews (w/ verification),75.9,75.2,62.8,74.1,77,75.8,75.7,76,136,74.4,76.8,67.6,36.8,6.83,29.7,5.11,31,50.3,4.89,15.4,6.92,6.87,5.32,6.41,67.7,99.2,5.92,9.98,4.89,4.55,46,27.2,101,22.5,50.8,4.57,10.2,24.5,210,4.57,35.3,10,1891.73
SDNetViews (w/ verification),74.2,76.6,108,78.3,78.7,78.5,74.3,76.4,79.8,77.9,69.4,77,10.1,12.7,31.2,33.3,60.7,8.76,7.3,5.64,6.86,36.6,34.5,11.5,16.3,5.64,24.6,35.5,66.2,5.45,17.7,342,12.4,10.8,21.9,5.42,17.8,35.4,30.1,5.47,24.4,7.67,1893.01
SDNetViews (w/ verification),55.6,85.2,81.6,86,85.4,82.4,93.7,79.4,110,17.6,85.7,86,31.7,7.58,7.98,75,64.6,28.9,62.6,29.7,11.6,9.73,6.9,17.6,36.4,13.1,8.2,62.8,7.03,6.77,71.7,57,8.37,72.8,59.2,6.53,71.4,58.2,13.8,6.58,18.7,7.48,1888.55
SDNetViews (w/ verification),82.6,82.4,7.72,83.4,84.3,83.6,74.2,82,84.4,75.4,82.9,126,24.4,62.1,39,71.6,72,44,27.2,17.8,12.7,7.76,12.5,10.5,13.5,18.2,61.3,38.8,13.1,6.45,32.4,67.9,21.5,6.82,27.2,6.37,30.2,71,70.9,6.45,13.3,36.5,1892.37
SDNetViews (w/ verification),75.4,113,70.9,52.6,56.4,68.1,74.3,73.5,147,66.4,76.2,74.9,39.2,30.2,73.5,35.5,47.9,57.6,71.4,48.9,69.7,7.03,12.7,14.6,17.3,8.5,6.8,45,10.5,6.56,34.6,41,9.63,9.66,41,6.57,6.88,33.2,110,9.89,7.05,28.3,1889.37
SDNetViews (w/ verification),84.5,70.7,70.4,75.5,98,74.9,74.3,71,116,63.9,73.9,75.1,7.83,6.33,7.95,8.85,33.9,5.77,13,20.4,7.8,31.8,43.4,6.59,58.2,116,29.4,45.2,9.03,5.21,58.4,42.3,37.8,6.74,28.2,5.22,58.1,58.2,58.2,29,51,56.4,1894.42
SDNetViews (w/ verification),78.8,78.2,23.1,142,78.1,116,71.5,77,53.3,76.1,77.3,78,26.7,50.6,8.3,66.7,9.88,60.7,20.1,41.6,27.1,10.1,45.2,37.6,64.6,10.2,47.2,10.2,39.2,47.5,43.8,27.7,65.8,24.3,13.5,5.87,26.9,6.01,14.5,5.89,22.6,65.1,1894.85
SDNetViews (w/ verification),50.6,66.4,60.3,72.6,71.7,71.4,63.2,56.6,72.2,118,173,72.1,53.7,5.43,5.16,7.29,8.05,9.55,15.9,22.4,39.5,15.2,6.8,48,14.5,5.33,28.4,53.5,52.8,4.76,291,95.1,10.5,12.5,8.49,4.79,31.3,17,8.92,4.84,53.5,10.6,1892.91
SDNetViews (w/ verification),79.2,103,82.7,83.9,47.3,82.7,83.6,82.5,77.8,78.6,83,64.1,33.5,97.6,67.1,40,26.5,45.1,26.7,31.6,15.2,10.4,20.6,6.67,42.3,17.2,8.73,27.6,22.2,6.57,15.3,19.4,69.1,11.3,17.8,6.2,54.3,44.8,15,8.85,68.7,68.7,1893.42
SDNetViews (w/ verification),78.1,77.1,78.8,81.1,80.7,74.8,78.8,78.3,81.9,12.1,144,82.5,8.38,59.5,30.1,61.4,7.96,58.9,20,121,6.12,29.2,5.8,17.8,20.4,25.2,6.85,10.6,6.35,5.41,40.3,24,104,23.7,27,5.38,120,23.4,6.86,5.49,25.9,38.4,1893.6
SDNetViews (w/ verification),80.2,65.8,71.2,80.1,76.2,80.7,77.8,77.8,81,80,80.2,98.9,34.1,38.6,34.9,23.7,49.8,65.6,6.92,18.2,7.45,50.9,61.6,11.2,18.4,9.85,41.2,8.84,12.9,8.04,38.4,72.6,8.24,8.56,50.1,6.47,18.1,145,43.2,6.55,37.2,8.49,1895.01
SDNetViews (w/ verification),81.3,81.3,81.6,81.7,83,82.9,78.3,68.4,82.4,81.7,76.7,69.1,13.1,18.4,7.74,13,35.4,9.71,42.8,41.3,5.91,50,19.6,13,8.68,15.8,25.1,21.7,9.04,5.1,5.18,56.4,5.17,5.44,5.68,5.07,277,56.1,56.6,5.09,56.2,56.3,1894.01
SDNetViews (w/ verification),79.9,79.8,7.7,82.8,112,71.1,121,73.6,81.1,80.1,78.6,80.8,22.2,19.3,39.8,40.6,68,96,61.7,7.13,12.5,21,42,32.7,13.9,70.7,13.1,65,38.8,6.53,40.9,70.9,7.19,7.37,26.6,6.53,27.3,8.98,29.9,6.61,31.3,7.77,1890.81
SDNetViews (w/ verification),84.1,82.1,8.12,85.1,83.7,113,83.7,83.7,83.4,83,81.8,74.1,72.8,72.8,41.6,64.7,68.6,46.1,11,15.6,7.69,8.73,8.48,14.1,34,11.9,21,17.2,73.7,6.71,9.93,41.5,66.2,45.2,57.4,6.61,65.7,17,8.26,6.71,7.42,10.4,1884.86
SDNetViews (w/ verification),78.1,44.5,109,65,106,80.9,77.3,76.4,81,79.5,80.6,72.1,12.2,37.6,12.2,8.89,7.86,15.6,109,109,5.83,7.81,29.9,14.1,32.1,38.3,17.9,54.9,54.6,4.94,54.7,54.8,15.1,21.2,21.5,4.95,54.7,15.3,19.6,4.95,54.2,54.3,1898.43
SDNetViews (w/ verification),74,74.6,75.3,75.3,74.1,104,50.2,168,75.3,67.7,73.6,36.9,6.67,16.8,65.5,6.47,6.61,19.6,6.21,39.3,43.1,6.49,57.6,63.4,114,28.6,60.1,22.4,44,5.74,54.7,47.8,50.2,13.3,40.8,9.38,21.9,7.68,28.2,5.77,37.9,14.5,1893.72
SDNetViews (w/ verification),74.4,77.6,65.4,67.7,71,76.8,159,77.1,114,78.2,76.7,7.36,22.5,14.3,53.9,36.2,7.49,32,5.33,12.8,14.2,24.7,6.35,116,7.69,10.2,9.69,5.33,21.4,5.27,14.9,21.9,42,7.75,26.8,5.25,172,57.9,46.4,6.38,116,21.4,1889.29
SDNetViews (w/ verification),70.2,76.5,78.5,76.6,77.3,72.8,70.9,77.4,78.2,124,77.5,66.8,17.6,5.63,27.9,5.99,7.2,6.74,8.52,5.06,5.14,4.88,11.7,4.57,98.5,36.4,23.1,6.4,14.5,4.48,137,28.7,50,27.9,26.9,4.47,42.5,48.2,89.6,4.47,156,36,1892.75
SDNetViews (w/ verification),171,56.8,69.6,46.6,70.4,72,75.7,119,72.3,58.5,72.1,66,23.2,46.1,67.5,45.3,69.5,13.7,16.6,12,57.1,108,7.08,58.5,21.6,14.8,60.8,8.97,13.8,6.18,10.7,30.5,15.4,28.1,7.11,6.19,37.6,54.5,45.3,6.45,45.2,6.71,1894.49
SDNetViews (w/ verification),97.7,101,75.1,75.5,75.9,75.4,74.8,65.4,75.8,80,74.9,74.6,42.9,68.6,55.1,46.7,55.7,15.4,54.3,40.1,55.9,24,13,13.4,12.3,16.6,9.08,53.5,25.2,6.09,49.1,6.85,63.2,40.1,42.1,6.07,6.47,6.69,29.2,6.14,45.3,32.8,1887.99
SDNetViews (w/ verification),71.7,108,77.4,68.3,84.4,78.4,83.5,64.8,80.4,77.5,76.9,77.5,15.3,10.7,28.8,49.6,52.6,22.1,53,21.1,6.16,5.75,14.4,5.62,9.36,28.9,53.4,6.76,6.52,4.77,52.6,52.8,15.1,52.9,11.3,4.77,105,52.2,31.1,4.77,153,18.1,1897.28
SDNetViews (w/ verification),77.1,71.4,70.5,78.9,77.3,76.9,74.5,53.7,77.4,139,76.9,76.6,10.9,5.04,19.3,6.33,24.6,16.5,47.3,34.3,16.1,4.32,5.38,46.3,23.8,47,47.5,47.2,41,4.25,46.9,13.9,8.5,46.7,9.44,4.23,27.8,43.1,250,4.24,9.1,39,1900.23
SDNetViews (w/ verification),75.5,76.5,85.1,74.8,135,78.3,51.2,6.87,120,74.6,96.5,71.7,54.4,6.15,5.76,38.8,13.4,42,21.6,5.33,11.4,6.2,5.49,32.2,5.64,19.3,24.4,6.05,6.23,4.86,70.3,108,38.1,25.7,19.7,4.83,40.6,4.88,19.4,4.86,28.9,266,1886.55
SDNetViews (w/ verification),83.4,82.3,82.7,83.5,83.6,84,81.7,112,83.1,7.55,83.2,82.8,23.2,33.4,22.9,25.7,30.7,5.53,23.8,7.76,29.1,15.9,5.26,8.37,57.2,58.9,5.27,115,7.66,5.75,57.2,57.2,56.8,31.1,57.4,5.16,30.2,45.7,31.7,5.2,45.8,42.6,1897.31
SDNetViews (w/ verification),81.5,82.4,81.1,79.1,78.3,81.2,88.1,80.3,79.7,68.5,81,68.4,20,44.4,64.3,69,36.8,63.5,17.1,7.86,110,59.9,7.62,12.4,9.2,18,8.09,14.8,16.7,6.1,6.94,68,29.4,67.3,7.3,6.07,37.2,17.8,25,6.19,29.6,57.8,1893.97
SDNetViews (w/ verification),86.4,86.7,89.2,103,88.4,88.2,89.6,81,126,13,89.3,8.42,10,7.12,5,53.2,10.5,10.4,28.8,52.3,7.92,6.72,23,13,101,20.4,107,53.2,52.8,4.78,27.4,9.19,26.3,37.1,52.4,4.76,51.7,36.6,26.3,4.78,52.5,52.6,1897.99
SDNetViews (w/ verification),138,65,72.2,66.2,69.6,73.6,72.9,66.3,62.5,75.5,66.1,119,19.3,9.71,38.6,43.1,10.1,23.5,6.46,15,40.2,6.45,22.4,19,5.53,12.1,5.78,6.13,6.06,5.24,55.7,146,58.2,7.46,57.8,5.19,57.7,115,34.8,5.24,56.5,50.3,1891.45
SDNetViews (w/ verification),69.6,71.9,70.3,72.6,94.5,112,70.7,50.7,120,69.5,70.7,72.9,26.5,9.54,12.3,4.43,7.35,16.2,4.78,4.61,4.71,4.42,6.63,8.11,6.36,47.6,23.7,4.69,10.7,4.29,40.8,161,50.8,26.3,47.5,4.27,95.1,47.4,94.3,4.3,160,4.29,1888.38
SDNetViews (w/ verification),69.2,179,72.7,73.7,73.5,66.6,65.8,72.7,73.9,62.1,73.8,65.8,27.7,6.38,40.6,23.4,65.7,25,7.12,20.8,15.3,16.8,18,66.6,15.1,66.7,71.8,6.99,62.5,52.4,6.52,36.9,38.1,8.45,23.3,6.73,22.8,66.3,35.4,6.05,24.8,60.5,1893.54
SDNetViews (w/ verification),73.1,71.5,74,75.7,129,57.3,67,115,74.9,65.9,74.7,71.9,104,11.7,17.2,6.5,4.81,53,6.58,98.4,5.19,5.78,4.99,6.57,104,40.6,41.3,12.9,5.54,4.71,52,10.4,59.6,52.6,52.4,4.7,21,43.6,30.2,4.73,43.1,38.1,1896.2
SDNetViews (w/out verification),68.5,75,76.7,72.3,78.9,69.7,78.6,78.5,78.5,77.3,78.9,118,16.1,20.3,23.2,54.8,26.5,17.3,312,21.3,20.7,5.54,54.4,23,6.82,7.26,9.01,23.4,9.16,5.21,15.4,54.8,110,21.1,19.7,13.1,5.82,5.88,15.7,13.5,10.4,9.15,1901.45
SDNetViews (w/out verification),68.4,74.8,76.6,72.1,78.7,69.5,78.4,78.3,78.3,77.1,78.7,118,16,20.2,23.2,54.7,26.4,17.2,311,21.2,20.6,5.51,54.2,22.9,6.8,7.23,8.96,23.3,9.12,5.18,15.3,54.6,109,21,19.6,13,5.79,5.85,15.6,13.4,10.3,9.1,1895.14
SDNetViews (w/out verification),79.6,37.9,79.9,83.1,102,81.5,77.7,79.2,83.1,83.2,82.8,82.7,31.6,36.6,69.4,22.7,33.5,27.3,35.7,15.3,29.1,40.8,15.7,9.05,188,10.6,15.2,26.2,28.3,12.8,10.5,21.4,27.8,24.8,13.7,20.2,22.7,68.5,6.16,11.1,6.41,68.1,1901.92
SDNetViews (w/out verification),79.5,37.8,79.6,82.9,102,81.3,77.4,79,82.9,82.9,82.6,82.6,31.5,36.5,69.2,22.6,33.4,27.2,35.6,15.2,29.1,40.7,15.7,9.01,187,10.5,15.1,26.1,28.2,12.8,10.5,21.3,27.7,24.7,13.6,20.2,22.6,68.1,6.14,11.1,6.38,67.9,1896.13
SDNetViews (w/out verification),78.3,76.9,71.8,74.8,78.4,59.2,77.9,68.8,77.2,77.3,109,101,6.94,4.45,5.1,29.6,10.8,28.4,28.3,15.2,4.43,4.49,5.07,47.3,46.2,51.8,48,12.6,4.53,27.5,47.9,47.4,68.1,47.5,47.8,19.2,39.7,44,4.34,41.1,65.6,99.1,1903.05
SDNetViews (w/out verification),78.1,76.5,71.6,74.5,78,59,77.7,68.7,77,77.2,109,101,6.89,4.43,5.06,29.4,10.7,28.2,28.2,15.1,4.4,4.45,5.03,47.1,45.9,51.4,47.7,12.5,4.5,27.4,47.6,47.3,67.6,47.4,47.5,19.1,39.5,43.7,4.32,41,65.1,98.5,1895.28
SDNetViews (w/out verification),119,50.8,87,74.4,74.1,80.5,74.7,72.9,75.8,129,38.4,74.7,14.3,15.4,6.44,8.38,27.8,19.8,5,33,5.02,8.34,55.1,5,59.7,28,15.3,5.03,54.9,84.1,38.8,36.1,20,54.8,53.4,26,34.3,77.4,6.25,53.9,54.9,44.3,1902.06
SDNetViews (w/out verification),119,50.7,86.6,74.2,73.9,80.1,74.6,72.6,75.4,128,38.3,74.4,14.2,15.4,6.4,8.34,27.7,19.7,4.97,32.8,4.99,8.31,54.8,4.98,59.4,27.9,15.2,5,54.6,83.7,38.7,36,19.9,54.6,53.2,26,34.2,77,6.22,53.7,54.7,44.2,1894.61
SDNetViews (w/out verification),76.5,75.5,75.3,94.5,72.4,72.9,95.6,127,61.3,76.3,50.5,73.8,60.8,22.6,9.09,15.4,5.43,5.81,9.74,35.6,7.91,5.37,5.63,5.6,51.6,59.8,5.77,8.19,117,58.8,9.8,5.28,59.3,58.9,149,41.2,23.4,22.5,20.6,25.2,20.7,20.8,1898.42
SDNetViews (w/out verification),76.3,75.2,75,94.2,72.2,72.8,95.1,127,61.1,76.1,50.3,73.5,60.6,22.5,9.05,15.4,5.4,5.79,9.71,35.5,7.88,5.35,5.58,5.57,51.4,59.5,5.74,8.16,117,58.6,9.76,5.26,59,58.6,148,41,23.3,22.4,20.6,25.1,20.6,20.8,1891.95
SDNetViews (w/out verification),80,99.8,66.3,80.3,77.3,79.8,78.3,68.8,81.8,79.9,80.8,80.3,14.6,7.48,14.9,5.55,14,12.4,57.3,118,37.6,9.51,5.48,56.3,12.5,36,54.6,22.9,57,5.18,56.7,30.7,57.2,56.4,17.4,7.89,21.1,53.6,6.78,32.1,38.8,33.6,1906.97
SDNetViews (w/out verification),79.9,99.3,66.1,80.2,77,79.5,78.1,68.6,81.6,79.7,80.6,80.1,14.6,7.44,14.8,5.52,13.9,12.4,57,117,37.4,9.46,5.44,56.1,12.5,35.9,54.4,22.8,56.7,5.15,56.4,30.6,56.9,56.3,17.3,7.85,21,53.5,6.76,32,38.7,33.4,1899.92
SDNetViews (w/out verification),74.7,78.1,90.8,80.3,59.6,58.6,75.1,133,78.7,79.1,66.9,76.1,52,10.4,4.8,22.4,8.35,24.6,14.7,22.4,6.52,25,7.84,11.7,14.6,17.4,117,23.4,51,58.5,24.1,28.5,51.4,84.8,21.5,51.6,34.2,18.9,4.67,12.8,75.7,51.6,1903.38
SDNetViews (w/out verification),74.5,77.8,90.6,80,59.4,58.3,74.9,133,78.5,78.8,66.8,75.8,51.8,10.4,4.76,22.3,8.31,24.5,14.6,22.3,6.46,24.9,7.78,11.6,14.6,17.3,116,23.3,50.8,58.1,24,28.4,51.2,84.5,21.4,51.3,34,18.8,4.65,12.7,75.2,51.2,1895.56
SDNetViews (w/out verification),174,74.1,75.9,73.9,72.5,65.5,73.5,75.2,57.8,70.1,65.3,73.1,41.4,22.9,15.3,61.1,136,53.6,51.7,9.25,34.4,36.6,27.9,6.81,10.2,20.8,6.21,38.1,13.4,15.5,6.44,8.9,6.06,59.9,6.24,60.9,47.9,54.8,6.03,8.8,66.2,11.9,1896.14
SDNetViews (w/out verification),173,74,75.7,73.8,72.3,65.3,73.2,74.9,57.7,69.8,65.2,72.8,41.3,22.8,15.2,60.9,135,53.4,51.6,9.21,34.2,36.3,27.8,6.78,10.1,20.8,6.18,38,13.3,15.5,6.41,8.87,6.04,59.6,6.21,60.6,47.8,54.6,6.01,8.76,66,11.8,1888.77
SDNetViews (w/out verification),46.6,77.3,78.4,75.2,79.2,85.6,153,68.8,67.8,84.4,56.6,76.9,11.4,25.1,54.5,14.3,16.8,54.9,15.9,27.4,24.9,5.42,7.35,5.02,19.3,32.4,6.75,8.07,28.2,15,22,219,4.94,9.61,5.39,14,54.4,108,4.96,55,24.2,54.6,1898.61
SDNetViews (w/out verification),46.5,77.1,78.1,75,78.9,85.1,153,68.6,67.5,84.1,56.3,76.6,11.4,25,54.3,14.2,16.7,54.7,15.8,27.2,24.8,5.4,7.31,5,19.1,32.3,6.71,8.03,28,14.9,21.9,218,4.92,9.56,5.35,14,54.1,108,4.93,54.8,24.1,54.3,1891.61
SDNetViews (w/out verification),77.3,110,76.1,82.5,81,78.8,80.8,81.8,74.1,82,45.8,80.9,19.1,22,71.2,9.2,61.4,20.8,69.9,19.8,97.4,65.1,9.27,15.9,6.63,9.76,52.3,25.6,38.4,17.3,8.71,62.8,6.32,28.5,16.8,11.8,17.1,7.55,6.56,69.7,7.35,71.9,1897.25
SDNetViews (w/out verification),77.1,109,76,82.4,80.9,78.5,80.7,81.7,73.9,81.8,45.7,80.7,19,22,70.9,9.14,61.1,20.7,69.8,19.8,96.9,64.8,9.23,15.9,6.6,9.73,52,25.5,38.1,17.3,8.68,62.6,6.31,28.4,16.7,11.7,17.1,7.52,6.54,69.5,7.32,71.6,1890.87
SDNetViews (w/out verification),77.2,79.1,79.1,34.6,81.3,78.5,76.2,75.7,68.3,147,79,76.1,16.8,70,52.5,10.9,10.1,15.4,69.8,6.41,68.9,7.24,15.2,16.4,10.5,64.2,35.8,14.7,24.1,24.6,31.6,19.6,6.27,27.5,20.8,13.3,45.5,69.1,6.24,138,6.62,29.6,1899.78
SDNetViews (w/out verification),77,78.8,78.9,34.5,81.1,78.3,76.1,75.5,68.1,146,78.8,76,16.8,69.7,52.3,10.9,10.1,15.4,69.5,6.39,68.7,7.22,15.2,16.4,10.5,63.9,35.7,14.7,24,24.6,31.5,19.6,6.26,27.4,20.7,13.3,45.3,68.8,6.23,137,6.59,29.5,1893.29
SDNetViews (w/out verification),70.4,79.7,82.7,83,79.9,89.6,75.3,79.2,62.4,82.7,81.9,82.4,7.09,58.5,9.1,30.5,46.6,5.97,23.9,7.24,12.5,5.44,6.6,16.1,6.42,6.22,6.26,5.94,10,21.1,209,7.5,5.27,6.41,16.1,11,117,5.79,5.26,14,246,15.7,1893.71
SDNetViews (w/out verification),70.2,79.5,82.5,82.8,79.6,89.3,75.1,79,62.2,82.5,81.7,82.2,7.05,58.2,9.06,30.3,46.4,5.94,23.8,7.2,12.4,5.4,6.55,16.1,6.38,6.16,6.21,5.91,9.95,21,208,7.46,5.25,6.37,16,10.9,116,5.76,5.25,14,245,15.7,1886.3
SDNetViews (w/out verification),134,68.8,77.8,77.5,47.7,74.1,80.3,77.1,76,76.6,75.9,86.6,29.7,11.4,34.2,33.7,21.2,19.3,21.2,63.1,6.29,23.9,6.47,31.8,29.8,20.8,14.2,8.67,8.48,19.1,42.8,39.4,5.75,63.7,127,29,19.9,25.1,5.74,32.5,126,30.1,1902.7
SDNetViews (w/out verification),134,68.7,77.6,77.3,47.6,74,80,76.8,75.5,76.4,75.7,86.3,29.6,11.4,34,33.6,21.1,19.2,21,62.9,6.27,23.8,6.44,31.7,29.7,20.7,14.1,8.64,8.44,19,42.6,39.3,5.73,63.4,126,28.9,19.8,25,5.73,32.3,125,30,1895.25
SDNetViews (w/out verification),79.8,65.5,76.4,76.1,117,63.2,105,76.8,74.8,76.5,75.5,66.8,7.1,23.9,7.57,31.5,13.2,23.9,6.55,22.6,4.7,5.81,5.27,7.55,31.1,102,6.01,32,51.3,22.7,44.9,42.3,4.61,31.5,10.3,51.1,50.9,50.7,4.97,41.7,24.7,190,1905.84
SDNetViews (w/out verification),79.4,65.2,76.2,75.8,116,63,104,76.5,74.5,76.1,75.3,66.5,7.06,23.7,7.52,31.3,13.1,23.8,6.52,22.5,4.69,5.77,5.24,7.49,31,101,5.98,31.8,51,22.6,44.7,42.1,4.6,31.3,10.2,50.9,50.6,50.5,4.93,41.6,24.6,189,1895.6
SDNetViews (w/out verification),66.3,62.7,77.9,76.3,76.7,76.9,59.2,75.6,54,77.3,129,121,14.2,7.93,25.6,4.71,6.23,4.77,45.8,45.7,18.6,4.3,17.7,6.36,59.5,25.2,8.35,4.25,22.9,4.23,28,47.9,4.15,6.18,35.7,150,45.9,91.7,4.15,91.2,45.5,76.1,1905.71
SDNetViews (w/out verification),66.1,62.5,77.7,76,76.4,76.7,59.1,75.4,53.9,77.2,128,120,14.2,7.89,25.5,4.67,6.18,4.73,45.6,45.5,18.5,4.26,17.6,6.33,59.1,25.1,8.27,4.23,22.8,4.2,27.8,47.6,4.14,6.14,35.6,149,45.7,91.4,4.14,90.8,45.4,75.7,1897.08
SDNetViews (w/out verification),74,69.3,130,75.6,75.2,62.2,73.9,64.3,75.8,76.1,74.2,100,39.2,56,5.19,8.34,6.37,5.14,27.2,6.54,56.7,48.8,12.9,6.27,9.37,35.4,5.92,7.03,56.3,6.54,144,47.1,5.06,49.4,55.2,9.45,29.9,13.3,5.07,6.66,170,14.4,1899.35
SDNetViews (w/out verification),73.8,69.1,130,75.4,74.9,62,73.7,64.1,75.6,75.9,74.1,100,39,55.9,5.17,8.31,6.33,5.11,27.1,6.51,56.5,48.7,12.9,6.24,9.32,35.3,5.89,7,56.1,6.5,143,46.9,5.05,49.1,55,9.4,29.8,13.2,5.05,6.63,170,14.3,1893.91
SDNetViews (w/out verification),61.8,7.9,85.8,84.1,83.9,84.3,83.7,119,83.9,84.1,85.1,86.3,9.56,7.84,60.8,26.5,7.57,19.6,8.36,16.2,26.4,54.3,25.2,30.4,20.7,28.5,6.46,15.7,25.6,7.06,31.3,37.9,5.29,9.47,9.08,11.3,119,228,5.28,13.7,59,22.9,1898.87
SDNetViews (w/out verification),61.7,7.89,85.6,83.9,83.7,84,83.5,118,83.7,83.9,84.9,86.1,9.52,7.81,60.6,26.3,7.52,19.5,8.31,16.1,26.3,54.1,25.1,30.3,20.6,28.4,6.42,15.7,25.5,7.03,31.2,37.8,5.28,9.42,9.02,11.3,119,227,5.27,13.7,58.7,22.8,1892.49
SDNetViews (w/out verification),70.3,75.1,79.4,72.2,107,78.9,77.6,78.1,77.9,78.2,78.5,78,4.9,21.4,15.5,5,37.3,8.46,10.1,158,7.16,4.88,53.1,9.15,38.3,52.9,17.4,5.6,36.3,52.8,52.9,7.73,4.79,39.1,37.6,108,52.6,8.88,7.57,18.6,52.7,21.7,1901.62
SDNetViews (w/out verification),70.1,74.9,79.1,72.1,107,78.7,77.3,78,77.7,78,78.1,77.8,4.87,21.3,15.4,4.97,37.2,8.43,10.1,158,7.13,4.86,52.9,9.1,38.1,52.7,17.4,5.57,36.1,52.6,52.7,7.69,4.77,38.9,37.4,107,52.4,8.83,7.53,18.5,52.5,21.6,1895.35
SDNetViews (w/out verification),78,8.48,79.1,78.8,78.4,120,22.1,171,79.1,79.9,78.5,78.2,9.44,45.5,47.7,25.4,34.3,61.3,56,60,9.66,47.8,59.6,26.2,60,28.3,15.7,16.5,21.1,24.2,25.7,35.6,14.4,36.3,31.1,11.9,8.01,24.3,5.42,29.3,37.9,43.6,1903.81
SDNetViews (w/out verification),77.8,8.46,78.8,78.6,78.3,119,22,170,78.9,79.7,78.4,78,9.38,45.4,47.5,25.3,34.2,61.1,55.8,59.6,9.61,47.5,59.4,26.1,59.7,28.2,15.7,16.4,21,24.1,25.6,35.5,14.3,36.1,31,11.8,7.99,24.2,5.4,29.2,37.7,43.4,1896.14
SDNetViews (w/out verification),78.1,84.5,91.3,87.7,88.8,80.7,36.6,72.3,85.6,72.1,86,85.7,30.5,8.66,62.6,25.2,74.9,18.1,72.4,69.3,53.7,38,46.5,6.88,7.14,7.71,25.2,60.7,8.39,6.98,36.6,40.3,6.6,7.63,36.8,7.69,34.2,27,11.2,63.7,16.7,33.9,1894.58
SDNetViews (w/out verification),78,84.3,91,87.6,88.5,80.5,36.5,72.2,85.5,72,85.7,85.6,30.5,8.63,62.1,25.2,74.7,18,72.1,69.1,53.4,37.8,46.3,6.85,7.11,7.67,25.2,60.4,8.35,6.96,36.5,40.1,6.57,7.59,36.7,7.67,34.1,27,11.2,63.4,16.7,33.9,1889.2
SDNetViews (w/out verification),112,21.5,77.4,76.8,76.6,146,59.8,74.8,80.2,76.9,75.2,75.5,27.8,17.6,33.6,13.7,54.7,11.2,8.65,9.12,14.9,25.6,16.9,5.91,9.93,57.3,5.2,24.6,56.1,56.2,57.1,56.5,5.18,20.3,56.2,15.9,51,117,5.18,57.3,21.1,39.2,1903.67
SDNetViews (w/out verification),111,21.4,77.1,76.5,76.4,145,59.7,74.6,79.9,76.6,74.9,75.3,27.7,17.5,33.4,13.6,54.5,11.2,8.6,9.06,14.8,25.5,16.9,5.87,9.87,57,5.18,24.5,55.9,56,56.8,56.3,5.17,20.2,56,15.8,50.8,117,5.17,57.2,21,39,1895.92
SDNetViews (w/out verification),84.3,8.2,77.1,72.9,110,118,83.3,60.7,82.4,85,85.2,84.5,49.2,14.7,36.9,7.31,10.1,6.03,40.3,5.79,39.6,10.9,37.4,5.82,25,63.2,5.75,7.19,36.1,6.53,22.6,62.6,6.16,14.7,126,32.8,51.3,62.7,5.71,62.7,63,30.4,1900.09
SDNetViews (w/out verification),84.1,8.18,76.9,72.8,110,118,83.1,60.5,82.2,84.8,85,84.3,49.1,14.6,36.8,7.28,10.1,6,40.1,5.76,39.4,10.9,37.2,5.8,24.9,62.9,5.73,7.15,36,6.49,22.5,62.3,6.13,14.6,126,32.7,51.2,62.5,5.7,62.5,62.8,30.3,1895.32
SDNetViews (w/out verification),77.1,51.1,120,80.3,80.3,80.7,7.08,79.4,71.8,143,80.1,80.6,11.4,23,16.4,8.64,30.5,6.19,46.7,139,5.5,7.6,10.4,4.28,35.4,136,4.2,43.8,10.6,31,26.1,81.7,4.17,46.2,46.1,13.1,46.2,31.3,4.19,29.1,9.56,46.1,1905.91
SDNetViews (w/out verification),77,51,119,80.1,80.1,80.5,7.07,79.1,71.6,143,80,80.3,11.3,22.9,16.3,8.59,30.4,6.16,46.4,138,5.47,7.54,10.3,4.25,35.3,135,4.18,43.6,10.5,30.8,26,80.9,4.17,46,46,13,46,31.1,4.17,28.9,9.49,45.9,1897.39
SDNetViews (w/out verification),125,74,77.7,76.4,76.8,77,33.6,76.5,69.4,76.9,112,75.6,9.61,5.99,8.28,54.7,53.2,7.33,31.5,4.83,6.39,8.85,4.93,19.5,85,15,4.79,15.7,5.91,6.03,4.81,245,4.78,5.11,44.8,27.8,18.1,42.5,4.79,17.6,53.2,132,1898.93
SDNetViews (w/out verification),124,73.7,77.5,76.2,76.6,76.8,33.5,76.3,69.2,76.7,112,75.4,9.57,5.97,8.24,54.4,52.9,7.29,31.4,4.8,6.37,8.79,4.9,19.4,84.5,14.9,4.77,15.6,5.87,6,4.79,243,4.77,5.08,44.5,27.7,18,42.3,4.77,17.5,53,132,1890.98
SDNetViews (w/out verification),125,124,138,73.3,71.7,51.9,11.1,70.3,73.5,73.8,67,72.7,8.57,4.78,6.84,12.3,6.75,6.74,49.2,36.6,18.3,24.7,98.4,5.21,28.4,46.1,4.45,33.5,18.2,29.4,48.7,9.5,4.45,49.1,45.2,106,97.3,48.7,4.42,4.44,49.1,48.5,1906.15
SDNetViews (w/out verification),125,123,138,73,71.5,51.7,11,70,73.3,73.5,66.8,72.5,8.52,4.76,6.8,12.2,6.71,6.71,48.8,36.4,18.2,24.6,98,5.18,28.3,45.9,4.42,33.4,18.1,29.2,48.4,9.45,4.42,48.9,45,105,96.6,48.5,4.4,4.43,48.8,48.3,1897.7
SDNetViews (w/out verification),62.1,78.9,94.3,88.1,85.2,85.1,67.4,77.5,57.7,86.5,84.2,83.5,5.43,7.73,58.5,9.16,7.66,31,34.4,13.6,23.1,23.4,172,103,16.6,58,5.19,16.6,13.7,20.5,113,57.3,5.2,15.8,14.8,23,13.6,13.7,8.73,12.8,8.15,45.4,1901.55
SDNetViews (w/out verification),61.9,78.6,94.1,87.8,85,84.9,67.3,77.3,57.6,86.3,83.9,83.4,5.4,7.69,58.4,9.12,7.64,30.9,34.3,13.5,23,23.3,172,102,16.5,57.6,5.18,16.5,13.6,20.5,113,57,5.18,15.8,14.7,22.9,13.6,13.6,8.69,12.7,8.11,45.3,1895.81
SDNetViews (w/out verification),125,78.4,80.1,80,75.6,78.3,76.9,52.2,77.9,79.3,79.4,69.5,8.83,10.5,20.2,16.3,71.2,16.1,60.2,64,65.1,31.7,55.1,70.5,6.58,11.9,6.35,34.2,33.5,41.3,35.4,50.8,6.3,29.8,7.86,8.12,32.3,17.1,6.3,61.7,52,16.5,1900.34
SDNetViews (w/out verification),124,78.2,79.9,79.7,75.5,78.1,76.8,52.1,77.7,79.1,79.2,69.3,8.79,10.5,20.2,16.3,70.8,16.1,59.9,63.8,64.8,31.6,54.8,70.4,6.56,11.9,6.33,34,33.4,41.2,35.3,50.7,6.28,29.7,7.82,8.08,32.2,17.1,6.29,61.5,51.9,16.4,1894.25
SDNetViews (w/out verification),79.6,49.4,79.5,79.9,79.2,78,8.44,75.8,185,79.8,77.6,77.7,36,27.8,28.9,64.8,10.1,70.3,53.9,15.4,19,37.2,6.97,15.4,42.3,6.93,6.28,14.1,7.21,69.6,59.2,11.5,50.4,23.8,16.9,6.71,6.67,69.4,6.25,6.48,15.1,139,1893.54
SDNetViews (w/out verification),79.4,49.3,79.3,79.7,79,77.9,8.41,75.7,185,79.7,77.4,77.5,35.9,27.8,28.8,64.7,10,70.1,53.6,15.4,18.9,37.1,6.93,15.4,42.2,6.91,6.26,14.1,7.17,69.4,59.1,11.5,50.1,23.7,16.9,6.67,6.64,69.2,6.23,6.46,15.1,138,1888.58
SDNetViews (w/out verification),7.26,8.38,79.3,238,79.6,80.2,70.5,72.1,78.9,79.1,78.6,77.9,70.8,68.5,116,26.1,9.32,7.76,16.8,8.02,70.6,55.1,47.2,27.9,7.84,8.29,6.31,50.7,12.5,18.3,50.4,16.6,6.28,68.2,32,58.9,19.1,26.9,6.34,8.24,6.95,7.51,1885.3
SDNetViews (w/out verification),7.24,8.35,79.1,237,79.4,80,70.3,71.8,78.7,79,78.5,77.7,70.6,68.3,115,26.1,9.27,7.72,16.7,7.99,70.4,55,47,27.8,7.8,8.25,6.3,50.5,12.5,18.3,50.3,16.5,6.27,68,31.8,58.7,19.1,26.8,6.32,8.2,6.93,7.48,1879.02
SDNetViews (w/out verification),72.1,72.1,79.6,121,78.4,78.6,61.9,8.78,76.9,80.3,118,103,5.1,10.8,47.4,12.4,19.5,7.95,10.4,13.6,7.68,5.76,4.86,5.9,32.1,50.5,4.59,9,7.25,7.76,199,101,4.58,11.7,18.8,21.3,50.6,23.5,4.57,67,101,84.5,1900.78
SDNetViews (w/out verification),71.9,71.8,79.2,120,78.3,78.4,61.7,8.73,76.7,80.1,118,103,5.07,10.7,47.2,12.3,19.4,7.91,10.4,13.5,7.65,5.72,4.82,5.87,32,50.2,4.57,8.94,7.21,7.72,197,100,4.56,11.6,18.7,21.3,50.2,23.4,4.55,66.4,100,84.1,1890.82
SDNetViews (w/out verification),87.5,9.09,88.7,88.5,140,87.6,91.8,9.09,85.3,88.6,86.6,87.7,63,35.9,36.5,67.7,6.36,63.5,10.8,7.68,9.61,16.3,6.23,43.7,66.6,22.3,6.12,36.5,65.9,132,9.75,6.69,6.16,19.3,17.9,11.8,7.62,29.1,6.16,68.4,11.5,52.1,1893.66
SDNetViews (w/out verification),87.3,9.05,88.5,88.4,139,87.4,91.5,9.06,85.1,88.4,86.3,87.5,62.8,35.8,36.4,67.5,6.33,63.3,10.7,7.65,9.57,16.3,6.19,43.4,66.5,22.2,6.1,36.4,65.7,131,9.72,6.66,6.14,19.2,17.8,11.7,7.6,29,6.14,68.2,11.5,52,1887.01
SDNetViews (w/out verification),6.97,69.5,75.2,75.4,76,74.7,172,6.82,68.1,179,74.5,73,5.71,36.6,21.7,27.2,5.47,26.9,8.09,9.09,5.96,6.19,14.2,12.9,38.1,115,5.25,14.5,57.5,29.1,57.7,56.7,5.28,7.08,115,18.4,136,57.8,5.23,17.2,23.1,6.78,1896.92
SDNetViews (w/out verification),6.95,69.3,74.9,75,75.8,74.5,171,6.81,67.9,179,74.3,72.7,5.68,36.5,21.7,27.1,5.44,26.8,8.02,9.04,5.92,6.16,14.1,12.9,38,115,5.23,14.4,57.3,29,57.5,56.4,5.27,7.03,115,18.4,135,57.5,5.22,17.1,23,6.75,1890.62
SDNetViews (w/out verification),72.9,7.4,82.6,100,82.5,82.7,64.8,80,75.5,140,79.3,82.2,8.06,226,37,5.46,6.27,5.4,56.3,5.13,12.6,18.5,5.81,9.64,22.2,24.6,5.08,31,22,17.2,33.2,55.5,5.06,22.3,13.7,113,19.1,32.3,5.07,38.1,55.6,36.9,1897.98
SDNetViews (w/out verification),72.6,7.38,82.3,99.9,82.1,82.5,64.6,79.8,75.3,140,79.1,81.9,8.02,224,36.9,5.42,6.22,5.37,56,5.11,12.6,18.4,5.79,9.6,22.1,24.5,5.06,30.9,21.9,17.2,33.1,55.3,5.05,22.3,13.6,112,19,32.2,5.06,37.9,55.4,36.8,1890.28
SDNetViews (w/out verification),57.1,73.2,68.2,77,72.9,72.7,75.3,76.1,77.1,63.8,160,76.6,25.6,5.29,17.1,8.83,28.8,4.69,5.61,152,23.2,9.24,14.5,20.1,16.6,27.2,4.61,17,4.66,30.9,23.1,47.2,4.6,61.5,155,33.3,16.7,50.1,4.58,49.2,43.7,45.7,1900.61
SDNetViews (w/out verification),57,72.9,68,76.8,72.8,72.6,75.1,75.8,76.9,63.7,159,76.3,25.5,5.26,17,8.77,28.6,4.66,5.58,151,23.1,9.2,14.5,20.1,16.5,27.1,4.59,16.9,4.63,30.7,23,47,4.57,61.1,154,33.1,16.6,49.9,4.57,49,43.6,45.6,1892.63
SDNetViews (w/out verification),69.9,66.4,149,72.4,73.2,73.5,72.4,67.9,72.4,49.4,112,72.2,27.2,68.1,53,38.9,69.4,51.8,68.8,13.7,58.6,69.1,25.5,10.7,10.3,6.29,6.2,43.9,41.9,8.06,10,26.4,6.19,18.3,13.7,8.34,21.9,15.1,6.19,63.8,23.3,59.9,1895.27
SDNetViews (w/out verification),69.7,66.3,148,72.2,73,73.2,72.3,67.8,72.2,49.3,112,72,27.2,67.8,52.9,38.7,69.1,51.5,68.4,13.7,58.4,68.8,25.5,10.6,10.3,6.26,6.19,43.7,41.8,8.02,10,26.3,6.17,18.3,13.7,8.31,21.8,15,6.17,63.5,23.3,59.7,1889.12
SDNetViews (w/out verification),10.5,7.33,71.6,81.6,102,144,80.8,63.2,112,114,80.7,80.9,17.2,33.7,17.1,15.5,56.8,29.6,8.47,6.73,119,22.6,24.8,21.9,33,6.33,6.15,19.7,31.5,6.71,22,10.2,6.11,6.17,37.2,14.7,68,134,6.56,67.5,66.6,28,1892.46
SDNetViews (w/out verification),10.5,7.31,71.3,81.4,102,144,80.5,62.9,112,114,80.5,80.7,17.1,33.7,17,15.4,56.7,29.5,8.42,6.7,118,22.5,24.7,21.9,32.8,6.3,6.13,19.6,31.3,6.68,21.9,10.2,6.1,6.14,37.2,14.7,67.7,134,6.54,67.3,66.3,27.9,1887.52
SDNetViews (w/out verification),81.8,84.1,85,83.8,80.2,83.4,9.53,82.5,113,83.8,81.1,82.6,8.49,10.9,54.8,60.2,8.66,8.05,13.7,8.01,9.04,6.74,26.7,6.63,14.4,13.4,5.34,25.6,117,27.4,23.6,29.2,5.33,17.4,118,172,59,19.6,5.35,35.7,24,13.9,1898.97
SDNetViews (w/out verification),81.6,83.9,84.7,83.6,80,83.2,9.5,82.4,113,83.7,80.9,82.4,8.45,10.9,54.6,59.9,8.62,8.02,13.6,7.98,8.99,6.71,26.6,6.57,14.4,13.4,5.33,25.5,117,27.3,23.6,29.1,5.31,17.4,118,171,58.9,19.5,5.33,35.6,23.9,13.8,1894.21
SDNetViews (w/out verification),69.3,64.9,78.8,78.4,74.8,78.1,63.1,75.5,77.5,77.5,145,66.5,65,7.35,16.4,71.4,22.4,37.9,31.2,43.5,50.7,30.5,7.09,9.23,124,32.6,6.34,47.1,7.22,52.4,13.8,36.3,6.35,8.46,66.3,65.8,36.1,6.98,6.37,8.08,19.4,6.97,1892.64
SDNetViews (w/out verification),69.2,64.7,78.6,78.2,74.7,77.9,63,75.3,77.3,77.4,144,66.3,64.8,7.32,16.3,71.2,22.4,37.8,31.2,43.4,50.6,30.4,7.05,9.18,124,32.5,6.33,47,7.2,52.3,13.7,36.1,6.34,8.41,66,65.6,36.1,6.95,6.35,8.04,19.3,6.94,1887.41
SDNetViews (w/out verification),94,96.4,139,80.4,8.68,79.4,15.7,78.8,78.9,78.1,78.7,122,69.2,6.51,27.7,61.9,12.8,8.36,21.2,13.3,30.6,47.3,48.4,64.6,7.92,36.4,8.49,15.2,26.3,8.27,26.5,46.9,6.16,11,6.93,60,20.8,55.7,6.16,28.8,136,24.7,1894.18
SDNetViews (w/out verification),93.5,96,139,80.1,8.65,79.1,15.6,78.5,78.7,77.9,78.5,121,69,6.49,27.6,61.6,12.8,8.33,21.2,13.2,30.5,47.1,48.2,64.4,7.88,36.2,8.45,15.1,26.2,8.24,26.3,46.8,6.15,11,6.91,59.9,20.8,55.5,6.14,28.7,136,24.6,1887.84
SDNetViews (w/out verification),12.2,76.8,79.5,77.2,78.1,77.5,70.1,73.2,77.6,78,112,140,5.54,9.44,10.6,5.23,35.1,32.7,7.83,10.9,5.15,32.6,22.3,27.2,56.3,56.3,5.08,46.4,17.3,14.4,112,21.5,5.05,56.4,55.5,44,12.3,123,5.04,22.6,55.5,37.4,1902.86
SDNetViews (w/out verification),12.1,76.5,79.3,77,77.8,77.3,69.9,73,77.4,77.7,112,139,5.51,9.41,10.6,5.2,35,32.6,7.8,10.9,5.13,32.4,22.2,27.1,56,56,5.06,46.2,17.3,14.3,112,21.5,5.04,56.1,55.3,43.8,12.2,123,5.03,22.5,55.2,37.2,1896.58
SDNetViews (w/out verification),80.3,72.1,83.3,82.2,71.2,82.8,71.3,76.4,83.9,82.9,81.5,81.9,56.8,18.3,36.4,26.3,6.63,16,9.3,6.86,34.5,11.2,38.5,7.43,24.7,7.4,20.4,40.6,40.9,16.6,9.79,8.98,6.28,6.42,63.8,36,77.2,139,7.35,70,37.7,63.3,1894.44
SDNetViews (w/out verification),80.1,71.9,83.1,82,71,82.6,71,76.2,83.7,82.6,81.4,81.7,56.5,18.2,36.3,26.1,6.6,16,9.26,6.84,34.4,11.2,38.2,7.41,24.7,7.36,20.3,40.5,40.9,16.6,9.75,8.95,6.27,6.38,63.6,36,76.9,139,7.32,69.8,37.6,63.1,1889.34
SDNetViews (w/out verification),69.9,73.1,73.4,77.3,91.4,75.3,118,67.5,79.1,77.3,73.7,76.9,23.2,25.9,6.15,27.3,20.4,12.3,6.42,24.7,64.7,7.66,40.4,26.1,25.9,27.1,5.89,47.8,16.5,191,50.6,34.4,6.15,28.6,65.3,21.7,34.3,31.8,5.9,26.6,21.9,23.8,1903.37
SDNetViews (w/out verification),69.7,72.9,73.3,77.2,91,75.1,117,67.4,78.9,77.1,73.5,76.7,23.1,25.6,6.12,27.2,20.4,12.3,6.4,24.6,64.6,7.63,40.2,26,25.8,27,5.88,47.7,16.4,190,50.5,34.4,6.13,28.5,65.1,21.6,34.2,31.7,5.89,26.5,21.8,23.7,1896.75
SDNetViews (w/out verification),8.79,116,139,79.5,77.4,78.5,68.1,73.3,77.8,77.9,78.3,78,23.8,15.8,22.7,41.2,22.3,56.8,7.79,6.02,5.86,7.52,5.39,8.23,30.1,56.9,5.15,6.23,42,56.8,104,39,5.13,51.2,23.3,37.2,56.8,114,5.12,57.2,22.8,13.4,1902.33
SDNetViews (w/out verification),8.77,115,138,79.3,77.1,78.3,67.9,73,77.6,77.6,77.9,77.9,23.7,15.8,22.6,40.9,22.2,56.7,7.75,5.98,5.82,7.49,5.36,8.19,30,56.6,5.13,6.2,41.8,56.5,104,38.8,5.12,51.1,23.2,37,56.6,113,5.11,57,22.7,13.4,1894.12
SDNetViews (w/out verification),75,75.9,77.8,78.5,62.3,64.4,73.3,7.06,77,210,74,75.8,7.05,41.2,26.9,8.39,27.9,24.3,33.2,11.2,29,70,69.2,39,26.9,57.9,6.69,70.3,45.3,7.75,13.8,33.9,6.31,59.2,11.6,63.3,7.03,67.8,6.32,13.1,28.3,33,1896.9
SDNetViews (w/out verification),74.8,75.7,77.6,78.2,62.2,64.3,73.1,7.04,76.8,209,73.9,75.6,7,41.1,26.8,8.37,27.9,24.2,33,11.2,28.9,69.7,69,38.9,26.8,57.5,6.67,70.1,45.2,7.72,13.7,33.9,6.28,59,11.5,63.1,7,67.6,6.31,13,28.2,32.9,1890.79
SDNetViews (w/out verification),70.1,39.1,77.2,78,77.8,75.7,39.4,72.6,78,78.6,127,136,32.2,5.18,53.2,4.83,9.04,51.1,24.1,4.78,4.81,31.3,9.05,31,18.3,46.1,4.78,6.52,5.23,5.04,104,51,4.8,19.7,139,19.9,32.3,104,4.74,17.7,52.4,51.9,1897.5
SDNetViews (w/out verification),69.9,39,77,77.8,77.6,75.5,39.3,72.4,77.8,78.4,127,135,32,5.16,52.9,4.8,9,51,24,4.76,4.77,31.2,8.99,30.9,18.2,45.9,4.77,6.49,5.19,5.01,104,50.8,4.76,19.6,138,19.8,32.1,104,4.72,17.6,52.1,51.5,1890.72
SDNetViews (w/out verification),81.2,77.8,85.6,82.9,84.2,66,78.6,65.2,82.3,83.2,80.8,81,9.94,7.72,18.9,57.7,9.96,16,7.04,5.56,25.1,11.4,11,22.4,7.47,6.37,5.07,8.11,5.55,13.2,17.1,18.6,5.07,35.4,13.3,6.37,218,145,6.92,87.7,122,23.7,1896.45
SDNetViews (w/out verification),81,77.5,85.4,82.7,83.9,65.9,78.5,65.1,82.1,82.9,80.6,80.8,9.91,7.67,18.8,57.6,9.91,16,7,5.53,25,11.3,10.9,22.3,7.44,6.34,5.07,8.07,5.53,13.2,17.1,18.5,5.06,35.3,13.2,6.33,217,144,6.89,87.2,122,23.6,1890.15
SDNetViews (w/out verification),69.4,72.1,76.1,191,66.1,77.5,75.8,26.4,76.8,76.8,66.8,77.2,8.76,48.5,118,33.7,67,67.4,40.6,6.71,42.8,6.79,8.46,6.98,30.1,65.9,6.99,7.51,42.3,33,13.3,58.2,27.1,15.9,7.76,66.4,35.6,29.1,6.09,7.95,13.5,23.7,1898.1
SDNetViews (w/out verification),69.3,71.9,75.9,190,66,77.1,75.6,26.3,76.6,76.7,66.7,76.9,8.72,48.4,118,33.5,66.8,67.2,40.4,6.67,42.6,6.76,8.41,6.93,29.9,65.7,6.96,7.47,42.1,32.9,13.3,58.1,27,15.8,7.74,66.1,35.5,29,6.06,7.92,13.4,23.7,1892.04
SDNetViews (w/out verification),79,45.3,53.6,142,78.2,130,80.6,39.2,79.2,79.5,77.5,68,35.1,39.6,48.3,62.8,22.5,18.4,27.7,9.52,47.4,6.53,27.6,44.1,7.63,55.7,6.35,8.74,69.1,6.36,14.4,65.3,6.33,6.69,16.2,28.9,41.3,24,11.8,65.1,69.7,53.7,1898.95
SDNetViews (w/out verification),78.8,45.2,53.5,142,78,130,80.3,39.1,79,79.3,77.4,67.8,34.9,39.5,48.2,62.6,22.5,18.4,27.6,9.47,47.3,6.5,27.6,43.9,7.58,55.5,6.33,8.7,68.8,6.32,14.4,65,6.31,6.65,16.1,28.8,41.2,23.9,11.7,64.9,69.5,53.5,1894.06
SDNetViews (w/out verification),68.3,122,73.3,72.9,172,53,53.8,54.2,74,65.8,74.3,67,5.62,25.8,6.31,46.8,11.2,7.59,14.9,54.4,5.22,28,4.99,13,13,59.7,9.81,13.9,7.8,19.8,54.5,159,4.94,12.9,52.9,59.2,21.8,21.4,6.04,164,20.8,23.8,1899.72
SDNetViews (w/out verification),68.2,121,73,72.7,171,52.9,53.6,54.1,73.7,65.6,74.1,66.8,5.59,25.7,6.28,46.7,11.2,7.55,14.8,54.1,5.18,27.9,4.96,12.9,13,59.3,9.77,13.9,7.76,19.7,54.2,159,4.92,12.8,52.6,58.9,21.7,21.3,6.03,163,20.7,23.7,1891.84
SDNetViews (w/out verification),83.4,83.1,84.5,83.1,78.6,82.5,77.2,44.1,117,81.5,52.4,83,5.4,15.9,14.6,55.6,7.86,55.5,55.6,29.5,11,5.3,10.7,55.4,55.2,54.7,5,154,38.4,54.6,12.6,11.7,5.1,44.3,12.5,19.7,36.2,55.1,5,23.7,12.4,28.5,1901.46
SDNetViews (w/out verification),83.2,82.9,84.3,82.9,78.4,82.3,77,44,116,81.4,52.3,82.8,5.37,15.8,14.5,55.4,7.83,55.3,55.4,29.3,11,5.27,10.6,55.2,55,54.5,4.98,154,38.3,54.4,12.5,11.6,5.07,44.1,12.4,19.6,36,54.9,4.98,23.6,12.3,28.4,1895.1