no_flush,288360.0,401.0,265.0,314.0,316.0,395.0,404.0,349.0,329.0,275.0,354.0,388.0,348.0,330.0,337.0,362.0,310.0,300.0,283.0,310.0,342.0,297.0,353.0,326.0,271.0,361.0,339.0,266.0,295.0,333.0,329.0,250.0,358.0,316.0,236.0,360.0,295.0,270.0,157.0,332.0,262.0,266.0,371.0,291.0,301.0,258.0,267.0,244.0,324.0,343.0,270.0,290.0,369.0,345.0,273.0,265.0,287.0,266.0,221.0,265.0
no_flush,333.0,229.0,244.0,222.0,160.0,262.0,239.0,242.0,313.0,244.0,237.0,236.0,580.0,222.0,251.0,246.0,229.0,242.0,229.0,251.0,239.0,227.0,822.0,312.0,312.0,312.0,286.0,295.0,285.0,277.0,352.0,276.0,279.0,294.0,300.0,295.0,301.0,292.0,342.0,287.0,301.0,266.0,294.0,304.0,316.0,379.0,330.0,319.0,287.0,290.0,276.0,288.0,334.0,279.0,303.0,275.0,281.0,282.0,274.0,332.0
no_flush,324.0,266.0,272.0,258.0,283.0,293.0,279.0,272.0,298.0,285.0,330.0,298.0,294.0,259.0,309.0,284.0,276.0,380.0,245.0,269.0,269.0,297.0,245.0,308.0,341.0,240.0,238.0,252.0,229.0,250.0,250.0,312.0,317.0,226.0,255.0,280.0,259.0,258.0,208.0,252.0,259.0,260.0,340.0,176.0,257.0,258.0,250.0,254.0,253.0,256.0,249.0,268.0,259.0,259.0,259.0,255.0,255.0,256.0,231.0,247.0
no_flush,242.0,228.0,277.0,228.0,245.0,416.0,242.0,249.0,250.0,301.0,261.0,253.0,249.0,248.0,246.0,252.0,289.0,264.0,252.0,266.0,276.0,258.0,250.0,266.0,251.0,256.0,250.0,270.0,307.0,257.0,257.0,247.0,281.0,251.0,256.0,286.0,295.0,269.0,300.0,280.0,256.0,245.0,333.0,251.0,310.0,245.0,281.0,262.0,263.0,312.0,252.0,286.0,260.0,296.0,254.0,253.0,322.0,259.0,255.0,256.0
no_flush,350.0,234.0,279.0,251.0,354.0,259.0,252.0,254.0,300.0,252.0,252.0,302.0,265.0,378.0,245.0,246.0,256.0,258.0,250.0,245.0,239.0,244.0,267.0,249.0,249.0,249.0,243.0,254.0,246.0,241.0,254.0,348.0,273.0,250.0,308.0,232.0,268.0,242.0,227.0,252.0,232.0,217.0,258.0,252.0,244.0,230.0,225.0,223.0,226.0,232.0,224.0,227.0,220.0,254.0,240.0,279.0,226.0,231.0,227.0,235.0
no_flush,244.0,214.0,222.0,216.0,235.0,237.0,222.0,219.0,261.0,252.0,224.0,236.0,239.0,220.0,238.0,229.0,214.0,256.0,238.0,266.0,255.0,227.0,215.0,231.0,273.0,227.0,279.0,260.0,258.0,237.0,233.0,252.0,245.0,252.0,276.0,239.0,224.0,215.0,259.0,243.0,226.0,248.0,233.0,219.0,292.0,255.0,220.0,212.0,251.0,245.0,232.0,278.0,251.0,217.0,237.0,224.0,225.0,279.0,310.0,244.0
no_flush,299.0,210.0,225.0,262.0,239.0,229.0,223.0,230.0,230.0,230.0,589.0,239.0,221.0,258.0,236.0,226.0,214.0,222.0,265.0,235.0,230.0,270.0,266.0,252.0,246.0,265.0,254.0,238.0,219.0,234.0,222.0,221.0,254.0,248.0,247.0,229.0,231.0,217.0,212.0,297.0,252.0,222.0,226.0,223.0,332.0,231.0,263.0,248.0,226.0,239.0,225.0,306.0,219.0,253.0,281.0,224.0,222.0,229.0,222.0,262.0
no_flush,250.0,215.0,251.0,259.0,241.0,250.0,226.0,221.0,222.0,249.0,257.0,227.0,213.0,235.0,266.0,246.0,262.0,268.0,237.0,251.0,225.0,223.0,215.0,216.0,271.0,215.0,241.0,219.0,223.0,257.0,252.0,261.0,214.0,271.0,229.0,214.0,226.0,213.0,239.0,259.0,229.0,250.0,228.0,213.0,233.0,254.0,217.0,214.0,214.0,270.0,238.0,258.0,225.0,228.0,234.0,216.0,216.0,217.0,254.0,264.0
no_flush,236.0,342.0,220.0,285.0,247.0,247.0,225.0,216.0,223.0,266.0,230.0,296.0,267.0,217.0,253.0,251.0,221.0,227.0,213.0,244.0,226.0,222.0,262.0,222.0,262.0,260.0,229.0,233.0,204.0,227.0,214.0,232.0,256.0,221.0,230.0,257.0,231.0,214.0,210.0,276.0,235.0,223.0,241.0,222.0,235.0,242.0,256.0,212.0,213.0,230.0,216.0,230.0,222.0,215.0,245.0,228.0,260.0,233.0,253.0,256.0
no_flush,295.0,203.0,267.0,252.0,316.0,275.0,262.0,222.0,228.0,238.0,257.0,218.0,274.0,208.0,238.0,213.0,207.0,224.0,211.0,299.0,379.0,265.0,228.0,288.0,282.0,218.0,254.0,324.0,211.0,236.0,227.0,214.0,238.0,260.0,245.0,220.0,216.0,221.0,210.0,227.0,291.0,233.0,225.0,241.0,260.0,231.0,235.0,273.0,230.0,229.0,213.0,247.0,222.0,222.0,266.0,212.0,206.0,217.0,215.0,224.0
no_flush,316.0,373.0,389.0,295.0,228.0,252.0,239.0,222.0,220.0,226.0,276.0,224.0,219.0,211.0,228.0,219.0,260.0,227.0,211.0,224.0,223.0,233.0,214.0,225.0,227.0,221.0,226.0,233.0,213.0,226.0,240.0,260.0,253.0,240.0,231.0,219.0,264.0,241.0,277.0,241.0,218.0,210.0,238.0,219.0,254.0,224.0,256.0,234.0,225.0,231.0,215.0,241.0,283.0,210.0,263.0,242.0,264.0,232.0,216.0,282.0
no_flush,273.0,271.0,312.0,229.0,236.0,225.0,211.0,213.0,214.0,265.0,219.0,264.0,247.0,216.0,231.0,217.0,244.0,222.0,212.0,224.0,221.0,244.0,233.0,216.0,231.0,215.0,210.0,215.0,235.0,232.0,221.0,209.0,248.0,216.0,276.0,215.0,215.0,212.0,225.0,230.0,215.0,234.0,269.0,239.0,234.0,227.0,208.0,208.0,230.0,234.0,215.0,219.0,260.0,223.0,245.0,284.0,270.0,284.0,235.0,245.0
no_flush,264.0,203.0,249.0,216.0,226.0,258.0,228.0,255.0,230.0,233.0,216.0,218.0,209.0,212.0,227.0,214.0,204.0,235.0,235.0,234.0,221.0,210.0,205.0,219.0,231.0,218.0,213.0,253.0,239.0,231.0,221.0,213.0,210.0,225.0,234.0,244.0,289.0,249.0,238.0,240.0,219.0,209.0,218.0,278.0,231.0,229.0,255.0,248.0,226.0,274.0,245.0,278.0,220.0,214.0,257.0,241.0,213.0,278.0,372.0,257.0
no_flush,280.0,209.0,254.0,248.0,236.0,291.0,215.0,212.0,236.0,248.0,217.0,224.0,437.0,241.0,252.0,219.0,208.0,220.0,214.0,386.0,231.0,216.0,210.0,255.0,338.0,257.0,228.0,220.0,215.0,333.0,239.0,243.0,253.0,227.0,330.0,239.0,218.0,212.0,208.0,341.0,223.0,258.0,218.0,255.0,352.0,285.0,279.0,215.0,223.0,238.0,211.0,219.0,284.0,285.0,227.0,214.0,216.0,214.0,241.0,243.0
no_flush,275.0,206.0,230.0,229.0,243.0,228.0,233.0,241.0,258.0,248.0,215.0,232.0,235.0,232.0,239.0,215.0,246.0,232.0,257.0,267.0,219.0,234.0,235.0,232.0,237.0,238.0,248.0,271.0,254.0,246.0,225.0,237.0,238.0,290.0,245.0,218.0,251.0,244.0,269.0,286.0,220.0,303.0,233.0,237.0,243.0,225.0,231.0,235.0,290.0,291.0,215.0,230.0,235.0,257.0,240.0,237.0,237.0,242.0,266.0,259.0
no_flush,242.0,209.0,229.0,230.0,252.0,229.0,236.0,235.0,236.0,259.0,223.0,238.0,250.0,238.0,244.0,233.0,235.0,232.0,236.0,247.0,228.0,256.0,258.0,226.0,262.0,220.0,235.0,236.0,230.0,267.0,223.0,235.0,277.0,233.0,264.0,222.0,266.0,250.0,277.0,298.0,220.0,237.0,232.0,251.0,263.0,228.0,230.0,235.0,224.0,246.0,219.0,230.0,231.0,231.0,261.0,235.0,235.0,234.0,229.0,244.0
no_flush,281.0,206.0,225.0,231.0,246.0,236.0,238.0,230.0,229.0,262.0,223.0,245.0,233.0,247.0,248.0,218.0,255.0,242.0,237.0,269.0,243.0,238.0,236.0,236.0,251.0,217.0,257.0,245.0,249.0,286.0,284.0,254.0,252.0,246.0,249.0,218.0,259.0,231.0,236.0,248.0,261.0,245.0,235.0,266.0,260.0,226.0,238.0,227.0,224.0,253.0,289.0,232.0,232.0,228.0,247.0,225.0,227.0,260.0,236.0,246.0
no_flush,252.0,249.0,243.0,230.0,249.0,259.0,225.0,267.0,235.0,246.0,222.0,235.0,232.0,227.0,230.0,251.0,248.0,271.0,233.0,251.0,216.0,230.0,233.0,252.0,243.0,255.0,268.0,239.0,269.0,257.0,224.0,232.0,237.0,234.0,249.0,261.0,247.0,243.0,232.0,243.0,218.0,237.0,273.0,230.0,252.0,243.0,246.0,236.0,227.0,294.0,237.0,235.0,238.0,229.0,247.0,267.0,252.0,245.0,239.0,250.0
no_flush,249.0,204.0,226.0,230.0,247.0,222.0,249.0,231.0,225.0,244.0,250.0,237.0,246.0,239.0,236.0,210.0,242.0,225.0,230.0,252.0,272.0,269.0,243.0,230.0,245.0,217.0,218.0,230.0,231.0,246.0,285.0,257.0,245.0,239.0,247.0,241.0,218.0,231.0,231.0,235.0,234.0,225.0,229.0,300.0,249.0,231.0,274.0,256.0,260.0,257.0,248.0,232.0,231.0,302.0,231.0,232.0,212.0,230.0,268.0,234.0
no_flush,287.0,204.0,222.0,137.0,232.0,280.0,259.0,256.0,250.0,246.0,241.0,222.0,233.0,244.0,229.0,276.0,304.0,240.0,246.0,262.0,244.0,222.0,287.0,216.0,231.0,232.0,259.0,234.0,240.0,232.0,431.0,217.0,613.0,341.0,300.0,309.0,330.0,312.0,298.0,281.0,288.0,253.0,292.0,303.0,295.0,266.0,296.0,313.0,243.0,286.0,287.0,272.0,282.0,289.0,318.0,347.0,300.0,328.0,276.0,264.0
no_flush,307.0,233.0,277.0,314.0,359.0,275.0,260.0,266.0,265.0,269.0,262.0,276.0,292.0,279.0,342.0,275.0,280.0,387.0,401.0,264.0,272.0,250.0,287.0,279.0,276.0,281.0,263.0,261.0,264.0,271.0,265.0,312.0,251.0,234.0,237.0,232.0,221.0,232.0,239.0,234.0,281.0,219.0,232.0,233.0,235.0,231.0,215.0,288.0,236.0,237.0,232.0,215.0,253.0,282.0,299.0,235.0,260.0,236.0,330.0,236.0
no_flush,245.0,202.0,222.0,241.0,244.0,278.0,223.0,262.0,236.0,235.0,249.0,223.0,228.0,238.0,250.0,240.0,234.0,271.0,241.0,238.0,234.0,225.0,227.0,242.0,233.0,281.0,217.0,253.0,277.0,232.0,233.0,217.0,223.0,235.0,230.0,265.0,219.0,256.0,245.0,231.0,268.0,231.0,273.0,249.0,234.0,235.0,221.0,220.0,239.0,270.0,293.0,234.0,225.0,237.0,231.0,238.0,245.0,228.0,237.0,233.0
no_flush,254.0,205.0,223.0,243.0,242.0,266.0,323.0,230.0,242.0,247.0,236.0,224.0,258.0,321.0,240.0,237.0,233.0,229.0,285.0,263.0,235.0,223.0,246.0,242.0,242.0,243.0,248.0,235.0,240.0,231.0,230.0,216.0,227.0,245.0,235.0,240.0,222.0,230.0,238.0,229.0,237.0,220.0,228.0,244.0,237.0,159.0,224.0,232.0,237.0,234.0,233.0,220.0,228.0,244.0,239.0,243.0,216.0,220.0,246.0,239.0
no_flush,282.0,204.0,228.0,240.0,234.0,226.0,218.0,235.0,242.0,247.0,249.0,219.0,233.0,241.0,245.0,230.0,210.0,242.0,308.0,252.0,236.0,245.0,246.0,243.0,234.0,246.0,234.0,230.0,243.0,258.0,238.0,216.0,230.0,233.0,284.0,227.0,221.0,236.0,277.0,236.0,230.0,230.0,229.0,237.0,234.0,243.0,226.0,232.0,239.0,232.0,231.0,238.0,232.0,248.0,242.0,317.0,257.0,220.0,237.0,257.0
no_flush,237.0,205.0,264.0,245.0,260.0,234.0,215.0,241.0,267.0,239.0,229.0,219.0,228.0,239.0,259.0,263.0,233.0,230.0,238.0,234.0,221.0,295.0,222.0,234.0,256.0,243.0,236.0,227.0,231.0,263.0,230.0,231.0,213.0,237.0,251.0,254.0,270.0,220.0,231.0,225.0,225.0,234.0,226.0,281.0,256.0,248.0,238.0,219.0,233.0,235.0,327.0,271.0,229.0,243.0,255.0,230.0,232.0,214.0,237.0,230.0
no_flush,241.0,231.0,231.0,243.0,237.0,348.0,226.0,295.0,234.0,255.0,262.0,228.0,232.0,243.0,321.0,282.0,222.0,219.0,234.0,229.0,258.0,226.0,228.0,229.0,225.0,256.0,221.0,223.0,275.0,221.0,258.0,878.0,230.0,230.0,235.0,290.0,232.0,222.0,236.0,232.0,260.0,274.0,227.0,242.0,245.0,260.0,239.0,227.0,242.0,240.0,258.0,248.0,235.0,239.0,238.0,265.0,236.0,229.0,242.0,237.0
no_flush,239.0,219.0,219.0,267.0,241.0,248.0,246.0,235.0,247.0,240.0,273.0,228.0,228.0,241.0,235.0,296.0,246.0,263.0,238.0,238.0,236.0,235.0,226.0,244.0,272.0,254.0,255.0,232.0,239.0,278.0,228.0,229.0,221.0,235.0,238.0,255.0,233.0,226.0,243.0,237.0,285.0,274.0,253.0,245.0,243.0,257.0,249.0,228.0,250.0,239.0,238.0,236.0,226.0,239.0,245.0,239.0,279.0,292.0,243.0,238.0
no_flush,246.0,312.0,247.0,246.0,241.0,235.0,245.0,218.0,243.0,341.0,236.0,265.0,240.0,242.0,241.0,238.0,310.0,230.0,238.0,232.0,246.0,245.0,225.0,253.0,231.0,234.0,236.0,226.0,247.0,238.0,230.0,264.0,264.0,236.0,250.0,269.0,241.0,228.0,248.0,235.0,244.0,234.0,233.0,240.0,232.0,235.0,235.0,249.0,241.0,233.0,234.0,258.0,233.0,238.0,239.0,240.0,232.0,221.0,234.0,248.0
no_flush,258.0,274.0,225.0,242.0,241.0,238.0,300.0,243.0,370.0,249.0,244.0,234.0,252.0,300.0,241.0,255.0,255.0,246.0,241.0,239.0,277.0,240.0,245.0,278.0,234.0,237.0,258.0,278.0,252.0,248.0,239.0,246.0,228.0,238.0,290.0,247.0,235.0,261.0,247.0,242.0,250.0,318.0,224.0,268.0,241.0,242.0,235.0,259.0,290.0,251.0,250.0,243.0,228.0,240.0,238.0,288.0,243.0,263.0,235.0,242.0
no_flush,349.0,225.0,255.0,248.0,241.0,235.0,285.0,232.0,245.0,240.0,249.0,236.0,256.0,283.0,239.0,243.0,235.0,226.0,241.0,237.0,240.0,235.0,259.0,244.0,232.0,278.0,269.0,288.0,254.0,248.0,252.0,244.0,263.0,262.0,287.0,255.0,240.0,237.0,255.0,256.0,255.0,281.0,260.0,311.0,252.0,245.0,251.0,232.0,248.0,245.0,243.0,407.0,254.0,245.0,234.0,262.0,235.0,257.0,231.0,237.0
no_flush,272.0,223.0,244.0,262.0,241.0,250.0,276.0,262.0,252.0,240.0,274.0,241.0,233.0,251.0,250.0,303.0,242.0,226.0,241.0,274.0,264.0,239.0,259.0,254.0,238.0,239.0,232.0,254.0,251.0,264.0,264.0,245.0,230.0,275.0,243.0,248.0,285.0,233.0,276.0,241.0,243.0,239.0,223.0,234.0,241.0,282.0,241.0,226.0,252.0,238.0,244.0,242.0,271.0,305.0,232.0,234.0,237.0,231.0,260.0,279.0
no_flush,290.0,231.0,225.0,294.0,258.0,243.0,237.0,230.0,241.0,242.0,235.0,232.0,239.0,256.0,250.0,272.0,258.0,246.0,238.0,252.0,245.0,234.0,235.0,256.0,248.0,244.0,244.0,244.0,247.0,236.0,244.0,246.0,239.0,261.0,255.0,259.0,242.0,248.0,266.0,232.0,243.0,240.0,229.0,237.0,239.0,234.0,240.0,236.0,239.0,229.0,240.0,235.0,256.0,251.0,256.0,235.0,231.0,231.0,235.0,231.0
no_flush,249.0,234.0,238.0,288.0,335.0,248.0,244.0,238.0,245.0,284.0,306.0,326.0,242.0,249.0,248.0,241.0,244.0,283.0,237.0,265.0,260.0,242.0,252.0,244.0,228.0,242.0,248.0,246.0,240.0,251.0,236.0,236.0,241.0,247.0,241.0,242.0,257.0,163.0,244.0,260.0,248.0,246.0,235.0,241.0,270.0,246.0,245.0,252.0,246.0,239.0,249.0,248.0,244.0,244.0,252.0,229.0,245.0,250.0,232.0,259.0
no_flush,250.0,238.0,235.0,257.0,257.0,269.0,256.0,245.0,327.0,247.0,250.0,282.0,235.0,244.0,316.0,238.0,245.0,245.0,235.0,244.0,244.0,231.0,236.0,243.0,248.0,291.0,290.0,241.0,244.0,248.0,253.0,252.0,288.0,298.0,258.0,277.0,264.0,258.0,260.0,284.0,296.0,255.0,250.0,241.0,244.0,262.0,282.0,290.0,250.0,239.0,259.0,252.0,240.0,250.0,288.0,259.0,262.0,246.0,239.0,262.0
no_flush,312.0,226.0,224.0,267.0,284.0,243.0,241.0,222.0,242.0,239.0,264.0,282.0,230.0,246.0,242.0,228.0,238.0,254.0,268.0,279.0,262.0,233.0,235.0,252.0,238.0,273.0,283.0,239.0,245.0,240.0,255.0,246.0,230.0,278.0,240.0,238.0,237.0,267.0,248.0,241.0,252.0,255.0,252.0,234.0,255.0,257.0,232.0,255.0,242.0,235.0,271.0,339.0,239.0,246.0,245.0,233.0,237.0,251.0,304.0,272.0
no_flush,273.0,227.0,246.0,234.0,246.0,241.0,250.0,322.0,257.0,250.0,253.0,241.0,247.0,255.0,305.0,252.0,268.0,256.0,237.0,241.0,244.0,323.0,250.0,248.0,248.0,239.0,264.0,301.0,298.0,245.0,245.0,241.0,255.0,252.0,291.0,252.0,276.0,253.0,254.0,260.0,247.0,274.0,243.0,237.0,243.0,236.0,240.0,244.0,280.0,233.0,248.0,240.0,240.0,247.0,244.0,290.0,266.0,252.0,249.0,246.0
no_flush,243.0,239.0,331.0,245.0,249.0,243.0,243.0,247.0,272.0,235.0,245.0,267.0,244.0,259.0,247.0,281.0,300.0,255.0,255.0,247.0,243.0,259.0,299.0,256.0,256.0,255.0,257.0,257.0,262.0,294.0,255.0,269.0,267.0,283.0,306.0,254.0,251.0,253.0,242.0,241.0,234.0,240.0,249.0,230.0,242.0,247.0,236.0,243.0,250.0,280.0,268.0,243.0,258.0,253.0,249.0,247.0,255.0,283.0,319.0,251.0
no_flush,242.0,251.0,264.0,312.0,251.0,274.0,262.0,267.0,251.0,246.0,287.0,258.0,244.0,245.0,259.0,233.0,234.0,262.0,237.0,241.0,240.0,238.0,238.0,269.0,237.0,239.0,241.0,263.0,236.0,238.0,280.0,244.0,239.0,246.0,231.0,236.0,238.0,272.0,248.0,247.0,233.0,238.0,247.0,236.0,273.0,271.0,234.0,261.0,251.0,166.0,237.0,236.0,233.0,234.0,237.0,238.0,231.0,263.0,243.0,234.0
no_flush,253.0,226.0,261.0,245.0,267.0,255.0,241.0,246.0,283.0,251.0,250.0,243.0,305.0,249.0,252.0,256.0,234.0,240.0,248.0,279.0,240.0,234.0,253.0,249.0,246.0,258.0,266.0,244.0,248.0,244.0,245.0,246.0,253.0,260.0,258.0,242.0,273.0,299.0,257.0,237.0,266.0,275.0,243.0,259.0,250.0,245.0,247.0,249.0,238.0,241.0,251.0,245.0,245.0,270.0,261.0,246.0,302.0,243.0,242.0,248.0
no_flush,246.0,227.0,273.0,258.0,244.0,272.0,461.0,280.0,564.0,302.0,312.0,295.0,350.0,307.0,301.0,323.0,292.0,335.0,348.0,287.0,307.0,290.0,311.0,347.0,319.0,329.0,298.0,309.0,322.0,338.0,329.0,281.0,273.0,285.0,363.0,316.0,302.0,269.0,302.0,289.0,271.0,267.0,269.0,279.0,283.0,265.0,269.0,326.0,280.0,301.0,289.0,275.0,278.0,288.0,272.0,289.0,328.0,272.0,298.0,283.0
no_flush,315.0,260.0,268.0,303.0,301.0,278.0,315.0,309.0,235.0,232.0,239.0,251.0,198.0,236.0,256.0,238.0,247.0,258.0,246.0,242.0,242.0,246.0,243.0,239.0,258.0,240.0,247.0,244.0,301.0,247.0,267.0,273.0,249.0,240.0,238.0,368.0,246.0,222.0,234.0,247.0,234.0,242.0,244.0,227.0,258.0,258.0,236.0,241.0,280.0,262.0,239.0,329.0,326.0,332.0,259.0,252.0,272.0,147.0,233.0,235.0
no_flush,261.0,242.0,248.0,270.0,234.0,239.0,233.0,241.0,245.0,248.0,251.0,242.0,240.0,232.0,236.0,288.0,244.0,246.0,230.0,257.0,251.0,244.0,249.0,238.0,275.0,241.0,225.0,239.0,271.0,261.0,253.0,238.0,274.0,222.0,233.0,321.0,238.0,232.0,223.0,307.0,240.0,238.0,267.0,230.0,242.0,238.0,274.0,237.0,227.0,229.0,265.0,252.0,237.0,267.0,237.0,229.0,247.0,240.0,227.0,234.0
no_flush,236.0,234.0,237.0,232.0,237.0,267.0,237.0,242.0,267.0,263.0,241.0,246.0,234.0,230.0,238.0,258.0,250.0,235.0,232.0,279.0,267.0,256.0,242.0,245.0,243.0,245.0,253.0,277.0,246.0,248.0,349.0,234.0,244.0,249.0,265.0,263.0,258.0,234.0,253.0,244.0,232.0,300.0,243.0,228.0,231.0,259.0,260.0,241.0,326.0,248.0,246.0,249.0,259.0,252.0,247.0,333.0,280.0,241.0,252.0,235.0
no_flush,245.0,287.0,247.0,254.0,238.0,242.0,267.0,246.0,271.0,253.0,259.0,258.0,275.0,286.0,237.0,269.0,249.0,241.0,240.0,237.0,270.0,242.0,237.0,240.0,231.0,236.0,242.0,315.0,241.0,236.0,241.0,235.0,242.0,250.0,226.0,235.0,256.0,231.0,235.0,235.0,234.0,261.0,136.0,261.0,239.0,273.0,237.0,243.0,248.0,228.0,311.0,260.0,282.0,239.0,240.0,239.0,238.0,245.0,247.0,265.0
no_flush,512.0,224.0,245.0,249.0,253.0,252.0,244.0,271.0,242.0,255.0,239.0,243.0,236.0,240.0,232.0,236.0,353.0,251.0,301.0,236.0,240.0,331.0,235.0,444.0,287.0,249.0,361.0,237.0,234.0,130.0,233.0,339.0,272.0,235.0,230.0,242.0,354.0,252.0,241.0,251.0,235.0,349.0,244.0,713.0,282.0,240.0,425.0,254.0,240.0,226.0,255.0,261.0,253.0,325.0,244.0,249.0,361.0,249.0,236.0,232.0
no_flush,290.0,211.0,217.0,216.0,235.0,302.0,218.0,229.0,213.0,211.0,215.0,214.0,220.0,215.0,213.0,215.0,215.0,219.0,211.0,292.0,216.0,214.0,223.0,216.0,213.0,215.0,283.0,218.0,214.0,216.0,214.0,216.0,238.0,304.0,213.0,218.0,212.0,219.0,215.0,211.0,302.0,216.0,253.0,221.0,266.0,220.0,213.0,225.0,212.0,212.0,238.0,212.0,245.0,222.0,241.0,213.0,213.0,216.0,213.0,215.0
no_flush,262.0,216.0,226.0,216.0,244.0,240.0,242.0,359.0,243.0,238.0,236.0,248.0,245.0,242.0,313.0,246.0,241.0,245.0,248.0,228.0,245.0,300.0,234.0,242.0,235.0,240.0,240.0,255.0,313.0,232.0,241.0,230.0,241.0,278.0,244.0,315.0,242.0,257.0,250.0,263.0,243.0,239.0,244.0,248.0,229.0,248.0,245.0,249.0,257.0,241.0,239.0,241.0,240.0,246.0,236.0,240.0,235.0,236.0,263.0,278.0
no_flush,281.0,215.0,218.0,217.0,244.0,319.0,231.0,241.0,248.0,233.0,242.0,248.0,330.0,251.0,265.0,242.0,232.0,242.0,243.0,273.0,241.0,241.0,237.0,260.0,255.0,234.0,276.0,242.0,235.0,239.0,242.0,229.0,246.0,259.0,236.0,178.0,243.0,288.0,245.0,239.0,245.0,244.0,262.0,263.0,274.0,251.0,250.0,258.0,257.0,237.0,254.0,261.0,205.0,229.0,273.0,317.0,237.0,245.0,248.0,232.0
no_flush,301.0,303.0,210.0,311.0,240.0,244.0,321.0,239.0,259.0,245.0,239.0,245.0,273.0,341.0,248.0,254.0,238.0,247.0,253.0,238.0,328.0,251.0,254.0,515.0,239.0,246.0,247.0,280.0,227.0,258.0,258.0,240.0,411.0,250.0,279.0,245.0,250.0,248.0,247.0,264.0,256.0,300.0,245.0,304.0,239.0,243.0,248.0,247.0,254.0,272.0,242.0,251.0,245.0,248.0,246.0,245.0,232.0,254.0,244.0,276.0
no_flush,324.0,201.0,206.0,204.0,236.0,212.0,205.0,217.0,203.0,202.0,203.0,245.0,208.0,205.0,232.0,211.0,209.0,212.0,239.0,204.0,203.0,205.0,236.0,203.0,206.0,242.0,203.0,203.0,204.0,228.0,200.0,203.0,207.0,201.0,234.0,216.0,208.0,248.0,203.0,200.0,200.0,206.0,209.0,200.0,240.0,210.0,204.0,209.0,202.0,201.0,247.0,204.0,206.0,205.0,230.0,211.0,207.0,271.0,200.0,204.0
